unit	function	size	fuzzy	verdict	reason
mario/Animal/boid	calcBoids__11TBoidLeaderFv	2184	96.09	UNSUPPORTED	stack: access inside address-taken object differs (P 272 vs Q 128)
mario/Animal/AnimalBase	SMS_Eular2Quat__FRCQ29JGeometry8TVec3<f>	424	96.97	DIFFERENT	block 0 return value f1 differs (0x1444 'bclr 20,lt,0')
mario/Animal/AnimalBase	init__11TAnimalBaseFP12TLiveManager	656	99.82	EQUIVALENT	L1: frame 152/112
mario/Animal/AnimalBase	perform__11TAnimalBaseFUlPQ26JDrama9TGraphics	824	92.54	UNSUPPORTED	stack: address-taken object layout differs (P 120 vs Q 120)
mario/Animal/AnimalBase	MsClamp<f>__Ffff	32	0.00	UNSUPPORTED	ours: symbol missing
mario/Animal/AnimalBase	execWalk__11TAnimalBaseFb	1020	90.25	UNSUPPORTED	cfg: 22 vs 26 blocks
mario/Animal/Bird	load__11TAnimalBirdFR20JSUMemoryInputStream	340	99.96	UNSUPPORTED	stack: address-taken object extent differs (P 52..72 vs Q 48..72)
mario/Animal/Bird	receiveMessage__11TAnimalBirdFP9THitActorUl	932	99.97	EQUIVALENT	L1
mario/Animal/Bird	moveObject__11TAnimalBirdFv	956	97.78	UNSUPPORTED	cfg: 55 vs 57 blocks
mario/Animal/Bird	doFlyToCurPathNode__11TAnimalBirdFv	896	95.35	DIFFERENT	block 9 effect 8 icall args differ: f1/f2/f3/f4/f5/f6/f7/f8: 0x276c 'bclrl 20,lt,0' vs 0x2f9c 'bclrl 20,lt,0'
mario/Animal/Bird	doLanding__11TAnimalBirdFb	964	93.40	DIFFERENT	block 6 effect 2 icall args differ: f4/f5/f6/f7/f8: 0x22ac 'bclrl 20,lt,0' vs 0x2944 'bclrl 20,lt,0'
mario/Animal/Bird	execute__28TNerveAnimalBirdWaitOnGroundCFP24TSpineBase<10TLiveActor>	680	99.94	EQUIVALENT	L1
mario/Animal/Bird	execute__28TNerveAnimalBirdWalkOnGroundCFP24TSpineBase<10TLiveActor>	896	93.12	UNSUPPORTED	stack: access inside address-taken object differs (P 72 vs Q 56)
mario/Animal/Bird	execute__27TNerveAnimalBirdGraphWanderCFP24TSpineBase<10TLiveActor>	800	99.76	EQUIVALENT	L1: frame 160/184
mario/Animal/BeeHive	reset__8TBeeHiveFv	936	99.80	EQUIVALENT	L1: frame 304/320
mario/Animal/BeeHive	load__8TBeeHiveFR20JSUMemoryInputStream	496	95.79	UNSUPPORTED	stack: address-taken object extent differs (P 80..208 vs Q 52..184)
mario/Animal/BeeHive	receiveMessage__8TBeeHiveFP9THitActorUl	920	98.80	UNSUPPORTED	stack: address-taken object layout differs (P 136 vs Q 120)
mario/Animal/BeeHive	bind__8TBeeHiveFv	608	99.78	EQUIVALENT	L1
mario/Animal/BeeHive	controlCollision__8TBeeHiveFv	192	89.58	EQUIVALENT	L2: saved 4/3 regs
mario/Animal/BeeHive	setSQ__Q29JGeometry64TRotation3<Q29JGeometry38TMatrix34<Q29JGeometry13SMatrix34C<f>>>FRCQ29JGeometry8TVec3<f>RCQ29JGeometry9TQuat4<f>	256	91.05	DIFFERENT	block 0 effect 2 address differs: 0x20a8 'lfs f7,0(r5)' vs 0x2f40 'lfs f0,12(r5)'
mario/Animal/BeeHive	doWait__8TBeeHiveFv	1676	95.47	UNSUPPORTED	stack: unpaired address-taken slot
mario/Animal/BeeHive	getCenterOfGravity__8TBeeHiveCFv	812	85.90	UNSUPPORTED	cfg: 11 vs 10 blocks
mario/Animal/BeeHive	execute__17TNerveBeeHiveWaitCFP24TSpineBase<10TLiveActor>	640	97.87	DIFFERENT	block 5 effect 12 address differs: 0x100c 'lwz r5,336(r31)' vs 0x12bc 'lwz r4,16(r31)'
mario/Animal/BeeHive	execute__18TNerveBeeHiveBreakCFP24TSpineBase<10TLiveActor>	660	93.99	UNSUPPORTED	stack: unpaired address-taken slot
mario/Animal/BeeHive	execute__19TNerveBeeHiveAttackCFP24TSpineBase<10TLiveActor>	912	95.61	UNSUPPORTED	stack: unpaired address-taken slot
mario/Animal/BeeHive	execute__25TNerveBeeHiveMarioWaterInCFP24TSpineBase<10TLiveActor>	748	94.50	UNSUPPORTED	stack: unpaired address-taken slot
mario/MSound/MAnmSound	startAnimSound__12MAnmSoundNPCFPvUlPP8JAISoundP8JAIActorUc	600	99.50	EQUIVALENT	L1
mario/MSound/MSound	setParameterSeqSync__12MSSeCallBackFPQ28JASystem6TTrackUs	1292	98.75	DIFFERENT	block 72 return value r4 differs (0x2ba0 'bclr 20,lt,0')
mario/MSound/MSound	exitStage__6MSoundFv	320	99.92	EQUIVALENT	L1
mario/MSound/MSound	__ct__6MSoundFP7JKRHeapP7JKRHeapUlPUcPUcUl	836	99.78	EQUIVALENT	L1: frame 136/128
mario/MSound/MSound	startMarioVoice__6MSoundFUlsUc	1768	99.82	UNSUPPORTED	stack: address-taken object extent differs (P 88..160 vs Q 52..120)
mario/MSound/MSoundScene	frameLoop__9MSSceneSEFUlP3VecUc	1048	96.82	DIFFERENT	block 25 effect 1 address differs: 0x3cc 'lwz r0,1064(r25)' vs 0x3d8 'lwz r0,0(r26)'
mario/MSound/MSoundScene	sortMaxTrans__9MSSceneSEFP3VecUcUc	468	99.27	DIFFERENT	block 2 effect 3: 0x64 'lwzx r4,r25,r28' vs 0x70 'lwz r4,0(r26)'
mario/MSound/MSoundSE	__sinit_MSoundSE_cpp	856	99.97	EQUIVALENT	L1: frame 56/16
mario/MSound/MSoundSE	__ct__29MSSetSoundTL<13MSSetSoundGrp>FUlPCcP13MSSetSoundGrpUcUcUcUcfUcffffflflfffb	600	99.79	EQUIVALENT	L1: frame 296/192
mario/MSound/MSoundSE	__ct__Q214MSoundSESystem9MSRandVolFUl	168	99.83	EQUIVALENT	L1: frame 32/24
mario/MSound/MSoundSE	getRandVol__Q214MSoundSESystem9MSRandVolFUl	124	99.29	DIFFERENT	block 0 effect 2 address differs: 0x2654 'lfs f3,28(r4)' vs 0x2eec 'lfs f2,44(r4)'
mario/MSound/MSoundSE	__ct__Q214MSoundSESystem10MSRandPlayFUlllff	160	99.62	EQUIVALENT	L1: frame 72/64
mario/MSound/MSoundSE	randPlay__Q214MSoundSESystem10MSRandPlayFUl	452	99.96	UNSUPPORTED	stack: address-taken object extent differs (P 20..64 vs Q 24..64)
mario/MSound/MSoundSE	construct__Q214MSoundSESystem8MSoundSEFv	4828	100.00	EQUIVALENT	L1
mario/MSound/MSoundSE	startSoundActorWithInfo__Q214MSoundSESystem8MSoundSEFUlPC3VecP3VecfUlUlPP8JAISoundUlUc	624	99.92	UNSUPPORTED	stack: address-taken object extent differs (P 80..136 vs Q 76..136)
mario/MSound/MSoundSE	startSoundActorInner__Q214MSoundSESystem8MSoundSEFUlPP8JAISoundP8JAIActorUlUc	960	99.98	EQUIVALENT	L1: frame 88/80
mario/MSound/MSoundSE	startSoundNpcActor__Q214MSoundSESystem8MSoundSEFUlPC3VecUlPP8JAISoundUlUc	272	99.72	UNSUPPORTED	stack: address-taken object extent differs (P 100..136 vs Q 88..120)
mario/MSound/MSoundStruct	startSoundSetDyna__29MSSetSoundTL<13MSSetSoundGrp>FUlPC3VecUlfUlUlUcP13MSSetSoundGrp	1868	98.41	UNSUPPORTED	cfg: 67 vs 68 blocks
mario/MSound/MSoundStruct	__ct__26MSSetSoundTL<10MSSetSound>FUlPCcP10MSSetSoundUcUcUcUcfUcffffflflfffb	600	99.79	EQUIVALENT	L1: frame 296/192
mario/MSound/MSoundStruct	startSoundSetDyna__26MSSetSoundTL<10MSSetSound>FUlPC3VecUlfUlUlUcP13MSSetSoundGrp	1868	98.41	UNSUPPORTED	cfg: 67 vs 68 blocks
mario/MSound/MSHandle	setSeDistanceVolume__8MSHandleFUc	248	99.76	EQUIVALENT	L1
mario/MSound/MSModBgm	modBgm__8MSModBgmFUcUc	252	96.51	EQUIVALENT	L2
mario/MSound/MSModBgm	xFadeBgm__10MSBgmXFadeFf	272	99.40	DIFFERENT	block 5 branch: 0x148 'bc 4,eq,150 <xFadeBgm__10MSBgmXFadeFf+0x74>' vs 0x1f4 'bc 4,eq,1fc <xFadeBgm__10MSBgmXFadeFf+0x74>'
mario/THPPlayer/THPAudioDecode	AudioDecoderForOnMemory__FPv	176	89.27	EQUIVALENT	L2
mario/Camera/CameraBGCheck	calcInHouseNo___15CPolarSubCameraFb	1600	97.31	UNSUPPORTED	stack: unpaired address-taken slot
mario/Camera/CameraBGCheck	isNeedGroundCheck___15CPolarSubCameraFv	364	99.78	EQUIVALENT	L1
mario/Camera/CameraBGCheck	execWallCheck___15CPolarSubCameraFP3Vec	564	99.87	DIFFERENT	block 17 effect 3: 0x3e0 'lfs f0,56(r5)' vs 0x3c4 'lwz r3,128(r28)'
mario/Camera/CameraBGCheck	execGroundCheck___15CPolarSubCameraF3Vec	336	99.98	EQUIVALENT	L1
mario/Camera/CameraChange	changeCamModeSub___15CPolarSubCameraFiib	1652	99.61	UNSUPPORTED	cfg: 91 vs 90 blocks
mario/Camera/CameraChange	execCameraModeChangeProc___15CPolarSubCameraFi	2544	99.99	EQUIVALENT	L1: frame 256/176
mario/Camera/cameragc	__ct__15CPolarSubCameraFPCc	1088	99.99	EQUIVALENT	L1
mario/Camera/cameragc	loadAfter__15CPolarSubCameraFv	2096	99.58	UNSUPPORTED	stack: address-taken object layout differs (P 220 vs Q 92)
mario/Camera/cameragc	calcSlopeAngleX___15CPolarSubCameraFPs	760	98.07	DIFFERENT	block 11 branch: 0x1be4 'bc 12,eq,1bec <calcSlopeAngleX___15CPolarSubCameraFPs+0xb4>' vs 0x1db4 'bc 12,eq,1dbc <calcSlopeAngleX___15CPolarSubCameraFPs+0xb4>'
mario/Camera/cameragc	calcPosAndAt___15CPolarSubCameraFv	4004	96.26	DIFFERENT	block 12 branch: 0xc9c 'bc 12,eq,cb8 <calcPosAndAt___15CPolarSubCameraFv+0x124>' vs 0xe64 'bc 12,eq,e80 <calcPosAndAt___15CPolarSubCameraFv+0x12c>'
mario/Camera/cameragc	perform__15CPolarSubCameraFUlPQ26JDrama9TGraphics	964	99.66	EQUIVALENT	L1: frame 104/64
mario/Camera/cameralib	CLBRotatePosAndUp__FssRCQ29JGeometry8TVec3<f>RCQ29JGeometry8TVec3<f>RCQ29JGeometry8TVec3<f>PQ29JGeometry8TVec3<f>PQ29JGeometry8TVec3<f>	1144	97.85	UNSUPPORTED	stack: address-taken object layout differs (P 512 vs Q 480)
mario/Camera/cameralib	CLBIsPointInCube__FRC3VecRC3VecRC3VecRC3Vec	508	98.94	EQUIVALENT	L1: frame 152/112
mario/Camera/cameralib	CLBCalcPointInCubeRatio__FRC3VecRC3VecRC3VecRC3VecPfPfPf	468	98.88	EQUIVALENT	L1: frame 176/128
mario/Camera/cameralib	CLBCalcNearNinePos__FPQ29JGeometry8TVec3<f>P6S16VecRCQ29JGeometry8TVec3<f>RCQ29JGeometry8TVec3<f>sfRCQ29JGeometry8TVec2<f>	1836	91.99	DIFFERENT	block 2 effect 1 call args differ: f1: 0x1a8 'bl 1a8 <CLBCalcNearNinePos__FPQ29JGeometry8TVec3<f>P6S16VecRCQ29JGeometry8TVec3<f>RCQ29JGeometry8TVec3<f>sfRCQ29JGeometry8TVec2<f>+0x1a8>' vs 0x2b4 'bl 2b4 <CLBCalcNearNinePos__FPQ29JGeometry8TVec3<f>P6S16VecRCQ29JGeometry8TVec3<f>RCQ29JGeometry8TVec3<f>sfRCQ29JGeometry8TVec2<f>+0x1ac>'
mario/Camera/CameraNotice	getNoticeActor___15CPolarSubCameraFv	824	97.08	DIFFERENT	block 42 return value f1 differs (0x91c 'bclr 20,lt,0')
mario/Camera/CameraNotice	calcNoticeTargetYrot___15CPolarSubCameraFRC3Vec	516	93.88	DIFFERENT	block 0 branch: 0x3b4 'bc 4,gt,4fc <calcNoticeTargetYrot___15CPolarSubCameraFRC3Vec+0x1dc>' vs 0x438 'bc 4,gt,580 <calcNoticeTargetYrot___15CPolarSubCameraFRC3Vec+0x1dc>'
mario/Camera/CameraNotice	ctrlLButtonCamera___15CPolarSubCameraFv	528	99.79	EQUIVALENT	L1: frame 112/80
mario/Camera/CameraNormal	ctrlNormalOrTowerCamera___15CPolarSubCameraFv	1204	98.32	DIFFERENT	block 41 effect 3 address differs: 0x36c 'lfsx f0,r4,r0' vs 0x364 'lfsx f0,r4,r0'
mario/Camera/lensflare	perform__10TLensFlareFUlPQ26JDrama9TGraphics	1512	94.83	UNSUPPORTED	stack: address-taken object layout differs (P 572 vs Q 164)
mario/Camera/lensglow	perform__9TLensGlowFUlPQ26JDrama9TGraphics	1328	99.11	UNSUPPORTED	stack: address-taken object extent differs (P 204..376 vs Q 200..376)
mario/Camera/CameraJetCoaster	ctrlJetCoasterCamera___15CPolarSubCameraFv	2784	97.79	DIFFERENT	block 3 effect 0: 0x124 'lhz r3,0(r4)' vs 0x280 'sth r0,0(r4)'
mario/Camera/CameraDemo	updateDemoCamera___15CPolarSubCameraFb	852	99.73	EQUIVALENT	L1
mario/Enemy/conductor	isBossDefeated__10TConductorFv	480	98.83	UNSUPPORTED	cfg: 29 vs 28 blocks
mario/Enemy/conductor	genEnemyFromPollution__10TConductorFv	844	99.91	UNSUPPORTED	stack: address-taken object layout differs (P 140 vs Q 136)
mario/Enemy/effectObj	perform__14TEffectObjBaseFUlPQ26JDrama9TGraphics	88	90.77	EQUIVALENT	L1: frame 32/8, saved 1/0 regs
mario/Enemy/effectObj	moveObject__14TEffectObjBaseFv	464	98.84	DIFFERENT	block 3 effect 1 call args differ: f1/f2: 0x1d44 'bl 1d44 <moveObject__14TEffectObjBaseFv+0xa4>' vs 0x22b0 'bl 22b0 <moveObject__14TEffectObjBaseFv+0xa4>'
mario/Enemy/effectObj	generate__17TEffectColumWaterFRQ29JGeometry8TVec3<f>RQ29JGeometry8TVec3<f>	312	91.95	DIFFERENT	block 0 effect 12: 0x1128 'stw r3,36(r29)' vs 0x13dc 'lwz r0,32(r1)'
mario/Enemy/emario	load__7TEMarioFR20JSUMemoryInputStream	720	99.89	UNSUPPORTED	stack: address-taken object layout differs (P 192 vs Q 124)
mario/Enemy/emario	init__7TEMarioFP12TLiveManager	436	99.92	EQUIVALENT	L1: frame 136/96
mario/Enemy/emario	perform__7TEMarioFUlPQ26JDrama9TGraphics	752	98.18	EQUIVALENT	L2: frame 304/328
mario/Enemy/enemy	calcEnemyRootMatrix__11TSpineEnemyFv	956	97.78	EQUIVALENT	L1: frame 296/272
mario/Enemy/enemy	calcTurnSpeedToReach__11TSpineEnemyCFff	224	99.41	EQUIVALENT	L1: frame 48/40
mario/Enemy/enemy	goToShortestNextGraphNode__11TSpineEnemyFv	292	99.78	EQUIVALENT	L1
mario/Enemy/enemy	jumpToNextGraphNode__11TSpineEnemyFv	288	99.78	EQUIVALENT	L1
mario/Enemy/enemy	goToRandomNextGraphNode__11TSpineEnemyFv	260	99.75	EQUIVALENT	L1
mario/Enemy/enemy	goToRandomEscapeGraphNode__11TSpineEnemyFv	264	99.76	EQUIVALENT	L1
mario/Enemy/enemy	goToExclusiveNextGraphNode__11TSpineEnemyFv	588	99.76	EQUIVALENT	L1: frame 368/352
mario/Enemy/enemy	goToDirectedNextGraphNode__11TSpineEnemyFRCQ29JGeometry8TVec3<f>	276	99.70	EQUIVALENT	L1: frame 152/144
mario/Enemy/enemy	goToDirLimitedNextGraphNode__11TSpineEnemyFf	432	99.85	EQUIVALENT	L1
mario/Enemy/enemy	walkToCurPathNode__11TSpineEnemyFfff	1252	99.10	EQUIVALENT	L1: frame 224/200
mario/Enemy/enemy	zigzagToCurPathNode__11TSpineEnemyFffff	1240	95.96	DIFFERENT	block 24 effect 1 call args differ: f2/f3: 0x7d4 'bl 7d4 <zigzagToCurPathNode__11TSpineEnemyFffff+0x2b8>' vs 0xa60 'bl a60 <zigzagToCurPathNode__11TSpineEnemyFffff+0x2b4>'
mario/Enemy/enemy	doShortCut__11TSpineEnemyFv	800	99.64	EQUIVALENT	L1
mario/Enemy/enemyAttachment	bind__16TEnemyAttachmentFv	640	99.96	EQUIVALENT	L1
mario/Enemy/enemyAttachment	generatePolluteModel__25TEnemyPolluteModelManagerFRQ29JGeometry8TVec3<f>RQ29JGeometry8TVec3<f>	392	99.92	UNSUPPORTED	stack: address-taken object layout differs (P 64 vs Q 48)
mario/Enemy/enemymanager	createEnemies__13TEnemyManagerFi	340	99.72	UNSUPPORTED	stack: address-taken object extent differs (P 132..176 vs Q 112..152)
mario/Enemy/enemymanager	performShared__13TEnemyManagerFUlPQ26JDrama9TGraphics	1012	99.72	EQUIVALENT	L1
mario/Enemy/enemymanager	copyAnmMtx__13TEnemyManagerFP11TSpineEnemy	436	99.71	EQUIVALENT	L1
mario/Enemy/enemyMario	initModel__11TEnemyMarioFv	1560	99.91	UNSUPPORTED	stack: address-taken object extent differs (P 440..760 vs Q 344..672)
mario/Enemy/enemyMario	initEnemyValues__11TEnemyMarioFv	4432	99.75	DIFFERENT	block 92 branch: 0x4938 'bc 4,gt,496c <initEnemyValues__11TEnemyMarioFv+0xf0c>' vs 0x5d90 'bc 4,gt,5dc4 <initEnemyValues__11TEnemyMarioFv+0xf0c>'
mario/Enemy/enemyMario	emWaiting__11TEnemyMarioFv	280	99.87	EQUIVALENT	L1: frame 56/64
mario/Enemy/enemyMario	emReplayJumpToNearestNode__11TEnemyMarioFv	2020	98.09	UNSUPPORTED	stack: address-taken object layout differs (P 560 vs Q 484)
mario/Enemy/enemyMario	findRunAwayNearestNode__11TEnemyMarioFv	676	98.82	DIFFERENT	block 1 effect 0 address differs: 0x2400 'lwz r0,0(r3)' vs 0x2ef0 'lwz r3,0(r4)'
mario/Enemy/enemyMario	emRunAwayToNearestNode__11TEnemyMarioFv	1248	99.84	EQUIVALENT	L1
mario/Enemy/enemyMario	emWaitingToInviteMario__11TEnemyMarioFv	412	99.97	EQUIVALENT	L1
mario/Enemy/enemyMario	consider__11TEnemyMarioFv	2132	99.93	UNSUPPORTED	stack: store-only slot at a different SP offset (possible outgoing argument): 0x1b28 'stw r0,496(r1)' vs 0x1e0c 'stw r0,520(r1)'
mario/Enemy/enemyMario	drawHPMeter__11TEnemyMarioFPA4_f	676	99.17	DIFFERENT	block 0 effect 51 stored value differs: 0x8d8 'stfs f28,-32768(r31)' vs 0x998 'stfs f25,-32768(r31)'
mario/Enemy/enemyMario	perform__11TEnemyMarioFUlPQ26JDrama9TGraphics	1456	99.88	UNSUPPORTED	stack: address-taken object extent differs (P 304..440 vs Q 276..416)
mario/Enemy/feetinv	FeetInvCalc__FP8J3DModelUsUsUsf	2560	96.64	UNSUPPORTED	stack: inconsistent slot mapping (P 412 vs Q 464)
mario/Enemy/gesso	initSetEnemies__13TGessoManagerFv	188	99.79	EQUIVALENT	L1: frame 232/32
mario/Enemy/gesso	GessoBodyCallback__FP7J3DNodei	432	97.47	EQUIVALENT	L2: frame 184/200
mario/Enemy/gesso	set__16TGessoPolluteObjFv	320	99.83	EQUIVALENT	L1
mario/Enemy/gesso	execute__17TNerveGessoFreezeCFP24TSpineBase<10TLiveActor>	1100	99.80	EQUIVALENT	L1: frame 168/160
mario/Enemy/gesso	execute__15TNerveGessoFallCFP24TSpineBase<10TLiveActor>	1808	99.97	EQUIVALENT	L1
mario/Enemy/graph	__ct__11TSplineRailFPC9TGraphWeb	1452	99.68	EQUIVALENT	L1: frame 392/320
mario/Enemy/graph	getPosAndRot__11TSplineRailFfPQ29JGeometry8TVec3<f>PQ29JGeometry8TVec3<f>	564	99.60	EQUIVALENT	L1: frame 248/232
mario/Enemy/graph	getRandomButDirLimited__9TGraphWebCFiiRCQ29JGeometry8TVec3<f>RCQ29JGeometry8TVec3<f>fUl	1068	99.99	EQUIVALENT	L1
mario/Enemy/graph	getEscapeDirLimited__9TGraphWebCFiiRCQ29JGeometry8TVec3<f>RCQ29JGeometry8TVec3<f>fUl	1148	99.94	EQUIVALENT	L1
mario/Enemy/graph	getNearestPosOnGraphLink__9TGraphWebCFRCQ29JGeometry8TVec3<f>	712	99.72	EQUIVALENT	L1
mario/Enemy/graph	initGraphGroup__11TGraphGroupFv	484	99.90	EQUIVALENT	L1
mario/Enemy/graph	perform__11TGraphGroupFUlPQ26JDrama9TGraphics	88	96.82	DIFFERENT	block 4 return value r4 differs (0x614 'bclr 4,lt,0')
mario/Enemy/graph	calcSplineSpeed__12TGraphTracerFf	624	98.12	EQUIVALENT	L2: frame 344/200
mario/Enemy/graph	traceSpline__12TGraphTracerFf	380	99.05	EQUIVALENT	L1
mario/Enemy/hamukuri	bind__9THamuKuriFv	608	99.95	EQUIVALENT	L1
mario/Enemy/hamukuri	jumpToSearchActor__9THamuKuriFv	436	99.89	EQUIVALENT	L1: frame 104/96
mario/Enemy/hamukuri	getTakingMtx__9THamuKuriFv	256	99.67	EQUIVALENT	L1: frame 224/184
mario/Enemy/hamukuri	forceRoll__9THamuKuriFQ29JGeometry8TVec3<f>b	516	99.89	EQUIVALENT	L1
mario/Enemy/hamukuri	walkBehavior__13THaneHamuKuriFif	2208	99.90	DIFFERENT	block 21 effect 2 address differs: 0x5d74 'lfs f29,1168(r5)' vs 0x6918 'lfs f30,1188(r4)'
mario/Enemy/hamukuri	bind__13THaneHamuKuriFv	480	99.94	EQUIVALENT	L1
mario/Enemy/hamukuri	receiveMessage__14TDangoHamuKuriFP9THitActorUl	512	99.95	EQUIVALENT	L1: frame 72/40
mario/Enemy/hamukuri	behaveToWater__14TDangoHamuKuriFP9THitActor	1184	99.98	EQUIVALENT	L1
mario/Enemy/hamukuri	execute__29TNerveHaneHamuKuriMoveOnGraphCFP24TSpineBase<10TLiveActor>	768	99.85	EQUIVALENT	L1
mario/Enemy/hinokuri2	perform__10THino2MaskFUlPQ26JDrama9TGraphics	744	99.65	EQUIVALENT	L1
mario/Enemy/hinokuri2	Hino2HeadCallback__FP7J3DNodei	500	92.35	EQUIVALENT	L2: frame 256/240
mario/Enemy/hinokuri2	init__10THinokuri2FP12TLiveManager	1376	99.85	EQUIVALENT	L1: frame 504/472
mario/Enemy/hinokuri2	moveObject__10THinokuri2Fv	1812	99.87	UNSUPPORTED	stack: address-taken object layout differs (P 328 vs Q 168)
mario/Enemy/hinokuri2	execute__22TNerveHino2GraphWanderCFP24TSpineBase<10TLiveActor>	1248	99.91	UNSUPPORTED	stack: address-taken object layout differs (P 212 vs Q 168)
mario/Enemy/hinokuri2	execute__17TNerveHino2JumpInCFP24TSpineBase<10TLiveActor>	364	99.56	EQUIVALENT	L1: frame 104/80
mario/Enemy/hinokuri2	execute__18TNerveHino2LandingCFP24TSpineBase<10TLiveActor>	192	99.85	EQUIVALENT	L1: frame 96/64
mario/Enemy/hinokuri2	execute__15TNerveHino2TurnCFP24TSpineBase<10TLiveActor>	612	98.37	UNSUPPORTED	cfg: 38 vs 36 blocks
mario/Enemy/hinokuri2	execute__14TNerveHino2DieCFP24TSpineBase<10TLiveActor>	556	99.89	EQUIVALENT	L1
mario/Enemy/mameGesso	execute__21TNerveMameGessoThrownCFP24TSpineBase<10TLiveActor>	584	99.78	DIFFERENT	block 22 effect 2 icall args differ: f2/f3: 0x778 'bclrl 20,lt,0' vs 0x88c 'bclrl 20,lt,0'
mario/Enemy/namekuri	execute__19TNameIndParCallbackFP14JPABaseEmitterP15JPABaseParticle	952	98.71	EQUIVALENT	L2: frame 288/264
mario/Enemy/namekuri	NameKuriAttackCallback__FP7J3DNodei	404	96.40	UNSUPPORTED	stack: unpaired address-taken slot
mario/Enemy/namekuri	calcRootMatrix__9TNameKuriFv	928	99.44	UNSUPPORTED	stack: access inside address-taken object differs (P 232 vs Q 184)
mario/Enemy/namekuri	setDeadAnm__9TNameKuriFv	344	99.93	EQUIVALENT	L1
mario/Enemy/namekuri	setMeltAnm__9TNameKuriFv	344	99.93	EQUIVALENT	L1
mario/Enemy/namekuri	execute__24TNerveNameKuriJumpAttackCFP24TSpineBase<10TLiveActor>	1256	99.87	DIFFERENT	block 9 effect 2 icall args differ: r5: 0x94c 'bclrl 20,lt,0' vs 0x9d8 'bclrl 20,lt,0'
mario/Enemy/pakkun	PakkunSeedCallback__FP7J3DNodei	272	93.24	EQUIVALENT	L2: frame 160/152
mario/Enemy/pakkun	PakkunRootCallback2__FP7J3DNodei	180	99.11	EQUIVALENT	L1
mario/Enemy/pakkun	init__7TPakkunFP12TLiveManager	680	99.95	EQUIVALENT	L1: frame 184/192
mario/Enemy/pakkun	loadInit__11TPakkunSeedFP11TSpineEnemyPCc	384	99.93	UNSUPPORTED	stack: address-taken object layout differs (P 140 vs Q 144)
mario/Enemy/pakkun	rebirth__11TPakkunSeedFv	548	98.45	UNSUPPORTED	cfg: 20 vs 21 blocks
mario/Enemy/pakkun	set<f>__Q29JGeometry8TVec3<f>Ffff	16	0.00	UNSUPPORTED	ours: symbol missing
mario/Enemy/pakkun	load__11TStayPakkunFR20JSUMemoryInputStream	212	80.09	UNSUPPORTED	stack: address-taken slots only on one side
mario/Enemy/pakkun	execute__16TNervePakkunStayCFP24TSpineBase<10TLiveActor>	2740	99.60	UNSUPPORTED	stack: address-taken object layout differs (P 628 vs Q 696)
mario/Enemy/pakkun	execute__18TNervePakkunAppearCFP24TSpineBase<10TLiveActor>	276	98.55	EQUIVALENT	L2
mario/Enemy/smallEnemy	init__11TSmallEnemyFP12TLiveManager	908	99.93	EQUIVALENT	L1
mario/Enemy/smallEnemy	genEventCoin__11TSmallEnemyFv	772	99.92	UNSUPPORTED	stack: access inside address-taken object differs (P 108 vs Q 40)
mario/Enemy/smallEnemy	moveObject__11TSmallEnemyFv	1116	99.90	UNSUPPORTED	stack: address-taken object extent differs (P 60..176 vs Q 80..176)
mario/Enemy/smallEnemy	receiveMessage__11TSmallEnemyFP9THitActorUl	560	99.94	EQUIVALENT	L1: frame 88/40
mario/Enemy/spider	bind__7TSpiderFP10TLiveActor	1396	99.59	UNSUPPORTED	stack: address-taken object extent differs (P 200..344 vs Q 140..288)
mario/Enemy/walker	calcFarthestVertex__FPC12TBGCheckDataRCQ29JGeometry8TVec3<f>RCQ29JGeometry8TVec3<f>	456	99.81	EQUIVALENT	L1: frame 112/88
mario/Enemy/walker	bind__7TWalkerFP10TLiveActor	3172	98.04	UNSUPPORTED	stack: access inside address-taken object differs (P 584 vs Q 504)
mario/Enemy/bossgesso	moveRequest__10TBGBeakHitFRCQ29JGeometry8TVec3<f>	416	99.90	EQUIVALENT	L1
mario/Enemy/bossgesso	receiveMessage__10TBGBeakHitFP9THitActorUl	1888	99.95	EQUIVALENT	L1: frame 256/192
mario/Enemy/bossgesso	perform__10TBGBeakHitFUlPQ26JDrama9TGraphics	1624	99.78	UNSUPPORTED	stack: address-taken object extent differs (P 228..312 vs Q 144..232)
mario/Enemy/bossgesso	bind__9TBGBinderFP10TLiveActor	1128	99.63	UNSUPPORTED	stack: address-taken object extent differs (P 164..256 vs Q 120..208)
mario/Enemy/bossgesso	init__10TBossGessoFP12TLiveManager	2240	99.87	UNSUPPORTED	stack: address-taken object layout differs (P 552 vs Q 564)
mario/Enemy/bossgesso	lenFromToeToMario__10TBossGessoFv	412	99.86	EQUIVALENT	L1: frame 72/48
mario/Enemy/bossgesso	changeAllTentacleState__10TBossGessoFi	164	94.12	UNSUPPORTED	cfg: 11 vs 10 blocks
mario/Enemy/bossgesso	doAttackSingle__10TBossGessoFv	2648	93.29	UNSUPPORTED	cfg: 147 vs 140 blocks
mario/Enemy/bossgesso	SMS_GetMarioPos__Fv	8	0.00	UNSUPPORTED	ours: symbol missing
mario/Enemy/bossgesso	moveObject__10TBossGessoFv	1724	97.82	DIFFERENT	block 33 effect 3: 0x4358 'lfs f30,764(r3)' vs 0x4604 'lwz r6,0(0)'
mario/Enemy/bossgesso	perform__10TBossGessoFUlPQ26JDrama9TGraphics	2508	98.29	UNSUPPORTED	cfg: 116 vs 118 blocks
mario/Enemy/bossgesso	execute__12TNerveBGWaitCFP24TSpineBase<10TLiveActor>	1028	99.83	EQUIVALENT	L1: frame 160/208
mario/Enemy/bossgesso	execute__18TNerveBGBeakDamageCFP24TSpineBase<10TLiveActor>	1408	99.95	UNSUPPORTED	stack: address-taken object extent differs (P 304..344 vs Q 308..344)
mario/Enemy/bossgesso	execute__22TNerveBGTentacleDamageCFP24TSpineBase<10TLiveActor>	712	99.89	UNSUPPORTED	stack: address-taken object extent differs (P 80..120 vs Q 92..128)
mario/Enemy/bossgesso	execute__11TNerveBGDieCFP24TSpineBase<10TLiveActor>	1812	99.95	UNSUPPORTED	stack: address-taken object layout differs (P 412 vs Q 400)
mario/Enemy/bossgesso	execute__12TNerveBGRollCFP24TSpineBase<10TLiveActor>	1820	99.93	EQUIVALENT	L1: frame 168/344
mario/Enemy/elecNokonoko	loadInit__13TElecCarapaceFP11TSpineEnemyPCc	496	99.91	UNSUPPORTED	stack: address-taken object layout differs (P 8 vs Q 8)
mario/Enemy/elecNokonoko	shoot__13TElecCarapaceFv	756	99.85	EQUIVALENT	L1
mario/Enemy/elecNokonoko	sendMessage__13TElecCarapaceFv	504	99.94	EQUIVALENT	L1: frame 160/168
mario/Enemy/elecNokonoko	execute__22TNerveElecCarapaceMoveCFP24TSpineBase<10TLiveActor>	1272	99.92	EQUIVALENT	L1
mario/Enemy/elecNokonoko	execute__24TNerveElecCarapaceReturnCFP24TSpineBase<10TLiveActor>	912	99.89	EQUIVALENT	L1: frame 192/184
mario/Enemy/telesa	behaveToWater__7TTelesaFP9THitActor	656	99.92	UNSUPPORTED	stack: access inside address-taken object differs (P 120 vs Q 108)
mario/Enemy/telesa	bind__7TTelesaFv	836	99.97	EQUIVALENT	L1
mario/Enemy/telesa	execute__23TNerveTelesaAttackMarioCFP24TSpineBase<10TLiveActor>	716	99.61	EQUIVALENT	L1
mario/Enemy/fireWanwan	bindOne__11TTailRubberFRQ211TTailRubber4Node	308	99.32	EQUIVALENT	L1
mario/Enemy/fireWanwan	restrict__11TTailRubberFv	1140	98.41	EQUIVALENT	L2: frame 168/184
mario/Enemy/fireWanwan	perform__19TFireWanwanTailNodeFUlPQ26JDrama9TGraphicsRCQ29JGeometry8TVec3<f>RCQ29JGeometry8TVec3<f>	496	97.26	EQUIVALENT	L1: frame 288/232
mario/Enemy/fireWanwan	init__18TFireWanwanTailHitFv	1240	96.87	UNSUPPORTED	stack: address-taken object layout differs (P 180 vs Q 160)
mario/Enemy/fireWanwan	perform__18TFireWanwanTailHitFUlPQ26JDrama9TGraphics	1628	98.95	UNSUPPORTED	stack: address-taken object layout differs (P 336 vs Q 324)
mario/Enemy/fireWanwan	performNodes__18TFireWanwanTailHitFUlPQ26JDrama9TGraphics	712	99.61	EQUIVALENT	L1: frame 320/304
mario/Enemy/fireWanwan	moveRequest__18TFireWanwanTailHitFRCQ29JGeometry8TVec3<f>	292	99.73	EQUIVALENT	L1
mario/Enemy/fireWanwan	behaveToWater__11TFireWanwanFP9THitActor	904	99.92	EQUIVALENT	L1: frame 232/152
mario/Enemy/fireWanwan	calcRootMatrix__11TFireWanwanFv	456	98.15	DIFFERENT	block 6 effect 4 address differs: 0x5520 'lfs f31,40(r3)' vs 0x6ee8 'lfs f26,72(r3)'
mario/Enemy/fireWanwan	moveObject__11TFireWanwanFv	1768	98.89	UNSUPPORTED	cfg: block 45 (bc->[55, 46] vs bc->[50, 46])
mario/Enemy/fireWanwan	updatePollute__11TFireWanwanFv	456	98.77	DIFFERENT	block 9 effect 2 icall args differ: f4/f5: 0x4b14 'bclrl 20,lt,0' vs 0x61d8 'bclrl 20,lt,0'
mario/Enemy/fireWanwan	emitEffects__11TFireWanwanFv	1372	99.96	EQUIVALENT	L1
mario/Enemy/fireWanwan	setQuat__Q29JGeometry64TRotation3<Q29JGeometry38TMatrix34<Q29JGeometry13SMatrix34C<f>>>FRCQ29JGeometry9TQuat4<f>	160	98.50	EQUIVALENT	L1
mario/Enemy/fireWanwan	bind__11TFireWanwanFv	2052	99.66	UNSUPPORTED	stack: address-taken object layout differs (P 276 vs Q 256)
mario/Enemy/fireWanwan	bindBody__11TFireWanwanFPQ29JGeometry8TVec3<f>PQ29JGeometry8TVec3<f>RCQ29JGeometry8TVec3<f>	888	99.53	UNSUPPORTED	stack: address-taken object extent differs (P 300..488 vs Q 304..488)
mario/Enemy/fireWanwan	bindPoint__11TFireWanwanFPQ29JGeometry8TVec3<f>RCQ29JGeometry8TVec3<f>RCQ29JGeometry8TVec3<f>fP18TBGWallCheckRecord	984	99.97	EQUIVALENT	L1
mario/Enemy/fireWanwan	execute__25TNerveFireWanwanFindMarioCFP24TSpineBase<10TLiveActor>	1300	99.73	EQUIVALENT	L1: frame 232/224
mario/Enemy/fireWanwan	execute__28TNerveFireWanwanRecoverGraphCFP24TSpineBase<10TLiveActor>	1444	99.42	DIFFERENT	block 4 effect 0 address differs: 0x1250 'lwz r5,0(r6)' vs 0x1444 'lwz r5,0(r6)'
mario/Enemy/fireWanwan	execute__19TNerveFireWanwanFlyCFP24TSpineBase<10TLiveActor>	748	96.47	UNSUPPORTED	stack: inconsistent slot mapping (P 224 vs Q 172)
mario/Enemy/bosspakkun	move__10TBPPolDropFv	780	99.85	EQUIVALENT	L1: frame 112/48
mario/Enemy/bosspakkun	perform__10TBPTornadoFUlPQ26JDrama9TGraphics	1836	99.92	UNSUPPORTED	stack: address-taken object extent differs (P 232..320 vs Q 232..312)
mario/Enemy/bosspakkun	receiveMessage__10TBPHeadHitFP9THitActorUl	1480	98.37	DIFFERENT	block 54 effect 4 icall args differ: f1/f2: 0x7ef8 'bclrl 20,lt,0' vs 0x8d80 'bclrl 20,lt,0'
mario/Enemy/bosspakkun	calcHeadDir__18TBossPakkunMtxCalcFUs	964	96.91	DIFFERENT	block 1 effect 8 address differs: 0x7004 'lfs f1,36(r5)' vs 0x7d54 'lfs f0,28(r5)'
mario/Enemy/bosspakkun	init__11TBossPakkunFP12TLiveManager	1984	99.91	EQUIVALENT	L1: frame 528/408
mario/Enemy/bosspakkun	perform__11TBossPakkunFUlPQ26JDrama9TGraphics	2000	99.98	EQUIVALENT	L1: frame 376/312
mario/Enemy/bosspakkun	execute__12TNerveBPWaitCFP24TSpineBase<10TLiveActor>	3088	99.91	UNSUPPORTED	stack: store-only slot at a different SP offset (possible outgoing argument): 0x3d8c 'stw r3,356(r1)' vs 0x3e90 'stw r3,300(r1)'
mario/Enemy/bosspakkun	execute__13TNerveBPVomitCFP24TSpineBase<10TLiveActor>	864	99.52	EQUIVALENT	L1
mario/Enemy/bosspakkun	execute__17TNerveBPTumbleOutCFP24TSpineBase<10TLiveActor>	628	99.96	EQUIVALENT	L1
mario/Enemy/tobiPuku	TobiPukuRollCallback__FP7J3DNodei	548	96.79	EQUIVALENT	L2
mario/Enemy/tobiPuku	forceLaunch__18TTobiPukuLaunchPadFP9TTobiPuku	484	99.31	DIFFERENT	block 3 effect 2 icall args differ: f3/f4: 0x3e0c 'bclrl 20,lt,0' vs 0x4748 'bclrl 20,lt,0'
mario/Enemy/tobiPuku	hitWall__9TTobiPukuFv	348	97.06	UNSUPPORTED	stack: address-taken object extent differs (P 92..144 vs Q 40..96)
mario/Enemy/tobiPuku	execute__19TNerveTobiPukuBoundCFP24TSpineBase<10TLiveActor>	456	99.92	EQUIVALENT	L1: frame 104/96
mario/Enemy/tobiPuku	execute__26TNerveTobiPukuReturnLaunchCFP24TSpineBase<10TLiveActor>	596	99.83	EQUIVALENT	L1
mario/Enemy/tinkoopa	init__9TTinKoopaFP12TLiveManager	1508	94.97	UNSUPPORTED	stack: address-taken object layout differs (P 272 vs Q 288)
mario/Enemy/tinkoopa	checkOrder__20TTinKoopaLaunchOrderFv	364	98.79	DIFFERENT	block 0 branch: 0x2bc8 'bc 4,eq,2cf0 <checkOrder__20TTinKoopaLaunchOrderFv+0x154>' vs 0x4380 'bc 4,eq,44a8 <checkOrder__20TTinKoopaLaunchOrderFv+0x154>'
mario/Enemy/tinkoopa	initTinKoopaPartsBase__18TTinKoopaPartsBaseFv	480	99.84	UNSUPPORTED	stack: address-taken object layout differs (P 8 vs Q 8)
mario/Enemy/tinkoopa	emitPartsTrackEffects__18TTinKoopaPartsBaseFPPCci	220	98.00	UNSUPPORTED	cfg: 6 vs 5 blocks
mario/Enemy/tinkoopa	emitPartsDisappearEffects__18TTinKoopaPartsBaseFPPCcif	284	98.31	UNSUPPORTED	cfg: 7 vs 6 blocks
mario/Enemy/tinkoopa	perform__18TTinKoopaPartsBaseFUlPQ26JDrama9TGraphics	244	95.13	EQUIVALENT	L1
mario/Enemy/tinkoopa	reset__9TTinKoopaFv	636	98.63	UNSUPPORTED	cfg: 15 vs 14 blocks
mario/Enemy/tinkoopa	checkTinKoopaKillerApproachingMessage__9TTinKoopaFv	404	99.81	EQUIVALENT	L1
mario/Enemy/tinkoopa	loadAfter__16TTinKoopaManagerFv	260	99.38	DIFFERENT	block 2 effect 1 call args differ: r5: 0x7c0 'bl 7c0 <loadAfter__16TTinKoopaManagerFv+0x50>' vs 0x930 'bl 930 <loadAfter__16TTinKoopaManagerFv+0x50>'
mario/Enemy/tinkoopa	execute__19TNerveTinKoopaBreakCFP24TSpineBase<10TLiveActor>	1000	99.18	UNSUPPORTED	cfg: 26 vs 25 blocks
mario/Enemy/bosswanwan	calcMatrix__12TBWLeashNodeFv	708	99.15	EQUIVALENT	L1: frame 232/120
mario/Enemy/bosswanwan	__ct__8TBWLeashFP11TBossWanwaniPCc	828	99.86	EQUIVALENT	L1
mario/Enemy/bosswanwan	perform__8TBWLeashFUlPQ26JDrama9TGraphics	1332	98.69	UNSUPPORTED	cfg: 41 vs 39 blocks
mario/Enemy/bosswanwan	moveRequest__9TBWPicketFRCQ29JGeometry8TVec3<f>	440	99.84	EQUIVALENT	L1
mario/Enemy/bosswanwan	perform__9TBWPicketFUlPQ26JDrama9TGraphics	1328	99.63	EQUIVALENT	L1: frame 416/312
mario/Enemy/bosswanwan	MsPerpendicFootToLineR__FRCQ29JGeometry8TVec3<f>RCQ29JGeometry8TVec3<f>RCQ29JGeometry8TVec3<f>	328	96.10	UNSUPPORTED	stack: inconsistent slot mapping (P 72 vs Q 48)
mario/Enemy/bosswanwan	bind__9TBWBinderFP10TLiveActor	2568	98.61	UNSUPPORTED	stack: access inside address-taken object differs (P 392 vs Q 184)
mario/Enemy/bosswanwan	calc__18TBossWanwanMtxCalcFUs	560	91.26	UNSUPPORTED	stack: address-taken object extent differs (P 152..208 vs Q 148..208)
mario/Enemy/bosswanwan	init__11TBossWanwanFP12TLiveManager	1936	99.74	UNSUPPORTED	stack: address-taken object extent differs (P 380..440 vs Q 364..440)
mario/Enemy/bosswanwan	control__11TBossWanwanFv	724	98.66	UNSUPPORTED	cfg: 38 vs 36 blocks
mario/Enemy/bosswanwan	perform__11TBossWanwanFUlPQ26JDrama9TGraphics	2148	99.83	DIFFERENT	block 77 effect 2 icall args differ: r5/r6: 0x3300 'bclrl 20,lt,0' vs 0x36f8 'bclrl 20,lt,0'
mario/Enemy/bosswanwan	execute__19TNerveBWGraphWanderCFP24TSpineBase<10TLiveActor>	2540	96.79	UNSUPPORTED	cfg: block 22 (bc->[38, 23] vs bc->[25, 23])
mario/Enemy/bosswanwan	execute__12TNerveBWRollCFP24TSpineBase<10TLiveActor>	320	99.91	EQUIVALENT	L1: frame 256/56
mario/Enemy/bosswanwan	execute__12TNerveBWJumpCFP24TSpineBase<10TLiveActor>	384	97.92	EQUIVALENT	L2
mario/Enemy/bosswanwan	execute__12TNerveBWStunCFP24TSpineBase<10TLiveActor>	788	99.56	UNSUPPORTED	cfg: block 3 (bc->[18, 4] vs bc->[6, 4])
mario/Enemy/bosswanwan	execute__14TNerveBWWakeupCFP24TSpineBase<10TLiveActor>	404	99.88	EQUIVALENT	L1: frame 72/88
mario/Enemy/bosswanwan	execute__18TNerveBWJumpToBathCFP24TSpineBase<10TLiveActor>	820	99.71	UNSUPPORTED	stack: address-taken object extent differs (P 108..160 vs Q 96..152)
mario/Enemy/bosswanwan	setMtx__17TMapCollisionBaseFPA4_f	44	0.00	UNSUPPORTED	ours: symbol missing
mario/Enemy/bosswanwan	execute__11TNerveBWDieCFP24TSpineBase<10TLiveActor>	1076	99.13	UNSUPPORTED	stack: address-taken object extent differs (P 204..256 vs Q 180..256)
mario/Enemy/chuuhana	ChuuHanaBodyCallback__FP7J3DNodei	676	97.40	DIFFERENT	block 12 effect 9 address differs: 0x4430 'lfs f6,0(r30)' vs 0x50dc 'lfs f0,32(r30)'
mario/Enemy/chuuhana	reset__9TChuuHanaFv	388	99.84	EQUIVALENT	L1
mario/Enemy/chuuhana	behaveToWater__9TChuuHanaFP9THitActor	1560	99.76	EQUIVALENT	L1: frame 416/352
mario/Enemy/chuuhana	attackToMario__9TChuuHanaFv	612	99.95	EQUIVALENT	L1
mario/Enemy/chuuhana	moveObject__9TChuuHanaFv	908	99.48	UNSUPPORTED	stack: address-taken object layout differs (P 240 vs Q 184)
mario/Enemy/chuuhana	isCollidMove__9TChuuHanaFP9THitActor	1020	99.82	EQUIVALENT	L1: frame 280/296
mario/Enemy/chuuhana	bind__9TChuuHanaFv	744	99.96	EQUIVALENT	L1
mario/Enemy/chuuhana	willFall__9TChuuHanaFl	512	99.84	EQUIVALENT	L1
mario/Enemy/chuuhana	setGoal__9TChuuHanaFv	360	99.50	EQUIVALENT	L1: frame 160/144
mario/Enemy/chuuhana	execute__25TNerveChuuHanaKeepBalanceCFP24TSpineBase<10TLiveActor>	1004	99.92	EQUIVALENT	L1
mario/Enemy/chuuhana	execute__18TNerveChuuHanaRollCFP24TSpineBase<10TLiveActor>	544	97.93	DIFFERENT	block 12 effect 3 address differs: 0xb04 'lfs f1,516(r30)' vs 0xdf8 'lfs f1,524(r30)'
mario/Enemy/igaiga	reset__10TRollEnemyFv	504	95.69	EQUIVALENT	L1: frame 176/88
mario/Enemy/igaiga	walkBehavior__10TRollEnemyFif	524	97.93	EQUIVALENT	L2: frame 72/64
mario/Enemy/igaiga	setBehavior__10TRollEnemyFv	552	95.45	DIFFERENT	block 7 effect 2 icall args differ: f1/f4: 0x44f0 'bclrl 20,lt,0' vs 0x4af8 'bclrl 20,lt,0'
mario/Enemy/igaiga	initSetEnemies__14TIgaigaManagerFv	188	99.79	EQUIVALENT	L1: frame 152/32
mario/Enemy/igaiga	RollEnemyBodyCallback__FP7J3DNodei	304	92.50	DIFFERENT	block 4 effect 9: 0x3f30 'stfs f1,44(r1)' vs 0x4520 'lfs f0,0(0)'
mario/Enemy/igaiga	moveObject__7TIgaigaFv	652	99.59	UNSUPPORTED	stack: address-taken object extent differs (P 200..280 vs Q 188..280)
mario/Enemy/igaiga	walkBehavior__7TIgaigaFif	412	99.72	UNSUPPORTED	stack: store-only slot at a different SP offset (possible outgoing argument): 0x338c 'stw r4,152(r1)' vs 0x38d0 'stw r4,60(r1)'
mario/Enemy/igaiga	setMeltAnm__7TIgaigaFv	612	99.85	EQUIVALENT	L1
mario/Enemy/igaiga	initSetEnemies__16TGorogoroManagerFv	360	99.30	EQUIVALENT	L1
mario/Enemy/igaiga	MsWrap<f>__Ffff	72	0.00	UNSUPPORTED	ours: symbol missing
mario/Enemy/igaiga	perform__16TGorogoroManagerFUlPQ26JDrama9TGraphics	1244	90.34	UNSUPPORTED	cfg: 42 vs 55 blocks
mario/Enemy/igaiga	behaveToWater__9TGorogoroFP9THitActor	596	99.60	EQUIVALENT	L1
mario/Enemy/igaiga	walkBehavior__9TGorogoroFif	756	99.90	UNSUPPORTED	stack: address-taken object layout differs (P 256 vs Q 96)
mario/Enemy/igaiga	flagJump__9TGorogoroFv	216	99.89	EQUIVALENT	L1
mario/Enemy/igaiga	generateByGateKeeper__9TGorogoroFRCQ29JGeometry8TVec3<f>RCQ29JGeometry8TVec3<f>	1412	99.95	EQUIVALENT	L1
mario/Enemy/poihana	initSetEnemies__15TPoiHanaManagerFv	160	99.72	EQUIVALENT	L1: frame 224/64
mario/Enemy/poihana	init__8TPoiHanaFP12TLiveManager	644	99.98	EQUIVALENT	L1
mario/Enemy/poihana	walkBehavior__8TPoiHanaFif	376	99.79	DIFFERENT	block 3 branch: 0x1894 'bc 4,gt,1984 <walkBehavior__8TPoiHanaFif+0x160>' vs 0x1bb8 'bc 4,lt,1ca8 <walkBehavior__8TPoiHanaFif+0x160>'
mario/Enemy/poihana	genEventCoin__8TPoiHanaFv	304	99.91	EQUIVALENT	L1
mario/Enemy/poihana	execute__20TNervePoihanaTrappedCFP24TSpineBase<10TLiveActor>	1232	99.95	EQUIVALENT	L1
mario/Enemy/tamaNoko	perform__15TTamaNokoFlowerFUlPQ26JDrama9TGraphics	936	97.13	UNSUPPORTED	stack: unpaired address-taken slot
mario/Enemy/tamaNoko	initSetEnemies__16TTamaNokoManagerFv	300	99.88	EQUIVALENT	L1: frame 224/56
mario/Enemy/tamaNoko	walkBehavior__9TTamaNokoFif	1236	99.95	EQUIVALENT	L1
mario/Enemy/tamaNoko	receiveMessage__9TTamaNokoFP9THitActorUl	344	99.92	EQUIVALENT	L1: frame 64/32
mario/Enemy/tamaNoko	landEffect__9TTamaNokoFv	808	99.71	EQUIVALENT	L1: frame 144/128
mario/Enemy/tamaNoko	execute__20TNerveTamaNokoAttackCFP24TSpineBase<10TLiveActor>	1968	99.93	UNSUPPORTED	stack: store-only slot at a different SP offset (possible outgoing argument): 0xe90 'stw r3,176(r1)' vs 0x1134 'stw r3,212(r1)'
mario/Enemy/tamaNoko	execute__20TNerveTamaNokoThrownCFP24TSpineBase<10TLiveActor>	268	99.55	EQUIVALENT	L1: frame 96/88
mario/Enemy/bosstelesa	appendEnemy__7TBubbleFv	532	99.87	EQUIVALENT	L1: frame 80/64
mario/Enemy/bosstelesa	execute__16TNerveBubbleLiveCFP24TSpineBase<10TLiveActor>	1000	99.89	EQUIVALENT	L1
mario/Enemy/bosstelesa	init__11TBossTelesaFP12TLiveManager	1932	99.93	EQUIVALENT	L1
mario/Enemy/bosstelesa	loadAfter__11TBossTelesaFv	3340	99.85	EQUIVALENT	L2: frame 880/824
mario/Enemy/bosstelesa	moveObject__11TBossTelesaFv	2276	99.93	UNSUPPORTED	stack: address-taken object layout differs (P 236 vs Q 368)
mario/Enemy/bosstelesa	flashItem__11TBossTelesaFi	644	96.41	DIFFERENT	block 30 effect 0 address differs: 0x3a30 'lwz r5,0(r6)' vs 0x4670 'lwz r5,240(r6)'
mario/Enemy/bosstelesa	genAttacker__11TBossTelesaFv	884	99.97	EQUIVALENT	L1
mario/Enemy/bosstelesa	generateSlotItem__11TBossTelesaFv	2900	98.87	UNSUPPORTED	stack: address-taken object layout differs (P 348 vs Q 336)
mario/Enemy/bosstelesa	execute__19TNerveBossTelesaDieCFP24TSpineBase<10TLiveActor>	2248	99.98	EQUIVALENT	L1: frame 296/200
mario/Enemy/bosstelesa	execute__24TNerveBossTelesaHideWaitCFP24TSpineBase<10TLiveActor>	512	99.97	EQUIVALENT	L1
mario/Enemy/bosstelesa	execute__22TNerveBossTelesaAppearCFP24TSpineBase<10TLiveActor>	972	99.97	EQUIVALENT	L1: frame 128/96
mario/Enemy/bosstelesa	execute__24TNerveBossTelesaFallDemoCFP24TSpineBase<10TLiveActor>	492	99.97	EQUIVALENT	L1
mario/Enemy/bombhei	genEventCoin__8TBombHeiFv	272	99.81	EQUIVALENT	L1
mario/Enemy/bombhei	execute__19TNerveBombHeiThrownCFP24TSpineBase<10TLiveActor>	436	96.88	DIFFERENT	block 1 effect 9: 0x344 'lfs f4,888(r3)' vs 0x3f4 'lwz r6,0(0)'
mario/Enemy/cannon	perform__9TChorobeiFUlPQ26JDrama9TGraphics	296	99.91	EQUIVALENT	L1
mario/Enemy/cannon	checkHit__9TChorobeiFv	652	98.68	DIFFERENT	block 34 effect 2 icall args differ: r5/r6: 0x4a88 'bclrl 20,lt,0' vs 0x5a7c 'bclrl 20,lt,0'
mario/Enemy/cannon	init__7TCannonFP12TLiveManager	1508	99.81	DIFFERENT	block 16 effect 1 address differs: 0x3fb0 'lfs f2,880(r6)' vs 0x4c68 'lfs f4,920(r6)'
mario/Enemy/cannon	moveObject__7TCannonFv	732	99.91	UNSUPPORTED	stack: store-only slot at a different SP offset (possible outgoing argument): 0x39c4 'stw r4,88(r1)' vs 0x466c 'stw r4,92(r1)'
mario/Enemy/cannon	calcRootMatrix__7TCannonFv	1164	99.89	EQUIVALENT	L1: frame 248/208
mario/Enemy/cannon	bombSet__7TCannonFv	612	99.93	EQUIVALENT	L1
mario/Enemy/cannon	killerShoot__7TCannonFv	2224	98.22	UNSUPPORTED	stack: store-only slot at a different SP offset (possible outgoing argument): 0x2794 'stw r3,488(r1)' vs 0x2e88 'stw r3,408(r1)'
mario/Enemy/cannon	setKillerGoalPoint__7TCannonFv	576	99.90	EQUIVALENT	L1
mario/Enemy/cannon	execute__16TNerveCannonOpenCFP24TSpineBase<10TLiveActor>	456	99.92	EQUIVALENT	L1: frame 96/88
mario/Enemy/cannon	execute__18TNerveCannonSearchCFP24TSpineBase<10TLiveActor>	1732	99.91	EQUIVALENT	L1: frame 408/368
mario/Enemy/bosseel	__ct__14TBEelTearsDropFP10TBEelTearsiP12SDLModelDataPCc	556	99.98	UNSUPPORTED	stack: address-taken object layout differs (P 180 vs Q 184)
mario/Enemy/bosseel	init__10TBEelTearsFP12TLiveManager	796	99.77	EQUIVALENT	L1
mario/Enemy/bosseel	calcRootMatrix__10TBEelTearsFv	360	97.33	EQUIVALENT	L2
mario/Enemy/bosseel	__ct__13TBossEelToothFUcP8TBossEelPCcP12SDLModelDataPCc	552	99.94	UNSUPPORTED	stack: address-taken object layout differs (P 164 vs Q 164)
mario/Enemy/bosseel	perform__13TBossEelToothFUlPQ26JDrama9TGraphics	1552	98.55	UNSUPPORTED	stack: address-taken object extent differs (P 412..488 vs Q 352..424)
mario/Enemy/bosseel	perform__14TBossEelVortexFUlPQ26JDrama9TGraphics	848	99.67	UNSUPPORTED	stack: address-taken object extent differs (P 312..432 vs Q 148..264)
mario/Enemy/bosseel	init__8TBossEelFP12TLiveManager	2816	99.79	UNSUPPORTED	stack: address-taken object layout differs (P 568 vs Q 580)
mario/Enemy/bosseel	collideToMario__8TBossEelFv	976	98.34	UNSUPPORTED	stack: inconsistent slot mapping (P 120 vs Q 76)
mario/Enemy/bosseel	perform__8TBossEelFUlPQ26JDrama9TGraphics	3120	98.95	DIFFERENT	block 37 effect 0 call args differ: f5: 0x3788 'bl 3788 <perform__8TBossEelFUlPQ26JDrama9TGraphics+0x5f8>' vs 0x3db0 'bl 3db0 <perform__8TBossEelFUlPQ26JDrama9TGraphics+0x5fc>'
mario/Enemy/bosseel	execute__19TNerveBossEelAppearCFP24TSpineBase<10TLiveActor>	844	99.92	EQUIVALENT	L1: frame 168/136
mario/Enemy/bosseel	execute__20TNerveBossEelOutWaitCFP24TSpineBase<10TLiveActor>	1460	99.96	EQUIVALENT	L1: frame 176/128
mario/Enemy/bosseel	execute__16TNerveBossEelEatCFP24TSpineBase<10TLiveActor>	1588	99.94	UNSUPPORTED	stack: address-taken object layout differs (P 232 vs Q 152)
mario/Enemy/bosseel	execute__16TNerveBossEelDieCFP24TSpineBase<10TLiveActor>	1152	99.95	EQUIVALENT	L1: frame 288/224
mario/Enemy/bosseel	execute__26TNerveBossEelMouthOpenWaitCFP24TSpineBase<10TLiveActor>	1288	99.89	EQUIVALENT	L1: frame 272/232
mario/Enemy/killer	fly__9TFlyEnemyFv	580	99.95	EQUIVALENT	L1
mario/Enemy/killer	calcChaseParam__9TFlyEnemyFv	560	99.89	DIFFERENT	block 15 return value r4 differs (0x2cd8 'bclr 20,lt,0')
mario/Enemy/killer	execute__22TNerveFlyEnemyChaseFlyCFP24TSpineBase<10TLiveActor>	1352	98.91	UNSUPPORTED	cfg: block 29 (bc->[33, 30] vs bc->[34, 30])
mario/Enemy/killer	KillerBodyCallback__FP7J3DNodei	504	96.94	EQUIVALENT	L2
mario/Enemy/killer	genEventCoin__7TKillerFv	484	99.92	EQUIVALENT	L1
mario/Enemy/beam	calcVertices__9TConeBeamFi	1680	95.65	DIFFERENT	block 9 effect 3 address differs: 0x9c4 'lfsx f1,r4,r0' vs 0xb40 'lfsx f23,r6,r0'
mario/Enemy/hanasambo	checkGenCoin__20TSamboFlowerCoinUnitFv	852	97.87	UNSUPPORTED	stack: address-taken object layout differs (P 96 vs Q 76)
mario/Enemy/hanasambo	perform__10TSamboLeafFUlPQ26JDrama9TGraphics	548	96.52	UNSUPPORTED	stack: address-taken object extent differs (P 108..200 vs Q 112..200)
mario/Enemy/hanasambo	loadAfter__19TSamboFlowerManagerFv	952	99.99	EQUIVALENT	L1
mario/Enemy/hanasambo	dropLeaf__19TSamboFlowerManagerFRQ29JGeometry8TVec3<f>RQ29JGeometry8TVec3<f>	560	99.97	UNSUPPORTED	stack: address-taken object extent differs (P 144..272 vs Q 148..272)
mario/Enemy/hanasambo	init__10THanaSamboFP12TLiveManager	688	99.65	DIFFERENT	block 12 effect 21 call args differ: r7: 0x3e90 'bl 3e90 <init__10THanaSamboFP12TLiveManager+0x288>' vs 0x4d1c 'bl 4d1c <init__10THanaSamboFP12TLiveManager+0x288>'
mario/Enemy/hanasambo	SamboHeadRollCallback__FP7J3DNodei	772	97.72	DIFFERENT	block 18 effect 8 address differs: 0x2568 'lfs f0,428(r3)' vs 0x2f6c 'lfs f0,32(r29)'
mario/Enemy/hanasambo	attackToMario__10TSamboHeadFv	388	99.95	EQUIVALENT	L1: frame 96/80
mario/Enemy/hanasambo	genEventCoin__10TSamboHeadFv	716	99.97	EQUIVALENT	L1
mario/Enemy/hanasambo	execute__21TNerveSamboHeadAttackCFP24TSpineBase<10TLiveActor>	896	99.86	UNSUPPORTED	stack: store-only slot at a different SP offset (possible outgoing argument): 0xe4c 'stw r3,208(r1)' vs 0x1028 'stw r3,228(r1)'
mario/Enemy/hanasambo	execute__23TNerveSamboHeadHitWaterCFP24TSpineBase<10TLiveActor>	1280	98.71	DIFFERENT	block 59 effect 0 address differs: 0x6c0 'lwz r12,0(r30)' vs 0x7d8 'lwz r5,404(r30)'
mario/Enemy/popo	PopoRollCallback__FP7J3DNodei	560	99.65	EQUIVALENT	L1: frame 208/184
mario/Enemy/popo	PopoPossessedCallback__FP7J3DNodei	944	99.62	DIFFERENT	block 28 return value r4 differs (0x3a58 'bclr 20,lt,0')
mario/Enemy/popo	PopoNonScaleCallback__FP7J3DNodei	412	99.80	EQUIVALENT	L1: frame 192/128
mario/Enemy/popo	init__5TPopoFP12TLiveManager	588	99.93	EQUIVALENT	L1
mario/Enemy/popo	walkBehavior__5TPopoFif	1248	98.57	DIFFERENT	block 7 effect 0 address differs: 0x21fc 'lwz r3,0(r4)' vs 0x276c 'lwz r3,0(r4)'
mario/Enemy/popo	calcRootMatrix__5TPopoFv	1220	97.81	DIFFERENT	block 16 branch: 0x1cd0 'bc 12,eq,1cf8 <calcRootMatrix__5TPopoFv+0x2cc>' vs 0x2214 'bc 12,eq,223c <calcRootMatrix__5TPopoFv+0x2cc>'
mario/Enemy/fruitsboat	init__11TFruitsBoatFP12TLiveManager	1188	99.98	EQUIVALENT	L1
mario/Enemy/fruitsboat	moveObject__11TFruitsBoatFv	2088	99.51	EQUIVALENT	L1: frame 352/336
mario/Enemy/fruitsboat	execute__27TNerveFruitsBoatGraphWanderCFP24TSpineBase<10TLiveActor>	1060	99.85	UNSUPPORTED	stack: address-taken object layout differs (P 176 vs Q 244)
mario/Enemy/BossHanachanSub	BHSCalcCentrifugalForce__FRCQ29JGeometry8TVec3<f>RCQ29JGeometry8TVec3<f>RCQ29JGeometry8TVec3<f>f	688	99.84	EQUIVALENT	L1: frame 160/128
mario/Enemy/BossHanachanSub	BHSCalcRevisionDistXZByRotateZ__FfffPfPf	140	94.03	EQUIVALENT	L2: frame 88/80
mario/Enemy/BossHanachanSub	__ct__11TSphereLinkFUsRCQ29JGeometry8TVec3<f>ffffff	480	99.89	EQUIVALENT	L1
mario/Enemy/BossHanachanSub	moveHead__11TSphereLinkFRCQ29JGeometry8TVec3<f>	980	91.80	UNSUPPORTED	stack: access inside address-taken object differs (P 184 vs Q 108)
mario/Enemy/BossHanachanSub	setDegreeZAndRevisionPosXZ__11TSphereLinkFif	540	98.19	EQUIVALENT	L2
mario/Enemy/BossHanachanMain	init__13TBossHanachanFP12TLiveManager	1352	99.83	EQUIVALENT	L1
mario/Enemy/BossHanachanMain	throwMario___13TBossHanachanFP9THitActor	896	97.56	EQUIVALENT	L2
mario/Enemy/BossHanachanMain	CalcRevisionPosByRotateZ__FRCQ29JGeometry8TVec3<f>fP3Vec	208	95.58	EQUIVALENT	L2
mario/Enemy/BossHanachanMain	bind__13TBossHanachanFv	780	99.86	EQUIVALENT	L1
mario/Enemy/BossHanachanMain	perform__13TBossHanachanFUlPQ26JDrama9TGraphics	6108	98.19	UNSUPPORTED	stack: address-taken object layout differs (P 1112 vs Q 840)
mario/Enemy/BossHanachanMain	execWalk__13TBossHanachanFb	500	99.68	EQUIVALENT	L1
mario/Enemy/BossHanachanMain	execSlip__13TBossHanachanFv	928	99.90	EQUIVALENT	L1
mario/Enemy/BossHanachanMain	execDamage__13TBossHanachanFv	736	97.04	EQUIVALENT	L2
mario/Enemy/BossHanachanAnm	setHeadAndBodyAnm__13TBossHanachanF23EnumBossHanachanAnmKind36EnumBossHanachanStopMotionBlendOnOff	288	98.61	EQUIVALENT	L1
mario/Enemy/BossHanachanAnm	changeAnmRateAndFrameUpdate___13TBossHanachanFv	1644	99.91	EQUIVALENT	L1
mario/Enemy/BossHanachanParts	considerSetAnm___22TBossHanachanPartsBaseF24EnumBossHanachanNerveAnm	1844	99.95	EQUIVALENT	L1: frame 272/232
mario/Enemy/BossHanachanParts	setAnm___22TBossHanachanPartsBodyF23EnumBossHanachanAnmKind36EnumBossHanachanStopMotionBlendOnOff	308	93.10	EQUIVALENT	L2
mario/Enemy/amiNoko	init__8TAmiNokoFP12TLiveManager	548	99.91	UNSUPPORTED	stack: address-taken object extent differs (P 112..152 vs Q 108..152)
mario/Enemy/amiNoko	isHitValid__8TAmiNokoFUl	344	99.65	EQUIVALENT	L1
mario/Enemy/amiNoko	calcDirection__8TAmiNokoFv	1720	99.49	DIFFERENT	block 26 effect 2 icall args differ: f2: 0x1c18 'bclrl 20,lt,0' vs 0x2334 'bclrl 20,lt,0'
mario/Enemy/amiNoko	calcRootMatrix__8TAmiNokoFv	704	96.19	UNSUPPORTED	stack: access inside address-taken object differs (P 68 vs Q 80)
mario/Enemy/amiNoko	bind__8TAmiNokoFv	556	99.95	EQUIVALENT	L1
mario/Enemy/amiNoko	execute__24TNerveAmiNokoWalkOnFenceCFP24TSpineBase<10TLiveActor>	1144	99.96	EQUIVALENT	L1
mario/Enemy/amiNoko	execute__16TNerveAmiNokoDieCFP24TSpineBase<10TLiveActor>	1192	99.93	EQUIVALENT	L1
mario/Enemy/gatekeeper	init__17TBiancoGateKeeperFP12TLiveManager	1888	99.68	UNSUPPORTED	stack: address-taken object layout differs (P 404 vs Q 332)
mario/Enemy/BossHanachanEffect	emitParticle___13TBossHanachanFv	1044	99.61	UNSUPPORTED	stack: address-taken object extent differs (P 112..200 vs Q 76..168)
mario/Enemy/bgtentacle	calc__18TBGTentacleMtxCalcFUs	1980	99.65	DIFFERENT	block 23 effect 0 address differs: 0x4c00 'lfs f4,0(r24)' vs 0x56d4 'lfs f5,32(r25)'
mario/Enemy/bgtentacle	moveRequest__10TBGTakeHitFRCQ29JGeometry8TVec3<f>	744	99.76	UNSUPPORTED	stack: address-taken object extent differs (P 244..272 vs Q 240..272)
mario/Enemy/bgtentacle	perform__10TBGTakeHitFUlPQ26JDrama9TGraphics	1844	98.64	UNSUPPORTED	stack: address-taken object extent differs (P 436..576 vs Q 280..424)
mario/Enemy/bgtentacle	perform__12TBGAttackHitFUlPQ26JDrama9TGraphics	1028	99.75	EQUIVALENT	L1: frame 232/168
mario/Enemy/bgtentacle	__ct__11TBGTentacleFP10TBossGessoii	1396	99.17	UNSUPPORTED	stack: address-taken object layout differs (P 276 vs Q 232)
mario/Enemy/bgtentacle	setAttackTarget__11TBGTentacleFv	1132	95.52	UNSUPPORTED	stack: access inside address-taken object differs (P 292 vs Q 140)
mario/Enemy/bgtentacle	moveNode__11TBGTentacleFv	2400	99.61	UNSUPPORTED	stack: inconsistent slot mapping (P 444 vs Q 288)
mario/Enemy/bgtentacle	calcAttackGuideAnm__11TBGTentacleFv	1152	98.94	UNSUPPORTED	stack: access inside address-taken object differs (P 276 vs Q 328)
mario/Enemy/hauntLeg	HauntLegCallback__FP7J3DNodei	368	94.01	UNSUPPORTED	stack: unpaired address-taken slot
mario/Enemy/hauntLeg	initSetEnemies__16THauntLegManagerFv	452	99.79	EQUIVALENT	L1
mario/Enemy/hauntLeg	init__9THauntLegFP12TLiveManager	364	99.96	EQUIVALENT	L1
mario/Enemy/hauntLeg	calcRootMatrix__9THauntLegFv	1032	99.64	EQUIVALENT	L1: frame 376/312
mario/Enemy/hauntLeg	execute__19TNerveHauntLegHauntCFP24TSpineBase<10TLiveActor>	756	99.96	EQUIVALENT	L1
mario/Enemy/wireTrap	load__9TWireTrapFR20JSUMemoryInputStream	544	99.91	UNSUPPORTED	stack: address-taken object extent differs (P 140..168 vs Q 136..168)
mario/Enemy/wireTrap	calcRootMatrix__9TWireTrapFv	1500	96.94	EQUIVALENT	L2: frame 472/464
mario/Enemy/wireTrap	checkHitActors__9TWireTrapFv	1440	99.04	EQUIVALENT	L2: frame 448/304
mario/Enemy/wireTrap	execute__24TNerveWireTrapReturnMoveCFP24TSpineBase<10TLiveActor>	488	99.90	EQUIVALENT	L1: frame 104/96
mario/Enemy/wireTrap	execute__24TNerveWireTrapOnewayMoveCFP24TSpineBase<10TLiveActor>	912	99.90	EQUIVALENT	L1: frame 136/128
mario/Enemy/wireTrap	execute__20TNerveWireTrapSearchCFP24TSpineBase<10TLiveActor>	648	99.03	EQUIVALENT	L2: frame 160/136
mario/Enemy/rocket	initSetEnemies__14TRocketManagerFv	356	99.94	EQUIVALENT	L1
mario/Enemy/rocket	calcRootMatrix__7TRocketFv	972	98.99	DIFFERENT	block 14 branch: 0x10e0 'bc 12,eq,1108 <calcRootMatrix__7TRocketFv+0x260>' vs 0x1470 'bc 12,eq,1498 <calcRootMatrix__7TRocketFv+0x260>'
mario/Enemy/rocket	setDeadAnm__7TRocketFv	236	91.71	EQUIVALENT	L2: frame 152/104
mario/Enemy/rocket	execute__27TNerveRocketPossessedNozzleCFP24TSpineBase<10TLiveActor>	668	99.95	EQUIVALENT	L1: frame 160/64
mario/Enemy/rocket	execute__15TNerveRocketFlyCFP24TSpineBase<10TLiveActor>	592	98.94	UNSUPPORTED	stack: access inside address-taken object differs (P 132 vs Q 88)
mario/Enemy/Kazekun	SMS_CalcToDirMatrix__FRQ29JGeometry64TPosition3<Q29JGeometry38TMatrix34<Q29JGeometry13SMatrix34C<f>>>RCQ29JGeometry8TVec3<f>RCQ29JGeometry8TVec3<f>	572	97.69	EQUIVALENT	L1: frame 208/192
mario/Enemy/Kazekun	calcRootMatrix__8TKazekunFv	580	98.08	DIFFERENT	block 20 effect 2 call args differ: f6/f8: 0x281c 'bl 281c <calcRootMatrix__8TKazekunFv+0x20c>' vs 0x3cbc 'bl 3cbc <calcRootMatrix__8TKazekunFv+0x20c>'
mario/Enemy/Kazekun	flyAroundMario__8TKazekunFv	916	97.28	UNSUPPORTED	stack: address-taken object layout differs (P 212 vs Q 196)
mario/Enemy/Kazekun	doAttackPose__8TKazekunFb	1316	89.50	UNSUPPORTED	stack: address-taken object layout differs (P 408 vs Q 496)
mario/Enemy/Kazekun	getQuat__Q29JGeometry64TRotation3<Q29JGeometry38TMatrix34<Q29JGeometry13SMatrix34C<f>>>CFRQ29JGeometry9TQuat4<f>	688	99.53	EQUIVALENT	L1
mario/Enemy/Kazekun	execute__19TNerveKazekunAttackCFP24TSpineBase<10TLiveActor>	1408	99.89	UNSUPPORTED	stack: address-taken object layout differs (P 216 vs Q 220)
mario/Enemy/bossManta	execute__15TNerveMantaMoveCFP24TSpineBase<10TLiveActor>	2484	98.93	EQUIVALENT	L2: frame 304/504
mario/Enemy/bossManta	getIntoGraphVec__10TBossMantaFPQ29JGeometry8TVec3<f>	656	99.89	EQUIVALENT	L1
mario/Enemy/bossManta	init__10TBossMantaFP12TLiveManager	660	99.14	UNSUPPORTED	stack: address-taken object layout differs (P 140 vs Q 144)
mario/Enemy/bossManta	moveObject__10TBossMantaFv	480	99.97	UNSUPPORTED	stack: address-taken object extent differs (P 32..96 vs Q 36..96)
mario/Enemy/bossManta	collidedWithWater__10TBossMantaFv	1164	99.91	EQUIVALENT	L1: frame 160/168
mario/Enemy/bossManta	control__10TBossMantaFv	604	99.92	UNSUPPORTED	stack: address-taken object layout differs (P 272 vs Q 272)
mario/Enemy/bossManta	calcRootMatrix__10TBossMantaFv	288	99.03	EQUIVALENT	L1
mario/Enemy/bossManta	updateAttractor__10TBossMantaFv	1744	99.31	EQUIVALENT	L1: frame 360/368
mario/Enemy/bossManta	__ct__32TBossMantaAdditionalCollisionSetFv	324	99.81	UNSUPPORTED	stack: address-taken object extent differs (P 80..136 vs Q 76..136)
mario/Enemy/bossManta	adapt__32TBossMantaAdditionalCollisionSetFP10TBossManta	212	98.77	EQUIVALENT	L1: frame 128/120
mario/Enemy/bossManta	update__32TBossMantaAdditionalCollisionSetFUlPQ26JDrama9TGraphics	480	99.81	EQUIVALENT	L1: frame 240/152
mario/Enemy/bossManta	loadAfter__17TBossMantaManagerFv	428	98.18	DIFFERENT	block 2 effect 1 call args differ: r5: 0x1320 'bl 1320 <loadAfter__17TBossMantaManagerFv+0x58>' vs 0x183c 'bl 183c <loadAfter__17TBossMantaManagerFv+0x58>'
mario/Enemy/bossManta	drawMantaShadow__17TBossMantaManagerFPQ26JDrama9TGraphics	1712	99.79	UNSUPPORTED	stack: address-taken object layout differs (P 428 vs Q 244)
mario/Enemy/bossManta	setupEfbAlpha__17TBossMantaManagerFPQ26JDrama9TGraphics	692	99.95	EQUIVALENT	L1
mario/Enemy/bossManta	spawn__17TBossMantaManagerFiRCQ29JGeometry8TVec3<f>	508	98.88	EQUIVALENT	L1
mario/Enemy/wireBinder	bind__11TWireBinderFP10TLiveActor	696	99.96	EQUIVALENT	L1
mario/Enemy/yunbo	shotSeeds__6TYumboFv	1272	95.74	UNSUPPORTED	stack: inconsistent slot mapping (P 272 vs Q 352)
mario/Enemy/yunbo	execute__18TNerveYumboDancingCFP24TSpineBase<10TLiveActor>	688	99.98	EQUIVALENT	L1
mario/Enemy/koopajr	calcNearerDirection__14TDirectionCalcFf	160	69.88	UNSUPPORTED	cfg: 6 vs 9 blocks
mario/Enemy/koopajr	sub__14TDirectionCalcFf	160	98.38	EQUIVALENT	L1
mario/Enemy/koopajr	calcTurnDirection__14TDirectionCalcFff	260	98.17	EQUIVALENT	L1: frame 80/72
mario/Enemy/koopajr	perform__8TKoopaJrFUlPQ26JDrama9TGraphics	1232	99.94	UNSUPPORTED	stack: store-only slot at a different SP offset (possible outgoing argument): 0x3b50 'stw r3,216(r1)' vs 0x5384 'stw r3,264(r1)'
mario/Enemy/koopajr	init__17TKoopaJrSubmarineFP12TLiveManager	1096	94.44	UNSUPPORTED	stack: address-taken object layout differs (P 264 vs Q 276)
mario/Enemy/koopajr	makeCollisionPositions__17TKoopaJrSubmarineFv	220	99.80	EQUIVALENT	L1: frame 128/112
mario/Enemy/koopajr	bind__17TKoopaJrSubmarineFv	244	99.89	EQUIVALENT	L1
mario/Enemy/koopajr	calcRootMatrix__17TKoopaJrSubmarineFv	1088	98.46	EQUIVALENT	L2: frame 480/456
mario/Enemy/koopajr	launchKiller__17TKoopaJrSubmarineFv	312	95.64	DIFFERENT	block 1 effect 6 address differs: 0x14b8 'lwz r29,0(r3)' vs 0x1854 'lwz r29,4(r3)'
mario/Enemy/koopajr	makeKillerVelocity__17TKoopaJrSubmarineFP14TBathtubKillerQ29JGeometry8TVec3<f>	1804	96.56	UNSUPPORTED	stack: address-taken object extent differs (P 196..376 vs Q 224..400)
mario/Enemy/koopajr	makeRelativeAngle__17TKoopaJrSubmarineFv	504	99.63	UNSUPPORTED	stack: store-only slot at a different SP offset (possible outgoing argument): 0xbe0 'stw r3,116(r1)' vs 0xef4 'stw r3,132(r1)'
mario/Enemy/koopajr	makeRoundVelocity__17TKoopaJrSubmarineFv	716	99.61	EQUIVALENT	L1
mario/Enemy/koopajr	checkNerve__17TKoopaJrSubmarineFv	888	99.56	UNSUPPORTED	stack: store-only slot at a different SP offset (possible outgoing argument): 0x574 'stw r3,132(r1)' vs 0x738 'stw r3,148(r1)'
mario/Enemy/koopajr	createEnemyInstance__24TKoopaJrSubmarineManagerFv	72	3.89	DIFFERENT	block 1 effect 0: 0x90 'bl 90 <createEnemyInstance__24TKoopaJrSubmarineManagerFv+0x2c>' vs 0x98 'bl 98 <createEnemyInstance__24TKoopaJrSubmarineManagerFv+0x2c>'
mario/Enemy/Kumokun	initAttachPlane__8TKumokunFv	1048	96.51	UNSUPPORTED	stack: unpaired address-taken slot
mario/Enemy/Kumokun	bind__8TKumokunFv	1780	99.51	DIFFERENT	block 34 effect 0: - vs 0x7ad4 'lfs f0,4(r5)'
mario/Enemy/Kumokun	checkOnMovingWall__8TKumokunCFPQ29JGeometry8TVec3<f>PPC12TBGCheckDataRCQ29JGeometry8TVec3<f>RCQ29JGeometry8TVec3<f>	884	99.26	UNSUPPORTED	stack: address-taken object extent differs (P 84..256 vs Q 80..248)
mario/Enemy/Kumokun	checkOnMovingFloor__8TKumokunCFPQ29JGeometry8TVec3<f>PPC12TBGCheckDataRCQ29JGeometry8TVec3<f>RCQ29JGeometry8TVec3<f>	660	97.95	UNSUPPORTED	stack: unpaired address-taken slot
mario/Enemy/Kumokun	checkOnMovingRoof__8TKumokunCFPQ29JGeometry8TVec3<f>PPC12TBGCheckDataRCQ29JGeometry8TVec3<f>RCQ29JGeometry8TVec3<f>	920	99.86	UNSUPPORTED	stack: address-taken object layout differs (P 152 vs Q 152)
mario/Enemy/Kumokun	bindOnFlying__8TKumokunFv	700	99.41	UNSUPPORTED	stack: address-taken object layout differs (P 20 vs Q 88)
mario/Enemy/Kumokun	calcRootMatrix__8TKumokunFv	920	99.97	EQUIVALENT	L1
mario/Enemy/Kumokun	decideTargetAtDir__8TKumokunFRCQ29JGeometry8TVec3<f>	808	98.98	UNSUPPORTED	stack: inconsistent slot mapping (P 172 vs Q 164)
mario/Enemy/Kumokun	rotateGoalDirToLocal__8TKumokunCFRCQ29JGeometry8TVec3<f>	324	97.73	EQUIVALENT	L1: frame 96/128
mario/Enemy/Kumokun	execute__19TNerveKumokunSearchCFP24TSpineBase<10TLiveActor>	1496	98.30	EQUIVALENT	L2: frame 248/232
mario/Enemy/Kumokun	rotate__Q29JGeometry9TQuat4<f>CFRCQ29JGeometry8TVec3<f>RQ29JGeometry8TVec3<f>	152	90.39	EQUIVALENT	L1
mario/Enemy/Kumokun	execute__17TNerveKumokunWaitCFP24TSpineBase<10TLiveActor>	1028	95.88	UNSUPPORTED	stack: address-taken object extent differs (P 108..272 vs Q 112..264)
mario/Enemy/Koopa	execute__16TNerveKoopaTurnLCFP24TSpineBase<10TLiveActor>	408	99.93	EQUIVALENT	L1: frame 424/160
mario/Enemy/Koopa	execute__16TNerveKoopaTurnRCFP24TSpineBase<10TLiveActor>	400	99.93	EQUIVALENT	L1: frame 416/152
mario/Enemy/Koopa	execute__15TNerveKoopaWaitCFP24TSpineBase<10TLiveActor>	2268	99.83	UNSUPPORTED	stack: address-taken object layout differs (P 528 vs Q 416)
mario/Enemy/Koopa	execute__17TNerveKoopaTumbleCFP24TSpineBase<10TLiveActor>	464	99.89	EQUIVALENT	L1: frame 120/104
mario/Enemy/Koopa	execute__16TNerveKoopaFlameCFP24TSpineBase<10TLiveActor>	2740	99.86	UNSUPPORTED	stack: address-taken object layout differs (P 784 vs Q 460)
mario/Enemy/Koopa	control__11TKoopaFlameFv	240	94.33	EQUIVALENT	L2
mario/Enemy/Koopa	attack___11TKoopaFlameFP9THitActor	196	18.43	UNSUPPORTED	cfg: 4 vs 11 blocks
mario/Enemy/Koopa	receiveMessage__10TKoopaHeadFP9THitActorUl	792	98.46	EQUIVALENT	L2: frame 192/184
mario/Enemy/Koopa	receiveMessage__10TKoopaBodyFP9THitActorUl	692	97.22	EQUIVALENT	L2: frame 184/176
mario/Enemy/Koopa	KoopaNeckCallBack__9@unnamed@FP7J3DNodei	2516	93.72	DIFFERENT	block 12 effect 3 address differs: 0x3520 'lfs f6,28(r30)' vs 0x4318 'lfs f7,20(r30)'
mario/Enemy/Koopa	setUpHitActors__6TKoopaFv	1176	98.09	DIFFERENT	block 31 effect 7 address differs: 0x3138 'lfs f31,12(r3)' vs 0x3990 'lfs f29,44(r3)'
mario/Enemy/Koopa	getFlameDirRate__6TKoopaCFv	352	99.20	EQUIVALENT	L1: frame 240/144
mario/Enemy/Koopa	getTargetDir__6TKoopaCFRCQ29JGeometry8TVec3<f>	252	99.81	EQUIVALENT	L1: frame 232/192
mario/Enemy/Koopa	updateAnmSound__6TKoopaFv	200	99.50	DIFFERENT	block 6 return value f1 differs (0x19dc 'bclr 20,lt,0')
mario/Enemy/Koopa	init__6TKoopaFP12TLiveManager	1084	99.53	EQUIVALENT	L1: frame 336/288
mario/Enemy/Koopa	perform__6TKoopaFUlPQ26JDrama9TGraphics	1192	99.92	EQUIVALENT	L1: frame 496/416
mario/Enemy/Koopa	calcRootMatrix__6TKoopaFv	780	81.67	UNSUPPORTED	stack: access inside address-taken object differs (P 132 vs Q 92)
mario/Enemy/Kukku	init__10TKukkuBallFv	288	99.94	UNSUPPORTED	stack: address-taken object layout differs (P 108 vs Q 112)
mario/Enemy/Kukku	perform__10TKukkuBallFUlPQ26JDrama9TGraphics	676	97.17	DIFFERENT	block 12 effect 1: 0x22e0 'lfs f2,80(r29)' vs 0x3c94 'lwz r3,0(0)'
mario/Enemy/Kukku	calcRootMatrix__6TKukkuFv	984	98.84	EQUIVALENT	L1: frame 344/328
mario/Enemy/Kukku	calcMomentum__6TKukkuFf	284	95.77	EQUIVALENT	L1
mario/Enemy/Kukku	dropCoins__6TKukkuFv	1088	86.49	UNSUPPORTED	stack: address-taken slots only on one side
mario/Enemy/Kukku	set<f>__Q29JGeometry8TVec3<f>Ffff	16	0.00	UNSUPPORTED	ours: symbol missing
mario/Enemy/Kukku	execute__22TNerveKukkuGraphWanderCFP24TSpineBase<10TLiveActor>	984	94.57	UNSUPPORTED	stack: unpaired address-taken slot
mario/Enemy/Kukku	execute__15TNerveKukkuFallCFP24TSpineBase<10TLiveActor>	664	96.99	EQUIVALENT	L2
mario/Enemy/Kukku	execute__23TNerveKukkuRecoverGraphCFP24TSpineBase<10TLiveActor>	364	99.96	EQUIVALENT	L1
mario/Enemy/Amenbo	bind__7TAmenboFv	728	99.96	EQUIVALENT	L1
mario/Enemy/Amenbo	execute__18TNerveAmenboSearchCFP24TSpineBase<10TLiveActor>	1408	97.87	EQUIVALENT	L2: frame 280/256
mario/Enemy/Amenbo	execute__16TNerveAmenboTurnCFP24TSpineBase<10TLiveActor>	704	99.93	EQUIVALENT	L1
mario/Enemy/Amenbo	execute__16TNerveAmenboWalkCFP24TSpineBase<10TLiveActor>	856	97.62	EQUIVALENT	L2: frame 152/160
mario/Enemy/Amenbo	execute__20TNerveAmenboHitWaterCFP24TSpineBase<10TLiveActor>	664	96.20	EQUIVALENT	L2: frame 112/88
mario/Enemy/BathtubPeach	execute__17TNervePeachEscapeCFP24TSpineBase<10TLiveActor>	1324	99.12	UNSUPPORTED	stack: store-only slot at a different SP offset (possible outgoing argument): 0x82c 'stw r0,544(r1)' vs 0xbe8 'stw r0,336(r1)'
mario/Enemy/BathtubKiller	setMActorAndKeeper__14TBathtubKillerFv	368	88.09	EQUIVALENT	L2
mario/Enemy/BathtubKiller	bind__14TBathtubKillerFv	1004	99.97	EQUIVALENT	L1
mario/Enemy/BathtubKiller	perform__14TBathtubKillerFUlPQ26JDrama9TGraphics	1164	98.47	DIFFERENT	block 47 effect 0 call args differ: r4: 0x33c0 'bl 33c0 <perform__14TBathtubKillerFUlPQ26JDrama9TGraphics+0x464>' vs 0x441c 'bl 441c <perform__14TBathtubKillerFUlPQ26JDrama9TGraphics+0x468>'
mario/Enemy/BathtubKiller	moveChasing__14TBathtubKillerFv	604	98.24	DIFFERENT	block 15 return value f1 differs (0x2bb4 'bclr 20,lt,0')
mario/Enemy/BathtubKiller	makeQuat__14TBathtubKillerFQ29JGeometry8TVec3<f>ff	1532	97.27	EQUIVALENT	L1: frame 480/504
mario/Enemy/BathtubKiller	isAboided__14TBathtubKillerFv	836	98.73	EQUIVALENT	L2: frame 240/224
mario/Enemy/BathtubKiller	execute__25TNerveBathtubKillerWanderCFP24TSpineBase<10TLiveActor>	952	99.85	UNSUPPORTED	stack: inconsistent slot mapping (P 92 vs Q 96)
mario/Enemy/BathtubKiller	execute__24TNerveBathtubKillerChaseCFP24TSpineBase<10TLiveActor>	912	99.86	UNSUPPORTED	stack: inconsistent slot mapping (P 68 vs Q 88)
mario/Enemy/BathtubKiller	execute__32TNerveBathtubKillerChaseStraightCFP24TSpineBase<10TLiveActor>	1088	95.09	UNSUPPORTED	stack: inconsistent slot mapping (P 96 vs Q 132)
mario/Enemy/BathtubKiller	execute__27TNerveBathtubKillerStraightCFP24TSpineBase<10TLiveActor>	400	86.98	EQUIVALENT	L2: frame 72/88
mario/Enemy/BathtubKiller	execute__24TNerveBathtubKillerBreakCFP24TSpineBase<10TLiveActor>	284	99.94	EQUIVALENT	L1
mario/Enemy/BathtubKiller	execute__28TNerveBathtubKillerExplosionCFP24TSpineBase<10TLiveActor>	320	99.95	EQUIVALENT	L1
mario/Enemy/coasterkiller	bind__13TCoasterEnemyFv	220	99.87	EQUIVALENT	L1
mario/Enemy/coasterkiller	moveCoaster__13TCoasterEnemyFv	1712	96.04	EQUIVALENT	L2: saved 12/13 regs
mario/Enemy/coasterkiller	perform__14TCoasterKillerFUlPQ26JDrama9TGraphics	360	95.46	EQUIVALENT	L2: frame 88/80
mario/Enemy/TabePuku	updateTerrainCollsion__11TTPHitActorFv	420	93.04	DIFFERENT	block 3 branch: 0x2e6c 'bc 12,eq,2e9c <updateTerrainCollsion__11TTPHitActorFv+0xd8>' vs 0x4350 'bc 12,eq,4380 <updateTerrainCollsion__11TTPHitActorFv+0xd8>'
mario/Enemy/TabePuku	bind__11TTPHitActorFv	672	96.48	UNSUPPORTED	stack: access inside address-taken object differs (P 212 vs Q 224)
mario/Enemy/TabePuku	init__9TTabePukuFP12TLiveManager	432	99.95	EQUIVALENT	L1
mario/Enemy/TabePuku	bind__9TTabePukuFv	428	99.56	EQUIVALENT	L1: frame 224/176
mario/Enemy/TabePuku	getTakingMtx__9TTabePukuFv	388	93.45	DIFFERENT	block 0 effect 21 icall args differ: f3/f4/f5/f6/f7/f8: 0x2338 'bclrl 20,lt,0' vs 0x326c 'bclrl 20,lt,0'
mario/Enemy/TabePuku	swimTo__9TTabePukuFRCQ29JGeometry8TVec3<f>	2068	99.33	DIFFERENT	block 4 effect 10 icall args differ: f4: 0x182c 'bclrl 20,lt,0' vs 0x1de4 'bclrl 20,lt,0'
mario/Enemy/TabePuku	execute__19TNerveTabePukuFoundCFP24TSpineBase<10TLiveActor>	680	99.76	DIFFERENT	block 2 effect 10 icall args differ: f4: 0x104c 'bclrl 20,lt,0' vs 0x128c 'bclrl 20,lt,0'
mario/Enemy/TabePuku	execute__20TNerveTabePukuAttackCFP24TSpineBase<10TLiveActor>	912	99.86	UNSUPPORTED	stack: address-taken object layout differs (P 184 vs Q 200)
mario/Enemy/TabePuku	execute__18TNerveTabePukuDragCFP24TSpineBase<10TLiveActor>	864	99.76	UNSUPPORTED	stack: address-taken object extent differs (P 84..192 vs Q 116..216)
mario/Enemy/BathtubBinder	float___14TBathtubBinderFP10TLiveActor	1148	96.62	UNSUPPORTED	stack: access inside address-taken object differs (P 260 vs Q 228)
mario/Enemy/limitkoopa	loadAfter__11TLimitKoopaFv	1216	99.79	UNSUPPORTED	stack: address-taken object layout differs (P 300 vs Q 276)
mario/Enemy/limitkoopa	perform__11TLimitKoopaFUlPQ26JDrama9TGraphics	844	99.90	EQUIVALENT	L1: frame 368/280
mario/Enemy/limitkoopa	bind__11TLimitKoopaFv	360	99.92	EQUIVALENT	L1
mario/Enemy/limitkoopa	startHipDrop__11TLimitKoopaFv	520	91.55	DIFFERENT	block 4 branch: 0xfd4 'bc 4,eq,fec <startHipDrop__11TLimitKoopaFv+0x184>' vs 0x1a48 'bc 4,eq,1a60 <startHipDrop__11TLimitKoopaFv+0x1a0>'
mario/Enemy/limitkoopa	setUpHitActors__11TLimitKoopaFv	1088	94.90	DIFFERENT	block 10 effect 2 address differs: 0xad4 'lfs f1,36(r31)' vs 0x10d4 'lfs f7,624(r3)'
mario/Enemy/limitkoopajr	moveRun__13TLimitKoopaJrFv	932	99.58	EQUIVALENT	L1: frame 280/256
mario/Enemy/limitkoopajr	execute__21TNerveLimitKoopaJrRunCFP24TSpineBase<10TLiveActor>	424	99.80	EQUIVALENT	L1: frame 96/104
mario/Enemy/limitkoopajr	execute__22TNerveLimitKoopaJrWaitCFP24TSpineBase<10TLiveActor>	884	99.85	EQUIVALENT	L1
mario/GC2D/Menu	perform__9TMenuBaseFUlPQ26JDrama9TGraphics	152	99.87	UNSUPPORTED	stack: address-taken object extent differs (P 24..280 vs Q 32..280)
mario/GC2D/Menu	__ct__10TMenuPlaneFPC13TMarioGamePadP7J2DPaneUlUl	464	93.07	UNSUPPORTED	stack: address-taken object extent differs (P 160..1216 vs Q 156..1208)
mario/GC2D/GCConsole2	load__11TGCConsole2FR20JSUMemoryInputStream	3776	99.88	EQUIVALENT	L2
mario/GC2D/GCConsole2	loadAfter__11TGCConsole2Fv	5128	99.70	UNSUPPORTED	stack: access inside address-taken object differs (P 1388 vs Q 1020)
mario/GC2D/GCConsole2	startCameraDemo__11TGCConsole2Fv	2336	99.08	UNSUPPORTED	stack: address-taken object layout differs (P 484 vs Q 368)
mario/GC2D/GCConsole2	startDisappearCoin__11TGCConsole2Fv	720	98.19	DIFFERENT	block 16 effect 0 call args differ: f2: 0xbec0 'bl bec0 <startDisappearCoin__11TGCConsole2Fv+0x170>' vs 0xc1f4 'bl c1f4 <startDisappearCoin__11TGCConsole2Fv+0x170>'
mario/GC2D/GCConsole2	startInsertLife__11TGCConsole2Fi	1212	99.76	EQUIVALENT	L1: frame 744/736
mario/GC2D/GCConsole2	startAppearLife__11TGCConsole2Fi	1384	99.82	EQUIVALENT	L1
mario/GC2D/GCConsole2	startAppearTelop__11TGCConsole2Fb	472	99.34	UNSUPPORTED	stack: address-taken object extent differs (P 92..240 vs Q 60..192)
mario/GC2D/GCConsole2	pauseOut__11TGCConsole2Fv	916	99.67	EQUIVALENT	L1
mario/GC2D/GCConsole2	startAppearBalloon__11TGCConsole2FUlb	696	98.02	UNSUPPORTED	cfg: 22 vs 21 blocks
mario/GC2D/GCConsole2	startDisappearStar__11TGCConsole2Fv	800	99.95	EQUIVALENT	L1
mario/GC2D/GCConsole2	startAppearStar__11TGCConsole2Fv	972	99.88	EQUIVALENT	L1
mario/GC2D/GCConsole2	drawWaterBack__11TGCConsole2Fv	2140	97.70	UNSUPPORTED	stack: slot layout differs (P 348 vs Q 288)
mario/GC2D/GCConsole2	processMoveNozzle__11TGCConsole2Fv	320	99.58	EQUIVALENT	L1: frame 168/96
mario/GC2D/GCConsole2	setTimer__11TGCConsole2Fl	1128	99.80	DIFFERENT	block 11 branch: 0x7e74 'bc 12,eq,7eec <setTimer__11TGCConsole2Fl+0x348>' vs 0x7ef8 'bc 12,eq,7f70 <setTimer__11TGCConsole2Fl+0x348>'
mario/GC2D/GCConsole2	countShine__11TGCConsole2Fv	2400	92.11	UNSUPPORTED	stack: slot layout differs (P 628 vs Q 504)
mario/GC2D/GCConsole2	countBlueCoin__11TGCConsole2Fv	1168	96.61	EQUIVALENT	L2: frame 352/288
mario/GC2D/GCConsole2	processAppearStar__11TGCConsole2Fi	1816	95.99	UNSUPPORTED	stack: slot layout differs (P 320 vs Q 268)
mario/GC2D/GCConsole2	drawJuice__11TGCConsole2FR13J2DOrthoGraphUl	1348	99.69	DIFFERENT	block 1 branch: 0x4224 'bc 4,gt,4234 <drawJuice__11TGCConsole2FR13J2DOrthoGraphUl+0x1bc>' vs 0x4224 'bc 12,eq,4234 <drawJuice__11TGCConsole2FR13J2DOrthoGraphUl+0x1bc>'
mario/GC2D/GCConsole2	drawWater__11TGCConsole2FR13J2DOrthoGraph	1632	99.71	UNSUPPORTED	stack: access inside address-taken object differs (P 340 vs Q 256)
mario/GC2D/GCConsole2	perform__11TGCConsole2FUlPQ26JDrama9TGraphics	14756	97.18	UNSUPPORTED	stack: address-taken object layout differs (P 3692 vs Q 2544)
mario/GC2D/Talk2D2	load__8TTalk2D2FR20JSUMemoryInputStream	936	99.50	EQUIVALENT	L2
mario/GC2D/Talk2D2	loadAfter__8TTalk2D2Fv	1412	99.79	UNSUPPORTED	stack: address-taken object extent differs (P 268..488 vs Q 248..464)
mario/GC2D/Talk2D2	makeBoxLine__8TTalk2D2FScPc	1252	97.29	UNSUPPORTED	stack: address-taken object extent differs (P 272..648 vs Q 116..488)
mario/GC2D/Talk2D2	moveTalkWindow__8TTalk2D2Fv	728	99.19	DIFFERENT	block 30 effect 4 call args differ: r10: 0x2840 'bl 2840 <moveTalkWindow__8TTalk2D2Fv+0x268>' vs 0x2b90 'bl 2b90 <moveTalkWindow__8TTalk2D2Fv+0x268>'
mario/GC2D/Talk2D2	perform__8TTalk2D2FUlPQ26JDrama9TGraphics	1592	98.41	UNSUPPORTED	cfg: 93 vs 92 blocks
mario/GC2D/Talk2D2	setTagParam__8TTalk2D2FR20JSUMemoryInputStreamR10J2DTextBoxPiPi	3000	99.55	DIFFERENT	block 53 effect 4 call args differ: f1/f2: 0xca8 'bl ca8 <setTagParam__8TTalk2D2FR20JSUMemoryInputStreamR10J2DTextBoxPiPi+0x760>' vs 0xca8 'bl ca8 <setTagParam__8TTalk2D2FR20JSUMemoryInputStreamR10J2DTextBoxPiPi+0x760>'
mario/GC2D/PauseMenu2	perform__11TPauseMenu2FUlPQ26JDrama9TGraphics	2368	99.39	UNSUPPORTED	stack: address-taken object layout differs (P 1196 vs Q 736)
mario/GC2D/PauseMenu2	setDrawStart__11TPauseMenu2Fv	464	99.97	EQUIVALENT	L1
mario/GC2D/PauseMenu2	drawAppearPane__11TPauseMenu2FP10J2DPicturefR7JUTRectf	552	96.57	EQUIVALENT	L2: frame 168/160
mario/GC2D/CardSave	initData__9TCardSaveFP13TMarioGamePad	4712	99.90	EQUIVALENT	L2
mario/GC2D/CardSave	perform__9TCardSaveFUlPQ26JDrama9TGraphics	228	98.33	EQUIVALENT	L1
mario/GC2D/CardSave	waitForStop__9TCardSaveF10TEProgress	2448	98.50	EQUIVALENT	L1
mario/GC2D/CardSave	waitForChoice__9TCardSaveF10TEProgress10TEProgressSc	6580	99.27	DIFFERENT	block 34 effect 32 icall args differ: r8: 0x853c 'bclrl 20,lt,0' vs 0x8af0 'bclrl 20,lt,0'
mario/GC2D/CardSave	waitForChoiceBM__9TCardSaveF10TEProgress10TEProgressSc	6796	99.37	DIFFERENT	block 48 effect 40 icall args differ: r8: 0x6dc8 'bclrl 20,lt,0' vs 0x737c 'bclrl 20,lt,0'
mario/GC2D/CardSave	execMovement___9TCardSaveFv	13064	99.19	UNSUPPORTED	stack: address-taken object layout differs (P 1188 vs Q 1016)
mario/GC2D/CardLoad	load__9TCardLoadFR20JSUMemoryInputStream	4952	99.23	UNSUPPORTED	stack: address-taken object extent differs (P 432..576 vs Q 404..544)
mario/GC2D/CardLoad	perform__9TCardLoadFUlPQ26JDrama9TGraphics	3624	99.94	UNSUPPORTED	stack: address-taken object layout differs (P 524 vs Q 352)
mario/GC2D/CardLoad	waitForChoice__9TCardLoadF10TEProgress10TEProgressi	3704	98.91	DIFFERENT	block 47 effect 21 icall args differ: r8: 0x8470 'bclrl 20,lt,0' vs 0x86cc 'bclrl 20,lt,0'
mario/GC2D/CardLoad	waitForChoiceBM__9TCardLoadF10TEProgress10TEProgressi	4464	99.31	DIFFERENT	block 51 effect 21 icall args differ: r8: 0x75d8 'bclrl 20,lt,0' vs 0x7834 'bclrl 20,lt,0'
mario/GC2D/CardLoad	waitForAnyKeyBM__9TCardLoadF10TEProgress	2216	98.98	DIFFERENT	block 29 effect 21 icall args differ: r8: 0x5f84 'bclrl 20,lt,0' vs 0x61e0 'bclrl 20,lt,0'
mario/GC2D/CardLoad	waitForStart__9TCardLoadF10TEProgress	2440	98.09	EQUIVALENT	L1: frame 424/448
mario/GC2D/CardLoad	selectBookmark__9TCardLoadF10TEProgress10TEProgressb	3900	99.09	DIFFERENT	block 39 effect 26 icall args differ: r8: 0x3bf0 'bclrl 20,lt,0' vs 0x3e4c 'bclrl 20,lt,0'
mario/GC2D/CardLoad	selectFunction__9TCardLoadFv	6480	99.40	DIFFERENT	block 103 branch: 0x3090 'bc 4,eq,30b8 <selectFunction__9TCardLoadFv+0x188c>' vs 0x32ec 'bc 4,eq,3314 <selectFunction__9TCardLoadFv+0x188c>'
mario/GC2D/CardLoad	changeScene__9TCardLoadFv	5956	99.96	UNSUPPORTED	stack: address-taken object layout differs (P 372 vs Q 260)
mario/GC2D/ConsoleStr	perform__11TConsoleStrFUlPQ26JDrama9TGraphics	1852	98.25	UNSUPPORTED	cfg: 79 vs 78 blocks
mario/GC2D/ConsoleStr	processGo__11TConsoleStrFf	1684	97.73	DIFFERENT	block 19 effect 13: 0x1220 'lfd f0,552(r1)' vs 0x126c 'stw r8,500(r1)'
mario/GC2D/ConsoleStr	processShineGet__11TConsoleStrFi	776	91.29	EQUIVALENT	L2: frame 360/344
mario/GC2D/ConsoleStr	processMiss__11TConsoleStrFi	864	95.25	UNSUPPORTED	stack: unpaired address-taken slot
mario/GC2D/ConsoleStr	startCloseWipe__11TConsoleStrFb	1428	99.14	UNSUPPORTED	stack: inconsistent slot mapping (P 392 vs Q 328)
mario/GC2D/SelectMenu	perform__11TSelectGradFUlPQ26JDrama9TGraphics	956	98.36	EQUIVALENT	L2
mario/GC2D/SelectMenu	initData__11TSelectMenuFUcP10JKRArchiveP19TSelectShineManagerP10TSelectDir	3892	99.49	UNSUPPORTED	stack: address-taken object layout differs (P 336 vs Q 288)
mario/GC2D/SelectMenu	perform__11TSelectMenuFUlPQ26JDrama9TGraphics	6060	99.68	UNSUPPORTED	cfg: block 44 (bc->[124, 45] vs bc->[67, 45])
mario/GC2D/SelectDir	rsetup__10TSelectDirFv	4384	99.63	UNSUPPORTED	stack: inconsistent slot mapping (P 1456 vs Q 1392)
mario/GC2D/SelectDir	direct__10TSelectDirFv	708	99.83	EQUIVALENT	L1: frame 208/80
mario/GC2D/SelectShine2	initData__19TSelectShineManagerFPUcUcUcP17JPAEmitterManager	1384	98.38	UNSUPPORTED	stack: inconsistent slot mapping (P 192 vs Q 152)
mario/GC2D/SelectShine2	perform__19TSelectShineManagerFUlPQ26JDrama9TGraphics	1180	94.07	UNSUPPORTED	stack: address-taken object layout differs (P 216 vs Q 268)
mario/GC2D/SelectShine2	__ct__12TSelectShineFP12J3DModelDataP11J3DAnmColorP17JPAEmitterManagerRQ29JGeometry8TVec3<f>sUcfff	696	99.83	EQUIVALENT	L1: frame 264/216
mario/GC2D/SelectShine2	move__12TSelectShineFv	1232	99.69	EQUIVALENT	L1: frame 344/320
mario/GC2D/Guide	load__6TGuideFR20JSUMemoryInputStream	2564	98.89	UNSUPPORTED	stack: address-taken object extent differs (P 104..400 vs Q 52..352)
mario/GC2D/Guide	resetObjects__6TGuideFv	904	97.77	UNSUPPORTED	cfg: 60 vs 59 blocks
mario/GC2D/Guide	resetScore__6TGuideFv	2360	98.37	DIFFERENT	block 35 branch: 0x2884 'bc 4,gt,288c <resetScore__6TGuideFv+0x528>' vs 0x3298 'bc 4,gt,32a0 <resetScore__6TGuideFv+0x528>'
mario/GC2D/Guide	linkSelect__6TGuideFv	3168	99.53	UNSUPPORTED	stack: address-taken object extent differs (P 172..320 vs Q 96..216)
mario/GC2D/Guide	changeBotStatus__6TGuideFi	1628	98.28	EQUIVALENT	L1: frame 248/40
mario/GC2D/Guide	placeMario__6TGuideFv	596	97.19	UNSUPPORTED	stack: store-only slot at a different SP offset (possible outgoing argument): 0xd10 'stw r0,176(r1)' vs 0x11c8 'stw r0,44(r1)'
mario/GC2D/Guide	appearGuidePane__6TGuideFi	952	99.81	EQUIVALENT	L1
mario/GC2D/Guide	setPaneAlpha__7TExPaneFlss	160	96.85	EQUIVALENT	L2: frame 56/48
mario/GC2D/Guide	perform__6TGuideFUlPQ26JDrama9TGraphics	1824	99.57	EQUIVALENT	L1: frame 696/552
mario/GC2D/hx_wiper	Hxs2_Circle	976	99.65	EQUIVALENT	L1
mario/GC2D/hx_wiper	Hxs_GameOver	1372	99.66	UNSUPPORTED	stack: address-taken object extent differs (P 224..392 vs Q 196..368)
mario/GC2D/hx_wiper	Hxs_Logo_TexDraw	556	96.37	EQUIVALENT	L2: frame 184/168
mario/GC2D/hx_wiper	Hx_Test5	1272	99.82	UNSUPPORTED	stack: address-taken object extent differs (P 12..272 vs Q 12..264)
mario/GC2D/Option	update__17TOptionRumbleUnitFv	964	99.81	EQUIVALENT	L1
mario/GC2D/Option	update__19TOptionSubtitleUnitFv	644	99.68	EQUIVALENT	L1
mario/GC2D/Option	update__16TOptionSoundUnitFv	724	99.57	EQUIVALENT	L1: frame 240/208
mario/GC2D/Option	loadSetting__14TOptionControlFv	1232	99.95	EQUIVALENT	L1: frame 256/232
mario/GC2D/Option	movementOption__14TOptionControlFv	536	99.96	EQUIVALENT	L1
mario/GC2D/Option	checkInput__14TOptionControlFv	1076	99.98	EQUIVALENT	L1: frame 200/112
mario/GC2D/Option	isChangedSetting__14TOptionControlCFv	208	98.85	EQUIVALENT	L2
mario/Map/Map	initMonte__Fv	448	99.79	UNSUPPORTED	stack: address-taken object extent differs (P 212..232 vs Q 176..200)
mario/Map/Map	initMare__Fv	752	99.65	EQUIVALENT	L1: frame 328/312
mario/Map/Map	initStageCommon__Fv	736	99.64	EQUIVALENT	L1: frame 464/400
mario/Map/Map	initStage__Fv	432	99.94	EQUIVALENT	L1: frame 112/88
mario/Map/Map	update__4TMapFv	612	99.94	EQUIVALENT	L1: frame 272/192
mario/Map/Map	isTouchedOneWall__4TMapCFffff	144	99.86	UNSUPPORTED	stack: address-taken object extent differs (P 32..104 vs Q 28..104)
mario/Map/MapCheck	checkWallList__17TMapCollisionDataFPC12TBGCheckListP18TBGWallCheckRecord	1084	97.42	EQUIVALENT	L2: frame 784/560
mario/Map/MapCheck	checkWalls__17TMapCollisionDataCFP18TBGWallCheckRecord	288	98.36	EQUIVALENT	L1: frame 160/96
mario/Map/MapCheck	checkRoofList__17TMapCollisionDataFfffUcPC12TBGCheckListPPC12TBGCheckData	328	98.57	DIFFERENT	block 9 effect 0 address differs: 0x1420 'lfs f31,16(r3)' vs 0x1780 'lfs f31,24(r6)'
mario/Map/MapCheck	checkRoof__17TMapCollisionDataCFfffUcPPC12TBGCheckData	348	99.95	EQUIVALENT	L1
mario/Map/MapCheck	checkGroundList__17TMapCollisionDataFfffUcPC12TBGCheckListPPC12TBGCheckData	408	98.50	DIFFERENT	block 17 effect 0 address differs: 0x117c 'lfs f31,16(r3)' vs 0x14dc 'lfs f31,24(r8)'
mario/Map/MapCheck	bgIntersectLine__FPC12TBGCheckDataRCQ29JGeometry8TVec3<f>RCQ29JGeometry8TVec3<f>bPQ29JGeometry8TVec3<f>	968	91.14	EQUIVALENT	L2: frame 472/392
mario/Map/MapCheck	intersectLine__17TMapCollisionDataCFRCQ29JGeometry8TVec3<f>RCQ29JGeometry8TVec3<f>bPQ29JGeometry8TVec3<f>	2912	96.56	UNSUPPORTED	stack: inconsistent slot mapping (P 1140 vs Q 1100)
mario/Map/MapEventSink	loadAfter__24TMapEventSinkInPollutionFv	152	99.76	EQUIVALENT	L1: frame 184/160
mario/Map/MapEventSink	loadAfter__29TMapEventSinkInPollutionResetFv	308	99.88	EQUIVALENT	L1: frame 344/288
mario/Map/MapEventSink	finishControl__19TMapEventSinkBiancoFv	468	97.59	UNSUPPORTED	stack: address-taken object extent differs (P 108..192 vs Q 80..160)
mario/Map/MapEventSink	loadAfter__24TMapEventSinkShadowMarioFv	200	96.30	DIFFERENT	block 1 effect 12 icall args differ: r5: 0x2a4 'bclrl 20,lt,0' vs 0x308 'bclrl 20,lt,0'
mario/Map/MapMakeData	setCheckData__17TMapCollisionBaseFPCfPCsP12TBGCheckDatai	612	92.11	DIFFERENT	block 0 effect 3 address differs: 0x554 'lfs f0,0(r5)' vs 0x784 'lfs f2,8(r5)'
mario/Map/MapMakeData	updateTrans__17TMapCollisionBaseFRCQ29JGeometry8TVec3<f>	408	99.71	EQUIVALENT	L1: frame 112/88
mario/Map/MapMakeList	getGridArea__17TMapCollisionDataFPC12TBGCheckDataiPiPiPiPi	480	99.50	DIFFERENT	block 6 branch: 0x918 'bc 4,gt,924 <getGridArea__17TMapCollisionDataFPC12TBGCheckDataiPiPiPiPi+0x4c>' vs 0x930 'bc 4,gt,93c <getGridArea__17TMapCollisionDataFPC12TBGCheckDataiPiPiPiPi+0x4c>'
mario/Map/MapMakeList	addCheckDataToGrid__17TMapCollisionDataFP12TBGCheckDatai	1400	93.14	UNSUPPORTED	stack: address-taken object layout differs (P 84 vs Q 28)
mario/Map/MapMakeList	updateCheckListNode__17TMapCollisionDataFlll	256	99.92	EQUIVALENT	L1: frame 96/72
mario/Map/MapMakeList	removeCheckListData__17TMapCollisionDataFUsl	608	99.97	EQUIVALENT	L1: frame 112/72
mario/Map/MapMirror	__ct__13TMirrorCameraFPCc	680	96.25	UNSUPPORTED	stack: access inside address-taken object differs (P 84 vs Q 84)
mario/Map/MapMirror	perform__19TMirrorModelManagerFUlPQ26JDrama9TGraphics	1080	91.33	UNSUPPORTED	stack: address-taken object layout differs (P 300 vs Q 188)
mario/Map/MapWarp	watchToWarp__8TMapWarpFv	800	99.94	UNSUPPORTED	stack: address-taken object layout differs (P 232 vs Q 244)
mario/Map/MapWarp	init__8TMapWarpFR20JSUMemoryInputStream	808	98.32	DIFFERENT	block 11 effect 28 stored value differs: 0x300 'stwx r12,r8,r7' vs 0x300 'stwx r12,r8,r7'
mario/Map/MapStaticObject	init__13TMapStaticObjFPCc	1016	99.86	UNSUPPORTED	stack: address-taken object layout differs (P 140 vs Q 140)
mario/Map/MapWire	drawUpper__8TMapWireCFv	304	99.88	EQUIVALENT	L1: frame 88/64
mario/Map/MapWire	release__8TMapWireFv	1092	99.76	DIFFERENT	block 16 return value r3/r4 differs (0x1510 'bclr 20,lt,0')
mario/Map/MapWire	setFootPointsAtHanged__8TMapWireFPA4_f	664	92.43	UNSUPPORTED	stack: access inside address-taken object differs (P 264 vs Q 192)
mario/Map/MapWire	move__8TMapWireFv	640	99.64	DIFFERENT	block 18 return value f1 differs (0xd40 'bclr 20,lt,0')
mario/Map/MapWire	getPosInWire__8TMapWireCFRCQ29JGeometry8TVec3<f>	412	85.94	UNSUPPORTED	stack: inconsistent slot mapping (P 84 vs Q 56)
mario/Map/MapWire	getPointPosOnWire__8TMapWireCFfPQ29JGeometry8TVec3<f>	400	99.71	DIFFERENT	block 10 effect 5 address differs: 0x894 'lfs f3,24(r3)' vs 0xb70 'lfs f3,32(r3)'
mario/Map/MapWire	init__8TMapWireFPC16TCubeGeneralInfo	1636	98.86	DIFFERENT	block 9 effect 6 call args differ: r7/r8: 0x4c4 'bl 4c4 <init__8TMapWireFPC16TCubeGeneralInfo+0x448>' vs 0x4c4 'bl 4c4 <init__8TMapWireFPC16TCubeGeneralInfo+0x448>'
mario/Map/MapWireManager	getPosInWire__13TMapWireActorCFv	424	99.62	EQUIVALENT	L1
mario/Map/PollutionLayer	stampModel__15TPollutionLayerFP8J3DModel	120	99.27	DIFFERENT	block 0 effect 0 address differs: 0xc80 'lfs f0,56(r3)' vs 0xf3c 'lfs f1,44(r4)'
mario/Map/PollutionLayer	initTexImage__15TPollutionLayerFPCc	468	99.85	UNSUPPORTED	stack: address-taken object extent differs (P 184..472 vs Q 68..360)
mario/Map/MapEventMare	appear__13TMareWallRockFv	408	99.96	UNSUPPORTED	stack: address-taken object extent differs (P 64..120 vs Q 68..120)
mario/Map/MapEventMare	movement__13TMareWallRockFv	904	99.98	UNSUPPORTED	stack: address-taken object layout differs (P 204 vs Q 196)
mario/Map/MapEventMare	loadAfter__13TMareWallRockFv	448	99.91	UNSUPPORTED	stack: address-taken object extent differs (P 100..368 vs Q 64..328)
mario/Map/MapEventMare	rising__21TMareEventDepressWallFv	872	99.88	UNSUPPORTED	stack: address-taken object extent differs (P 56..144 vs Q 52..136)
mario/Map/MapEventMare	depressing__21TMareEventDepressWallFv	1100	99.94	UNSUPPORTED	stack: address-taken object layout differs (P 168 vs Q 120)
mario/Map/MapEventMare	initCommon__21TMareEventDepressWallFv	1144	99.85	UNSUPPORTED	stack: address-taken object extent differs (P 192..472 vs Q 196..480)
mario/Map/BathWaterManager	render__22TBathWaterFlatRendererFPQ26JDrama9TGraphicsRC12TBathtubDataPP10TBathWaterPP16TBathWaterParamsi	2408	99.89	UNSUPPORTED	stack: address-taken object extent differs (P 340..600 vs Q 244..480)
mario/Map/BathWaterManager	render__22TBathWaterMeshRendererFPQ26JDrama9TGraphicsRC12TBathtubDataPP10TBathWaterPP16TBathWaterParamsi	3620	98.10	EQUIVALENT	L2: frame 1152/840
mario/Map/BathWaterManager	setLookDir__Q29JGeometry64TRotation3<Q29JGeometry38TMatrix34<Q29JGeometry13SMatrix34C<f>>>FRCQ29JGeometry8TVec3<f>RCQ29JGeometry8TVec3<f>	480	97.48	EQUIVALENT	L1: frame 216/192
mario/Map/BathWaterManager	prerender__22TBathWaterMeshRendererFPQ26JDrama9TGraphicsRC12TBathtubDataPP10TBathWaterPP16TBathWaterParamsi	2624	94.49	UNSUPPORTED	stack: access inside address-taken object differs (P 448 vs Q 428)
mario/Map/BathWaterManager	initializeIfYet___17TBathWaterManagerFv	3260	98.86	UNSUPPORTED	stack: address-taken object layout differs (P 376 vs Q 392)
mario/Map/BathWaterManager	throwMario__17TBathWaterManagerFf	760	98.84	DIFFERENT	block 7 effect 0 address differs: 0x2288 'lfs f1,4(r31)' vs 0x2310 'lfs f1,28(r31)'
mario/Map/BathWaterManager	getGravityDir__12TBathtubDataCFf	572	98.64	EQUIVALENT	L1: frame 208/240
mario/Map/BathWaterManager	calcBathtub__Q210TBathWater5TDropFRC12TBathtubDatafRCQ29JGeometry8TVec3<f>RCQ29JGeometry8TVec3<f>RiRQ29JGeometry8TVec3<f>	2036	97.32	DIFFERENT	block 0 effect 5 address differs: 0x1738 'lfs f3,60(r4)' vs 0x17b8 'lfs f7,40(r4)'
mario/Map/BathWaterManager	getPos__12TBathtubDataCFiif	416	99.90	EQUIVALENT	L1
mario/Map/BathWaterManager	perform__17TBathWaterManagerFUlPQ26JDrama9TGraphics	4944	98.06	UNSUPPORTED	stack: address-taken object layout differs (P 716 vs Q 732)
mario/MoveBG/MapObjBase	makeObjAppeared__11TMapObjBaseFv	776	99.93	DIFFERENT	block 19 effect 10: 0x103c 'bl 103c <makeObjAppeared__11TMapObjBaseFv+0x2b4>' vs 0x11f4 'bl 11f4 <makeObjAppeared__11TMapObjBaseFv+0x2b4>'
mario/MoveBG/MapObjBase	initAndRegister__11TMapObjBaseFPCc	208	99.79	UNSUPPORTED	stack: address-taken object layout differs (P 76 vs Q 84)
mario/MoveBG/MapObjInit	initUnique__11TMapObjBaseFv	2116	99.98	EQUIVALENT	L1: frame 728/256
mario/MoveBG/MapObjInit	initMActor__11TMapObjBaseFPCcPCcUl	172	87.09	EQUIVALENT	L2: saved 4/3 regs
mario/MoveBG/MapObjInit	makeMActors__11TMapObjBaseFv	780	98.65	UNSUPPORTED	stack: address-taken object extent differs (P 116..216 vs Q 56..152)
mario/MoveBG/MapObjInit	initMapObj__11TMapObjBaseFv	684	97.61	EQUIVALENT	L2: frame 136/120
mario/MoveBG/MapObjGeneral	waitingToAppear__14TMapObjGeneralFv	352	99.89	EQUIVALENT	L1
mario/MoveBG/MapObjGeneral	thrown__14TMapObjGeneralFv	484	99.55	DIFFERENT	block 0 effect 56 call args differ: r6/f2/f4/f5: 0x1c04 'bl 1c04 <thrown__14TMapObjGeneralFv+0x1a0>' vs 0x1cc4 'bl 1cc4 <thrown__14TMapObjGeneralFv+0x1a0>'
mario/MoveBG/MapObjGeneral	recover__14TMapObjGeneralFv	264	99.70	DIFFERENT	block 0 effect 8 call args differ: f5: 0x1344 'bl 1344 <recover__14TMapObjGeneralFv+0x64>' vs 0x1404 'bl 1404 <recover__14TMapObjGeneralFv+0x64>'
mario/MoveBG/MapObjGeneral	bind__14TMapObjGeneralFv	640	99.86	UNSUPPORTED	stack: store-only slot at a different SP offset (possible outgoing argument): 0x848 'stw r3,128(r1)' vs 0x8bc 'stw r3,140(r1)'
mario/MoveBG/MapObjLib	makeMtxRotByAxis__11TMapObjBaseFRCQ29JGeometry8TVec3<f>fPA4_f	420	98.59	EQUIVALENT	L1: frame 128/144
mario/MoveBG/MapObjLib	rotateVecByAxisY__11TMapObjBaseFPQ29JGeometry8TVec3<f>f	268	99.78	EQUIVALENT	L1: frame 208/240
mario/MoveBG/MapObjLib	emitAndSRT__11TMapObjBaseFlUcPCQ29JGeometry8TVec3<f>RCQ29JGeometry8TVec3<f>RCQ29JGeometry8TVec3<f>	224	95.93	EQUIVALENT	L2: frame 80/72
mario/MoveBG/MapObjLib	emitAndRotateScale__11TMapObjBaseCFlUcPCQ29JGeometry8TVec3<f>	240	96.35	EQUIVALENT	L1
mario/MoveBG/MapObjLib	touchWater__11TMapObjTurnFP9THitActor	404	99.90	EQUIVALENT	L1
mario/MoveBG/MapObjLib	control__11TMapObjTurnFv	1416	98.75	UNSUPPORTED	stack: unpaired address-taken slot
mario/MoveBG/Item	control__6TShineFv	1536	99.95	UNSUPPORTED	stack: address-taken object extent differs (P 160..248 vs Q 108..168)
mario/MoveBG/Item	loadBeforeInit__6TShineFR20JSUMemoryInputStream	240	99.97	UNSUPPORTED	stack: address-taken object layout differs (P 24 vs Q 28)
mario/MoveBG/Item	decideRandomLoveFruit__9TEggYoshiFv	312	99.87	EQUIVALENT	L1: frame 104/72
mario/MoveBG/MapObjBianco	control__12TBigWindmillFv	420	99.24	EQUIVALENT	L1
mario/MoveBG/MapObjBianco	__ct__24TBiancoWatermillVerticalFPCc	100	99.80	EQUIVALENT	L1: frame 40/24
mario/MoveBG/MapObjBianco	touchWater__19TBiancoMiniWindmillFP9THitActor	284	99.94	UNSUPPORTED	stack: address-taken object extent differs (P 60..96 vs Q 68..96)
mario/MoveBG/MapObjBianco	touchWall__9TLeafBoatFPQ29JGeometry8TVec3<f>P18TBGWallCheckRecord	312	99.27	EQUIVALENT	L1: frame 120/112
mario/MoveBG/MapObjBianco	bind__9TLeafBoatFv	584	99.28	UNSUPPORTED	stack: address-taken object layout differs (P 212 vs Q 208)
mario/MoveBG/MapObjBianco	control__15TLampSeesawMainFv	492	99.23	EQUIVALENT	L1: frame 72/40
mario/MoveBG/MapObjBianco	loadAfter__15TLampSeesawMainFv	196	99.90	UNSUPPORTED	stack: address-taken object extent differs (P 40..144 vs Q 40..136)
mario/MoveBG/MapObjBianco	control__14TBellWatermillFv	2012	96.59	UNSUPPORTED	stack: unpaired address-taken slot
mario/MoveBG/MapObjSirena	partsRollCallback__FP7J3DNodei	352	99.32	EQUIVALENT	L2
mario/MoveBG/MapObjSirena	moveObject__13TItemSlotDrumFv	1388	99.97	EQUIVALENT	L1
mario/MoveBG/MapObjSirena	generateItem__13TItemSlotDrumFv	1260	95.98	UNSUPPORTED	stack: address-taken object extent differs (P 172..384 vs Q 152..368)
mario/MoveBG/MapObjSirena	touchActor__14TPictureTelesaFP9THitActor	356	99.92	EQUIVALENT	L1: frame 40/48
mario/MoveBG/MapObjMamma	touchWater__9TSandBombFP9THitActor	332	89.41	DIFFERENT	block 0 effect 3: 0x3fbc 'lwz r0,116(r31)' vs 0x45f4 'lfs f31,16(r3)'
mario/MoveBG/MapObjMamma	expanded__13TSandBombBaseFv	192	99.58	EQUIVALENT	L1
mario/MoveBG/MapObjMamma	exploding__13TSandBombBaseFv	388	99.55	EQUIVALENT	L1
mario/MoveBG/MapObjMamma	control__13TSandBombBaseFv	664	99.52	EQUIVALENT	L1
mario/MoveBG/MapObjMamma	withering__11TSandCastleFv	320	99.31	EQUIVALENT	L1
mario/MoveBG/MapObjMamma	expanded__11TSandCastleFv	244	90.56	DIFFERENT	block 0 effect 2: 0x34a0 'bl 34a0 <expanded__11TSandCastleFv+0x2c>' vs 0x3adc 'lwz r3,116(r31)'
mario/MoveBG/MapObjMamma	SandCastleCallBack__FUlUl	148	96.57	EQUIVALENT	L2: frame 64/32
mario/MoveBG/MapObjMamma	waitBeforeExplode__11TSandCastleFv	128	99.94	UNSUPPORTED	stack: address-taken object extent differs (P 28..40 vs Q 24..40)
mario/MoveBG/MapObjMamma	draw__11TLeanMirrorCFv	352	99.48	EQUIVALENT	L1: frame 88/80
mario/MoveBG/MapObjMamma	release__11TLeanMirrorFv	592	98.33	EQUIVALENT	L1: frame 184/144
mario/MoveBG/MapObjMamma	controlShake__11TLeanMirrorFv	820	94.44	UNSUPPORTED	stack: unpaired address-taken slot
mario/MoveBG/MapObjMamma	loadAfter__11TLeanMirrorFv	296	99.91	EQUIVALENT	L1
mario/MoveBG/MapObjMamma	load__11TLeanMirrorFR20JSUMemoryInputStream	316	99.85	EQUIVALENT	L1: frame 208/200
mario/MoveBG/MapObjMamma	load__13TShiningStoneFR20JSUMemoryInputStream	592	97.40	UNSUPPORTED	stack: unpaired address-taken slot
mario/MoveBG/MapObjMamma	control__17TMammaBlockRotateFv	608	99.95	UNSUPPORTED	stack: address-taken object layout differs (P 160 vs Q 144)
mario/MoveBG/MapObjMamma	initMapObj__17TMammaBlockRotateFv	376	99.84	EQUIVALENT	L1: frame 312/200
mario/MoveBG/MapObjMamma	control__9TSandBirdFv	580	99.94	EQUIVALENT	L1: frame 120/112
mario/MoveBG/MapObjMamma	perform__23TMammaMirrorMapOperatorFUlPQ26JDrama9TGraphics	592	90.88	DIFFERENT	block 5 effect 2 address differs: 0x550 'lfs f4,0(r28)' vs 0x6d8 'lfs f2,156(r4)'
mario/MoveBG/MapObjMamma	__ct__23TMammaMirrorMapOperatorFPCc	412	99.91	EQUIVALENT	L1: frame 48/56
mario/MoveBG/MapObjPinna	control__12TFerrisWheelFv	408	99.85	EQUIVALENT	L1
mario/MoveBG/MapObjPinna	control__11TPinnaShellFv	884	99.89	UNSUPPORTED	stack: address-taken object extent differs (P 100..176 vs Q 64..128)
mario/MoveBG/MapObjPinna	perform__9TShellCupFUlPQ26JDrama9TGraphics	332	99.37	EQUIVALENT	L1
mario/MoveBG/MapObjPinna	__ct__11TPinnaShellFv	168	99.93	EQUIVALENT	L1
mario/MoveBG/MapObjPinna	control__13TMerrygoroundFv	440	99.91	EQUIVALENT	L1
mario/MoveBG/MapObjPinna	moveObject__8TAmiKingFv	872	99.92	UNSUPPORTED	stack: address-taken object layout differs (P 164 vs Q 92)
mario/MoveBG/MapObjPinna	control__13TPinnaCoasterFv	408	99.88	EQUIVALENT	L1
mario/MoveBG/MapObjMare	initDraw__9TCogwheelCFv	524	99.96	UNSUPPORTED	stack: address-taken object extent differs (P 36..128 vs Q 36..136)
mario/MoveBG/MapObjMare	draw__9TCogwheelCFv	652	96.73	EQUIVALENT	L1: frame 176/88
mario/MoveBG/MapObjMare	initMapObj__9TCogwheelFv	652	96.69	UNSUPPORTED	stack: address-taken object layout differs (P 80 vs Q 60)
mario/MoveBG/MapObjMare	touchWater__15TMapObjGrowTreeFP9THitActor	744	98.92	UNSUPPORTED	stack: address-taken object extent differs (P 184..232 vs Q 100..144)
mario/MoveBG/MapObjMare	control__15TMapObjGrowTreeFv	724	98.92	UNSUPPORTED	stack: address-taken object extent differs (P 204..248 vs Q 104..144)
mario/MoveBG/MapObjMare	initDraw__9TWireBellCFv	524	99.96	UNSUPPORTED	stack: address-taken object extent differs (P 36..128 vs Q 36..136)
mario/MoveBG/MapObjMare	touchPlayer__14TMapObjPuncherFP9THitActor	372	99.72	UNSUPPORTED	stack: address-taken object extent differs (P 72..104 vs Q 68..104)
mario/MoveBG/MapObjMare	moveByWater__10TMuddyBoatFv	432	99.16	EQUIVALENT	L1: frame 128/120
mario/MoveBG/MapObjMare	bind__10TMuddyBoatFv	1364	91.83	UNSUPPORTED	stack: address-taken object layout differs (P 484 vs Q 236)
mario/MoveBG/MapObjMare	calc__10TMuddyBoatFv	440	99.83	EQUIVALENT	L1
mario/MoveBG/MapObjFlag	draw__11TMapObjFlagFv	696	99.14	EQUIVALENT	L1: frame 264/184
mario/MoveBG/MapObjFlag	perform__18TMapObjFlagManagerFUlPQ26JDrama9TGraphics	528	94.67	UNSUPPORTED	stack: address-taken object extent differs (P 44..208 vs Q 24..192)
mario/MoveBG/MapObjPlane	calcNrm__12TMapObjPlaneFii	1220	92.77	UNSUPPORTED	stack: access inside address-taken object differs (P 332 vs Q 248)
mario/MoveBG/MapObjPlane	makeMountain__12TMapObjPlaneFv	348	94.52	EQUIVALENT	L2: frame 96/40
mario/MoveBG/MapObjCloud	control__10TRideCloudFv	772	99.87	EQUIVALENT	L1
mario/MoveBG/MapObjBall	touchWall__11TMapObjBallFPQ29JGeometry8TVec3<f>P18TBGWallCheckRecord	868	98.01	DIFFERENT	block 11 effect 5: 0x52ec 'lfs f1,52(r5)' vs 0x5a34 'stfs f0,0(r29)'
mario/MoveBG/MapObjBall	kicked__11TMapObjBallFv	540	99.81	UNSUPPORTED	stack: store-only slot at a different SP offset (possible outgoing argument): 0x4a44 'stw r3,136(r1)' vs 0x517c 'stw r3,84(r1)'
mario/MoveBG/MapObjBall	touchWater__11TMapObjBallFP9THitActor	256	99.66	DIFFERENT	block 9 effect 4 address differs: 0x4998 'lfs f1,0(r3)' vs 0x50d0 'lfs f2,380(r31)'
mario/MoveBG/MapObjBall	boundByActor__11TMapObjBallFP9THitActor	1364	99.94	UNSUPPORTED	stack: store-only slot at a different SP offset (possible outgoing argument): 0x4628 'stw r3,244(r1)' vs 0x4d60 'stw r3,240(r1)'
mario/MoveBG/MapObjBall	calcCurrentMtx__11TMapObjBallFv	1072	99.29	DIFFERENT	block 6 branch: 0x402c 'bc 4,eq,4034 <calcCurrentMtx__11TMapObjBallFv+0x204>' vs 0x46ac 'bc 4,eq,46b4 <calcCurrentMtx__11TMapObjBallFv+0x204>'
mario/MoveBG/MapObjBall	checkWallCollision__11TMapObjBallFPQ29JGeometry8TVec3<f>	220	99.29	UNSUPPORTED	stack: address-taken object extent differs (P 52..104 vs Q 32..104)
mario/MoveBG/MapObjBall	touchWater__11TResetFruitFP9THitActor	336	99.74	DIFFERENT	block 8 effect 4 address differs: 0x2c48 'lfs f1,0(r3)' vs 0x320c 'lfs f2,380(r31)'
mario/MoveBG/MapObjBall	kicked__11TResetFruitFv	676	99.82	UNSUPPORTED	stack: store-only slot at a different SP offset (possible outgoing argument): 0x26bc 'stw r4,172(r1)' vs 0x2b4c 'stw r4,124(r1)'
mario/MoveBG/MapObjBall	control__11TResetFruitFv	1584	99.95	EQUIVALENT	L1: frame 248/144
mario/MoveBG/MapObjBall	touchActor__14TBigWatermelonFP9THitActor	760	97.28	UNSUPPORTED	stack: store-only slot at a different SP offset (possible outgoing argument): 0xc40 'stw r3,48(r1)' vs 0xd7c 'stw r3,36(r1)'
mario/MoveBG/MapObjDolpic	hitByWater__14TMonumentShineFP9THitActor	396	98.38	EQUIVALENT	L1
mario/MoveBG/MapObjPollution	loadAfter__23TMapObjRevivalPollutionFv	172	88.84	EQUIVALENT	L1
mario/MoveBG/ModelGate	loadAfter__10TModelGateFv	2168	99.95	UNSUPPORTED	stack: address-taken object layout differs (P 212 vs Q 152)
mario/MoveBG/ModelGate	perform__10TModelGateFUlPQ26JDrama9TGraphics	2728	98.26	UNSUPPORTED	stack: address-taken object extent differs (P 444..544 vs Q 260..352)
mario/MoveBG/MapObjFence	initMapObj__11TFenceWaterFv	344	99.30	EQUIVALENT	L2
mario/MoveBG/MapObjFence	control__12TFenceWaterHFv	712	99.62	EQUIVALENT	L1: frame 248/296
mario/MoveBG/MapObjFence	goOnRail__10TRailFenceFv	540	98.84	DIFFERENT	block 7 effect 1 address differs: 0x4d4 'lwz r3,0(r30)' vs 0x6e0 'lwz r4,4(r30)'
mario/MoveBG/MapObjRailBlock	control__11TNormalLiftFv	436	99.93	EQUIVALENT	L1
mario/MoveBG/MapObjRailBlock	control__10TRailBlockFv	1380	99.81	EQUIVALENT	L1: frame 432/344
mario/MoveBG/MapObjRailBlock	calcRootMatrix__10TRollBlockFv	316	97.34	EQUIVALENT	L2
mario/MoveBG/MapObjMonte	drawRopeBetweenBoards__14THangingBridgeCFfi	1852	99.95	EQUIVALENT	L1: frame 264/256
mario/MoveBG/MapObjMonte	initDraw__14THangingBridgeCFv	596	99.87	UNSUPPORTED	stack: address-taken object extent differs (P 64..240 vs Q 36..216)
mario/MoveBG/MapObjMonte	loadAfter__14THangingBridgeFv	1436	99.87	UNSUPPORTED	stack: address-taken object layout differs (P 560 vs Q 400)
mario/MoveBG/MapObjMonte	initDraw__11TSwingBoardCFv	524	99.96	UNSUPPORTED	stack: address-taken object extent differs (P 36..128 vs Q 36..136)
mario/MoveBG/MapObjMonte	control__11TSwingBoardFv	756	99.87	EQUIVALENT	L1: frame 280/112
mario/MoveBG/MapObjMonte	move__6TFluffFv	572	99.92	EQUIVALENT	L1: frame 120/40
mario/MoveBG/MapObjMonte	control__13TFluffManagerFv	876	99.56	DIFFERENT	block 19 effect 5 address differs: 0x808 'lfs f4,216(r3)' vs 0xc10 'lfs f2,336(r31)'
mario/MoveBG/MapObjMonte	loadAfter__13TFluffManagerFv	964	99.82	EQUIVALENT	L1: frame 120/128
mario/MoveBG/MapObjTree	initMapObj__11TMapObjTreeFv	432	99.86	EQUIVALENT	L1
mario/MoveBG/MapObjCorona	receiveMessage__12TBathtubGripFP9THitActorUl	804	98.93	DIFFERENT	block 46 effect 0: 0x3a0c 'lwz r0,0(r5)' vs 0x46d4 'stw r3,592(r4)'
mario/MoveBG/MapObjCorona	quake__8TBathtubFRCQ29JGeometry8TVec3<f>	316	99.95	EQUIVALENT	L1
mario/MoveBG/MapObjCorona	receiveMessage__8TBathtubFP9THitActorUl	192	95.73	DIFFERENT	block 11 effect 0: 0x2cb4 'lwz r0,0(r5)' vs 0x3724 'stw r4,592(r3)'
mario/MoveBG/MapObjCorona	perform__8TBathtubFUlPQ26JDrama9TGraphics	772	99.59	DIFFERENT	block 46 effect 1 call args differ: r5/r6: 0x2b8c 'bl 2b8c <perform__8TBathtubFUlPQ26JDrama9TGraphics+0x290>' vs 0x3600 'bl 3600 <perform__8TBathtubFUlPQ26JDrama9TGraphics+0x290>'
mario/MoveBG/MapObjCorona	control__8TBathtubFv	1196	99.05	DIFFERENT	block 13 effect 0 call args differ: f1/f2: 0x25e0 'bl 25e0 <control__8TBathtubFv+0x190>' vs 0x3054 'bl 3054 <control__8TBathtubFv+0x190>'
mario/MoveBG/MapObjCorona	calcBathtubData__8TBathtubFv	948	95.43	EQUIVALENT	L2: frame 336/400, saved 7/6 regs
mario/MoveBG/MapObjCorona	setupCollisions___8TBathtubFv	1172	94.98	UNSUPPORTED	stack: address-taken object extent differs (P 116..392 vs Q 168..464)
mario/MoveBG/MapObjCorona	allowsTumble__8TBathtubCFv	620	99.83	UNSUPPORTED	stack: address-taken object layout differs (P 124 vs Q 92)
mario/MoveBG/MapObjCorona	calcRootMatrix__8TBathtubFv	308	87.82	EQUIVALENT	L2: frame 96/104
mario/MoveBG/MapObjCorona	getNearGrip__8TBathtubCFRCQ29JGeometry8TVec3<f>fPf	460	99.87	EQUIVALENT	L1
mario/MoveBG/MapObjCorona	getNextJuncture__8TBathtubCFRCQ29JGeometry8TVec3<f>RCQ29JGeometry8TVec3<f>	576	99.47	UNSUPPORTED	stack: inconsistent slot mapping (P 184 vs Q 172)
mario/MoveBG/MapObjCorona	getNextGrip__8TBathtubCFRCQ29JGeometry8TVec3<f>RCQ29JGeometry8TVec3<f>fPf	592	99.49	UNSUPPORTED	stack: inconsistent slot mapping (P 192 vs Q 180)
mario/MoveBG/MapObjCorona	updatePosture___8TBathtubFv	1532	98.83	EQUIVALENT	L1: frame 344/328
mario/MoveBG/MapObjItem2	control__12TMushroom1upFv	1072	99.81	EQUIVALENT	L1: frame 136/128
mario/MoveBG/MapObjItem2	control__9TJumpBaseFv	1300	97.24	DIFFERENT	block 52 effect 0 call args differ: r6: 0x49c 'bl 49c <control__9TJumpBaseFv+0x418>' vs 0x5b0 'bl 5b0 <control__9TJumpBaseFv+0x410>'
mario/NPC/NpcAnm	setNpcAnm___8TBaseNPCF14EnumNpcAnmKind27EnumNpcStopMotionBlendOnOff	1140	97.77	DIFFERENT	block 72 branch: 0x3a0c 'bc 12,eq,3aa8 <setNpcAnm___8TBaseNPCF14EnumNpcAnmKind27EnumNpcStopMotionBlendOnOff+0x434>' vs 0x3c48 'bc 12,eq,3ce4 <setNpcAnm___8TBaseNPCF14EnumNpcAnmKind27EnumNpcStopMotionBlendOnOff+0x434>'
mario/NPC/NpcAnm	requestNpcAnm___8TBaseNPCF14EnumNpcAnmKind27EnumNpcStopMotionBlendOnOff	160	99.25	EQUIVALENT	L1
mario/NPC/NpcAnm	walkAnmRateChange___8TBaseNPCFv	1068	99.60	DIFFERENT	block 13 branch: 0x3048 'bc 4,eq,3074 <walkAnmRateChange___8TBaseNPCFv+0x148>' vs 0x3284 'bc 4,eq,32b0 <walkAnmRateChange___8TBaseNPCFv+0x148>'
mario/NPC/NpcAnm	npcWetting__8TBaseNPCFv	3176	99.83	DIFFERENT	block 193 return value r4 differs (0x1dfc 'bclr 20,lt,0')
mario/NPC/NpcAnm	npcMadding__8TBaseNPCFv	712	99.87	EQUIVALENT	L1
mario/NPC/NpcBase	perform__8TBaseNPCFUlPQ26JDrama9TGraphics	2024	96.92	DIFFERENT	block 34 effect 7: 0x46c 'lfs f1,292(r3)' vs 0x5d8 'lwz r4,292(r6)'
mario/NPC/NpcCallback	NPCNeckCallBack__FP7J3DNodei	1064	98.28	UNSUPPORTED	stack: address-taken object layout differs (P 288 vs Q 280)
mario/NPC/NpcNerve	getCurGraphIndex__12TGraphTracerCFv	8	0.00	UNSUPPORTED	ours: symbol missing
mario/NPC/NpcNerve	execute__20TNerveNPCGraphWanderCFP24TSpineBase<10TLiveActor>	948	97.68	DIFFERENT	block 9 effect 1: 0x198c 'bl 198c <execute__20TNerveNPCGraphWanderCFP24TSpineBase<10TLiveActor>+0x184>' vs 0x19d8 'lwz r3,0(r4)'
mario/NPC/NpcNerve	execute__18TNerveNPCGraphWaitCFP24TSpineBase<10TLiveActor>	384	99.58	EQUIVALENT	L1
mario/NPC/NpcNerve	execute__20TNerveNPCTurnToMarioCFP24TSpineBase<10TLiveActor>	872	99.87	EQUIVALENT	L1: frame 176/136
mario/NPC/NpcEvent	evCheckCurNerve4Npc__FP32TSpcTypedInterp<13TEventWatcher>Ul	464	99.96	EQUIVALENT	L1
mario/NPC/NpcEvent	evCheckLatestNerve4Npc__FP32TSpcTypedInterp<13TEventWatcher>Ul	468	99.96	EQUIVALENT	L1
mario/NPC/NpcEvent	ev__ForceStartTalk__FP32TSpcTypedInterp<13TEventWatcher>Ul	532	99.92	EQUIVALENT	L1
mario/NPC/NpcEvent	ev__ForceStartTalkExceptNpc__FP32TSpcTypedInterp<13TEventWatcher>Ul	484	92.75	DIFFERENT	block 1 effect 3: 0x1818 'lwzx r0,r4,r0' vs 0x1868 'lwz r0,0(r3)'
mario/NPC/NpcEvent	evCheckMonteClear__FP32TSpcTypedInterp<13TEventWatcher>Ul	432	99.96	EQUIVALENT	L1
mario/NPC/NpcInitPrg	setIndividualDifference___8TBaseNPCFR20JSUMemoryInputStream	2276	98.03	UNSUPPORTED	stack: address-taken object layout differs (P 376 vs Q 224)
mario/NPC/NpcParts	__ct__9TNpcPartsFUlPC13J3DGXColorS10P8TBaseNPC	1072	94.19	UNSUPPORTED	cfg: 60 vs 56 blocks
mario/NPC/NpcParts	partsPerform__9TNpcPartsFUlPQ26JDrama9TGraphics	432	98.78	DIFFERENT	block 30 return value r4 differs (0x1ac 'bclr 20,lt,0')
mario/NPC/NpcChange	behaveToHitObject___8TBaseNPCFP9THitActor20EnumHitNpcObjectKind	1136	99.91	EQUIVALENT	L1: frame 192/144
mario/NPC/NpcChange	changeNerveProc___8TBaseNPCFv	1648	99.63	DIFFERENT	block 17 branch: 0x50c 'bc 4,eq,6a4 <changeNerveProc___8TBaseNPCFv+0x2a4>' vs 0x50c 'bc 4,eq,6a4 <changeNerveProc___8TBaseNPCFv+0x2a4>'
mario/NPC/NpcWalkTurn	execWalk__8TBaseNPCFb	992	97.82	DIFFERENT	block 22 branch: 0x618 'bc 4,eq,624 <execWalk__8TBaseNPCFb+0x1a0>' vs 0x618 'bc 4,eq,624 <execWalk__8TBaseNPCFb+0x1a0>'
mario/NPC/NpcCollision	bind__8TBaseNPCFv	536	99.95	EQUIVALENT	L1
mario/Strategic/liveactor	calcRideMomentum__10TLiveActorFv	540	99.85	DIFFERENT	block 18 return value f1 differs (0x1320 'bclr 20,lt,0')
mario/Strategic/liveactor	init__10TLiveActorFP12TLiveManager	492	99.96	EQUIVALENT	L1
mario/Strategic/liveactor	bind__10TLiveActorFv	604	99.95	EQUIVALENT	L1
mario/Strategic/liveactor	initAnmSound__10TLiveActorFv	272	99.97	EQUIVALENT	L1
mario/Strategic/liveinterp	linGetSRT__FP29TSpcTypedInterp<10TLiveActor>Ul	1944	99.86	EQUIVALENT	L1
mario/Strategic/ObjHitCheck	checkWater__12TObjHitCheckFv	440	99.47	EQUIVALENT	L1: frame 184/176
mario/Strategic/ObjHitCheck	checkAndEntryGroup__12TObjHitCheckFP12TIdxGroupObj	704	99.82	EQUIVALENT	L1
mario/Strategic/ObjHitCheck	entryGroup__12TObjHitCheckFP12TIdxGroupObj	472	99.90	EQUIVALENT	L1
mario/Strategic/ObjHitCheck	checkActorsHit__12TObjHitCheckFv	844	99.90	EQUIVALENT	L1: frame 216/184
mario/Strategic/ObjHitCheck	clearHitNum__12TObjHitCheckFv	1044	99.65	EQUIVALENT	L1: frame 552/504
mario/Strategic/spcinterp	execadd__10TSpcInterpFv	728	99.98	EQUIVALENT	L1
mario/Strategic/spcinterp	execsub__10TSpcInterpFv	728	99.98	EQUIVALENT	L1
mario/Strategic/spcinterp	execmul__10TSpcInterpFv	728	99.98	EQUIVALENT	L1
mario/Strategic/spcinterp	execdiv__10TSpcInterpFv	728	99.98	EQUIVALENT	L1
mario/Strategic/MirrorActor	init__12TMirrorActorFP8J3DModelUs	508	99.94	UNSUPPORTED	stack: address-taken object layout differs (P 184 vs Q 184)
mario/MarioUtil/DrawUtil	loadAfter__11TSilhouetteFv	572	99.74	UNSUPPORTED	stack: inconsistent slot mapping (P 104 vs Q 92)
mario/MarioUtil/DrawUtil	clash__19TTrembleModelEffectFf	536	94.00	UNSUPPORTED	stack: inconsistent slot mapping (P 176 vs Q 176)
mario/MarioUtil/DrawUtil	movement__19TTrembleModelEffectFv	1220	99.89	EQUIVALENT	L1: frame 304/312
mario/MarioUtil/DrawUtil	SMS_AddDamageFogEffect__FP12J3DModelDataRCQ29JGeometry8TVec3<f>PQ26JDrama9TGraphics	288	98.89	EQUIVALENT	L1
mario/MarioUtil/DrawUtil	SetViewFrustumClipCheck__Fffffff	868	99.56	EQUIVALENT	L1
mario/MarioUtil/DrawUtil	SMS_UnifyMaterial__FP8J3DModel	180	99.33	EQUIVALENT	L1
mario/MarioUtil/LightUtil	loadAfter__12TLightCommonFv	396	97.81	EQUIVALENT	L2
mario/MarioUtil/LightUtil	perform__12TLightCommonFUlPQ26JDrama9TGraphics	308	99.86	EQUIVALENT	L1: frame 128/112
mario/MarioUtil/MathUtil	matan__Fff	676	99.85	EQUIVALENT	L1
mario/MarioUtil/MathUtil	MsGetRotFromZaxis__FRCQ29JGeometry8TVec3<f>	564	98.81	EQUIVALENT	L1: frame 88/72
mario/MarioUtil/MtxUtil	MtxToQuat__FPA4_fP10Quaternion	560	99.93	EQUIVALENT	L1
mario/MarioUtil/MtxUtil	calc__11TMtxTimeLagFPA4_f	1428	98.96	DIFFERENT	block 20 effect 19 address differs: 0x1bfc 'lfs f0,52(r31)' vs 0x1e30 'lfs f4,144(r1)'
mario/MarioUtil/MtxUtil	setup__15TMultiMtxEffectFP8J3DModelPCc	1304	92.71	UNSUPPORTED	stack: unpaired address-taken slot
mario/MarioUtil/MtxUtil	SMS_MakeJointsToArc__FP8J3DModelRCQ29JGeometry8TVec3<f>RCQ29JGeometry8TVec3<f>RCQ29JGeometry8TVec3<f>	1192	98.56	EQUIVALENT	L1: frame 456/464
mario/MarioUtil/MtxUtil	constraintTail__5TRopeFRCQ29JGeometry8TVec3<f>	556	99.58	DIFFERENT	block 1 branch: 0x274 'bc 4,eq,288 <constraintTail__5TRopeFRCQ29JGeometry8TVec3<f>+0xac>' vs 0x2ec 'bc 4,eq,300 <constraintTail__5TRopeFRCQ29JGeometry8TVec3<f>+0xac>'
mario/MarioUtil/MtxUtil	moveHead__5TRopeFRCQ29JGeometry8TVec3<f>	396	93.60	DIFFERENT	block 4 effect 16 address differs: 0x164 'lwz r5,4(r30)' vs 0x168 'lwz r0,52(r1)'
mario/MarioUtil/ScreenUtil	perform__12TAfterEffectFUlPQ26JDrama9TGraphics	1952	99.77	EQUIVALENT	L1
mario/MarioUtil/ShadowUtil	makeDL__Q219TMBindShadowManager26TSetup1$2172ShadowUtil_cppFv	260	0.00	UNSUPPORTED	ours: symbol missing
mario/MarioUtil/ShadowUtil	makeDL__Q219TMBindShadowManager28TCylinder$2171ShadowUtil_cppFv	2884	0.00	UNSUPPORTED	ours: symbol missing
mario/MarioUtil/ShadowUtil	makeDL__Q219TMBindShadowManager26TSetup2$2190ShadowUtil_cppFv	96	0.00	UNSUPPORTED	ours: symbol missing
mario/MarioUtil/ShadowUtil	makeDL__Q219TMBindShadowManager26TSetup3$2195ShadowUtil_cppFv	84	0.00	UNSUPPORTED	ours: symbol missing
mario/MarioUtil/ShadowUtil	makeDL__Q219TMBindShadowManager26TSetup4$2207ShadowUtil_cppFv	96	0.00	UNSUPPORTED	ours: symbol missing
mario/MarioUtil/ShadowUtil	makeDL__Q219TMBindShadowManager26TSetup5$2216ShadowUtil_cppFv	96	0.00	UNSUPPORTED	ours: symbol missing
mario/MarioUtil/ShadowUtil	calc__17TMBindShadowPartsFf	632	98.70	EQUIVALENT	L1: frame 296/144
mario/MarioUtil/ShadowUtil	__ct__16TMBindShadowBodyFP9THitActorP8J3DModelf	984	99.97	UNSUPPORTED	stack: address-taken object extent differs (P 96..152 vs Q 84..152)
mario/MarioUtil/ShadowUtil	entryDrawShadow__16TMBindShadowBodyFv	728	99.41	DIFFERENT	block 36 return value f1 differs (0x3aa8 'bclr 20,lt,0')
mario/MarioUtil/ShadowUtil	getUseMtxNum__11J3DShapeMtxCFv	8	0.00	UNSUPPORTED	ours: symbol missing
mario/MarioUtil/ShadowUtil	getUseMtxIndex__11J3DShapeMtxCFUs	8	0.00	UNSUPPORTED	ours: symbol missing
mario/MarioUtil/ShadowUtil	drawShadowVolume__19TMBindShadowManagerFbP16TAlphaShadowQuad	2188	99.93	UNSUPPORTED	stack: address-taken object extent differs (P 344..432 vs Q 340..432)
mario/MarioUtil/ShadowUtil	__dt__Q219TMBindShadowManager26TSetup1$2172ShadowUtil_cppFv	100	0.00	UNSUPPORTED	ours: symbol missing
mario/MarioUtil/ShadowUtil	__dt__Q219TMBindShadowManager28TCylinder$2171ShadowUtil_cppFv	100	0.00	UNSUPPORTED	ours: symbol missing
mario/MarioUtil/ShadowUtil	__dt__Q219TMBindShadowManager26TSetup2$2190ShadowUtil_cppFv	100	0.00	UNSUPPORTED	ours: symbol missing
mario/MarioUtil/ShadowUtil	__dt__Q219TMBindShadowManager26TSetup3$2195ShadowUtil_cppFv	100	0.00	UNSUPPORTED	ours: symbol missing
mario/MarioUtil/ShadowUtil	__dt__Q219TMBindShadowManager26TSetup4$2207ShadowUtil_cppFv	100	0.00	UNSUPPORTED	ours: symbol missing
mario/MarioUtil/ShadowUtil	__dt__Q219TMBindShadowManager26TSetup5$2216ShadowUtil_cppFv	100	0.00	UNSUPPORTED	ours: symbol missing
mario/MarioUtil/ShadowUtil	drawShadowGD__19TMBindShadowManagerFUlPQ26JDrama9TGraphics	2372	98.82	DIFFERENT	block 1 effect 7 stored value differs: 0x1b8c 'stw r0,0(r20)' vs 0x1b80 'stw r0,0(r20)'
mario/MarioUtil/ShadowUtil	drawShadow__19TMBindShadowManagerFUlPQ26JDrama9TGraphics	2604	99.92	EQUIVALENT	L1: frame 248/296
mario/MarioUtil/ShadowUtil	request__19TMBindShadowManagerFRC20TCircleShadowRequestUl	808	99.87	EQUIVALENT	L1: frame 112/72
mario/MarioUtil/ShadowUtil	forceRequest__19TMBindShadowManagerFRC20TCircleShadowRequestUl	304	99.50	DIFFERENT	block 1 effect 1: 0xd1c 'stw r6,0(r7)' vs 0xd04 'lwz r6,0(r4)'
mario/MarioUtil/ShadowUtil	calcVtx__19TMBindShadowManagerFv	2800	97.23	UNSUPPORTED	stack: inconsistent slot mapping (P 256 vs Q 104)
mario/M3DUtil/M3UJoint	M3UMtxCalcBlendAux__FUsP16J3DTransformInfoP16J3DTransformInfofb	932	98.80	EQUIVALENT	L1
mario/M3DUtil/MActorData	__ct__13MActorAnmDataFv	100	99.88	EQUIVALENT	L1: frame 32/16
mario/Player/MarioAutodemo	readBillboard__6TMarioFv	520	99.90	UNSUPPORTED	stack: address-taken object extent differs (P 84..112 vs Q 24..48)
mario/Player/MarioAutodemo	warpIn__6TMarioFv	1228	99.79	EQUIVALENT	L1: frame 248/240
mario/Player/MarioAutodemo	warpOut__6TMarioFv	700	99.94	EQUIVALENT	L1: frame 56/40
mario/Player/MarioCap	perform__9TMarioCapFUlPQ26JDrama9TGraphics	1668	99.93	EQUIVALENT	L1: frame 480/376
mario/Player/MarioCollision	incHP__6TMarioFi	280	99.86	EQUIVALENT	L1: frame 80/48
mario/Player/MarioCollision	calcDamagePos__6TMarioFRCQ29JGeometry8TVec3<f>	376	99.49	EQUIVALENT	L1: frame 128/152
mario/Player/MarioCollision	damageExec__6TMarioFP9THitActoriiififs	1432	97.71	UNSUPPORTED	cfg: block 37 (bc->[40, 38] vs bc->[42, 38])
mario/Player/MarioDraw	MarioHeadCtrl__FP7J3DNodei	1020	98.99	UNSUPPORTED	cfg: block 10 (bc->[18, 11] vs bc->[16, 11])
mario/Player/MarioDraw	MarioWaistCtrl__FP7J3DNodei	628	99.96	UNSUPPORTED	stack: address-taken object layout differs (P 136 vs Q 84)
mario/Player/MarioDraw	setAnimation__6TMarioFif	824	96.01	DIFFERENT	block 27 effect 1 call args differ: r5: 0x3a38 'bl 3a38 <setAnimation__6TMarioFif+0x138>' vs 0x42cc 'bl 42cc <setAnimation__6TMarioFif+0x138>'
mario/Player/MarioDraw	initModel__6TMarioFv	3984	99.64	UNSUPPORTED	r1 used as a value: addic. r0,r1,1152
mario/Player/MarioDraw	calcBaseMtx__6TMarioFPA4_f	2928	99.67	UNSUPPORTED	stack: store-only slot at a different SP offset (possible outgoing argument): 0x1c58 'stfs f0,580(r1)' vs 0x1ea8 'stfs f0,560(r1)'
mario/Player/MarioDraw	calcAnim__6TMarioFUlPQ26JDrama9TGraphics	1652	99.44	UNSUPPORTED	stack: address-taken object extent differs (P 732..808 vs Q 696..768)
mario/Player/MarioDraw	addDamageFog__6TMarioFPQ26JDrama9TGraphics	764	99.94	EQUIVALENT	L1
mario/Player/MarioJump	jumpingBasic__6TMarioFiii	1668	99.99	EQUIVALENT	L1: frame 160/88
mario/Player/MarioJump	jumpMain__6TMarioFv	4224	99.98	UNSUPPORTED	stack: address-taken object extent differs (P 96..136 vs Q 52..96)
mario/Player/MarioMain	perform__6TMarioFUlPQ26JDrama9TGraphics	2148	99.99	EQUIVALENT	L1
mario/Player/MarioMove	moveRequest__6TMarioFRCQ29JGeometry8TVec3<f>	652	91.17	DIFFERENT	block 1 effect 2 icall args differ: f1/f2: 0x7e58 'bclrl 20,lt,0' vs 0x87fc 'bclrl 20,lt,0'
mario/Player/MarioMove	warpRequest__6TMarioFRCQ29JGeometry8TVec3<f>f	240	99.88	EQUIVALENT	L1
mario/Player/MarioMove	checkWallPlane__6TMarioFP3Vecff	312	99.69	UNSUPPORTED	stack: address-taken object extent differs (P 48..120 vs Q 68..136)
mario/Player/MarioMove	setStatusToJumping__6TMarioFUlUl	2904	98.61	DIFFERENT	block 1 effect 1: 0x65b4 'lfs f3,24(r30)' vs 0x6c54 'lwz r3,0(0)'
mario/Player/MarioMove	checkSink__6TMarioFv	796	99.94	EQUIVALENT	L1: frame 160/80
mario/Player/MarioMove	checkController__6TMarioFPQ26JDrama9TGraphics	3452	99.69	UNSUPPORTED	stack: inconsistent slot mapping (P 460 vs Q 260)
mario/Player/MarioMove	checkCurrentPlane__6TMarioFv	2748	99.19	UNSUPPORTED	cfg: block 139 (bc->[173, 140] vs bc->[174, 140])
mario/Player/MarioMove	thinkYoshiHeadCollision__6TMarioFv	456	99.73	UNSUPPORTED	stack: address-taken object extent differs (P 60..136 vs Q 56..136)
mario/Player/MarioMove	gunExec__6TMarioFv	1096	98.32	UNSUPPORTED	cfg: 65 vs 63 blocks
mario/Player/MarioMove	playerControl__6TMarioFPQ26JDrama9TGraphics	1196	99.97	EQUIVALENT	L1
mario/Player/MarioPhysics	keepDistance__6TMarioFRCQ29JGeometry8TVec3<f>ff	1012	99.55	DIFFERENT	block 13 effect 0 call args differ: f3/f5: 0x14f8 'bl 14f8 <keepDistance__6TMarioFRCQ29JGeometry8TVec3<f>ff+0x16c>' vs 0x1570 'bl 1570 <keepDistance__6TMarioFRCQ29JGeometry8TVec3<f>ff+0x16c>'
mario/Player/MarioPhysics	hangonCheck__6TMarioFPC12TBGCheckDataRC3VecRC3Vec	496	99.89	EQUIVALENT	L1
mario/Player/MarioPhysics	checkGroundAtJumping__6TMarioFRC3Veci	1504	98.94	UNSUPPORTED	cfg: block 63 (bc->[73, 64] vs bc->[74, 64])
mario/Player/MarioPhysics	jumpProcess__6TMarioFi	364	99.98	EQUIVALENT	L1
mario/Player/MarioRun	doRunningAnimation__6TMarioFv	752	97.77	UNSUPPORTED	cfg: 46 vs 47 blocks
mario/Player/MarioRun	getSlideStickMult__6TMarioFv	168	99.88	EQUIVALENT	L1: frame 72/48
mario/Player/MarioRun	slideProcess__6TMarioFff	968	99.97	EQUIVALENT	L1
mario/Player/MarioRun	slopeProcess__6TMarioFv	372	99.96	EQUIVALENT	L1
mario/Player/MarioRun	running__6TMarioFv	1936	99.63	EQUIVALENT	L2: frame 144/88
mario/Player/MarioRun	walkEnd__6TMarioFv	584	99.99	UNSUPPORTED	stack: address-taken object extent differs (P 12..32 vs Q 16..32)
mario/Player/MarioRun	moveMain__6TMarioFv	2588	99.98	EQUIVALENT	L1: frame 96/80
mario/Player/MarioSpecial	hanging__6TMarioFv	2604	99.46	UNSUPPORTED	stack: address-taken object layout differs (P 480 vs Q 320)
mario/Player/MarioSpecial	getOnWirePosAngle__6TMarioFPQ29JGeometry8TVec3<f>Ps	488	99.52	EQUIVALENT	L1: frame 328/352
mario/Player/MarioSpecial	wireMove__6TMarioFf	312	99.78	EQUIVALENT	L1
mario/Player/MarioSpecial	wireWait__6TMarioFv	1104	99.89	UNSUPPORTED	stack: address-taken object layout differs (P 304 vs Q 304)
mario/Player/MarioSpecial	wireSWait__6TMarioFv	908	99.69	UNSUPPORTED	stack: address-taken object layout differs (P 300 vs Q 292)
mario/Player/MarioSpecial	wireHanging__6TMarioFv	1524	99.92	EQUIVALENT	L1
mario/Player/MarioSpecial	wireRolling__6TMarioFv	1844	99.63	UNSUPPORTED	stack: address-taken object layout differs (P 344 vs Q 340)
mario/Player/MarioSpecial	pulling__6TMarioFv	1284	98.57	UNSUPPORTED	stack: inconsistent slot mapping (P 120 vs Q 116)
mario/Player/MarioSpecial	fenceMove__6TMarioFv	1984	99.78	DIFFERENT	block 6 effect 4 stored value differs: 0x1204 'stw r0,344(r1)' vs 0x120c 'stw r0,304(r1)'
mario/Player/MarioParticle	execute__15TWarpInCallBackFP14JPABaseEmitterP15JPABaseParticle	388	80.23	UNSUPPORTED	stack: access inside address-taken object differs (P 140 vs Q 48)
mario/Player/Tongue	emit__12TYoshiTongueFRCQ29JGeometry8TVec3<f>RCQ29JGeometry8TVec3<f>RCQ29JGeometry8TVec3<f>	404	99.73	EQUIVALENT	L1: frame 96/88
mario/Player/Tongue	canGo__12TYoshiTongueFv	316	99.91	EQUIVALENT	L1
mario/Player/Tongue	findTarget__12TYoshiTongueFbb	788	99.74	EQUIVALENT	L1: frame 224/192
mario/Player/Tongue	movement__12TYoshiTongueFv	2208	96.70	UNSUPPORTED	stack: unpaired address-taken slot
mario/Player/Tongue	calcAnim__12TYoshiTongueFPA4_f	636	98.94	DIFFERENT	block 15 effect 45 icall args differ: f6: 0x3cc 'bclrl 20,lt,0' vs 0x448 'bclrl 20,lt,0'
mario/Player/WaterGun	__ct__11TNozzleBaseFPCcPCcP9TWaterGun	2048	98.52	DIFFERENT	block 0 effect 0 address differs: 0x44d8 'stw r5,0(r3)' vs 0x4b50 'stw r0,868(r3)'
mario/Player/WaterGun	emit__11TNozzleBaseFi	716	94.15	DIFFERENT	block 8 effect 7: 0x3fa8 'lwz r3,7272(r4)' vs 0x4620 'lwzx r3,r7,r4'
mario/Player/WaterGun	animation__11TNozzleBaseFi	1208	99.68	EQUIVALENT	L1: frame 344/304
mario/Player/WaterGun	emit__14TNozzleTriggerFi	776	94.64	DIFFERENT	block 8 effect 7: 0x33dc 'lwz r3,7272(r4)' vs 0x3968 'lwzx r3,r7,r4'
mario/Player/WaterGun	animation__14TNozzleTriggerFi	1396	98.47	EQUIVALENT	L1: frame 368/320
mario/Player/WaterGun	emit__13TNozzleDeformFi	936	94.00	DIFFERENT	block 5 effect 0 address differs: 0x2880 'lwz r12,868(r28)' vs 0x2d1c 'lwz r31,7436(r4)'
mario/Player/WaterGun	animation__13TNozzleDeformFi	1932	99.67	EQUIVALENT	L1: frame 520/352
mario/Player/WaterGun	init__9TWaterGunFv	1676	98.66	DIFFERENT	block 8 effect 14 icall args differ: r5: 0x187c 'bclrl 20,lt,0' vs 0x1c34 'bclrl 20,lt,0'
mario/Player/WaterGun	perform__9TWaterGunFUlPQ26JDrama9TGraphics	332	99.94	EQUIVALENT	L1: frame 176/88
mario/Player/Yoshi	init__6TYoshiFP6TMario	2724	99.97	EQUIVALENT	L1: frame 656/624
mario/Player/Yoshi	thinkAnimation__6TYoshiFv	1012	99.92	EQUIVALENT	L1: frame 320/104
mario/Player/Yoshi	doSearch__6TYoshiFv	1376	99.74	UNSUPPORTED	stack: address-taken object layout differs (P 276 vs Q 180)
mario/Player/Yoshi	movement__6TYoshiFv	3380	99.66	UNSUPPORTED	stack: address-taken object layout differs (P 392 vs Q 252)
mario/Player/Yoshi	entry__6TYoshiFv	800	99.94	UNSUPPORTED	stack: address-taken object extent differs (P 196..328 vs Q 196..344)
mario/Player/MarioAccess	SMS_IsMarioOnWire__Fv	72	93.83	DIFFERENT	block 1 effect 0 address differs: 0x1dc 'lwz r3,104(r3)' vs 0x228 'lwz r3,76(r3)'
mario/Player/ModelWaterManager	__ct__14TWaterEmitInfoFPCc	1000	92.71	UNSUPPORTED	stack: inconsistent slot mapping (P 52 vs Q 64)
mario/Player/ModelWaterManager	loadAfter__18TModelWaterManagerFv	252	99.65	DIFFERENT	block 6 effect 0 stored value differs: 0x4318 'stfs f0,24076(r29)' vs 0x47e0 'stfs f0,24076(r29)'
mario/Player/ModelWaterManager	move__18TModelWaterManagerFv	4180	96.59	UNSUPPORTED	stack: address-taken object layout differs (P 424 vs Q 316)
mario/Player/ModelWaterManager	calcDrawVtx__18TModelWaterManagerFPA4_f	748	98.84	UNSUPPORTED	stack: address-taken object layout differs (P 84 vs Q 84)
mario/Player/ModelWaterManager	calcVMMtxGround__18TModelWaterManagerFPA4_ffRCQ29JGeometry8TVec3<f>RCQ29JGeometry8TVec3<f>PA4_f	316	97.22	EQUIVALENT	L1
mario/Player/ModelWaterManager	calcVMMtxWall__18TModelWaterManagerFPA4_ffRCQ29JGeometry8TVec3<f>RCQ29JGeometry8TVec3<f>PA4_f	276	97.68	EQUIVALENT	L1
mario/Player/ModelWaterManager	drawSilhouette__18TModelWaterManagerFPA4_f	1004	99.86	EQUIVALENT	L1: frame 176/144
mario/Player/ModelWaterManager	drawMirror__18TModelWaterManagerFPA4_f	2028	98.23	UNSUPPORTED	stack: address-taken object extent differs (P 196..384 vs Q 208..352)
mario/Player/ModelWaterManager	drawShineShadowVolume__18TModelWaterManagerFPA4_f	1456	99.12	EQUIVALENT	L2: frame 312/304
mario/Player/ModelWaterManager	drawRefracAndSpec__18TModelWaterManagerCFv	1360	99.96	EQUIVALENT	L1
mario/Player/ModelWaterManager	perform__18TModelWaterManagerFUlPQ26JDrama9TGraphics	636	99.47	EQUIVALENT	L1: frame 136/96
mario/Player/MarioCheckCol	hitNormal__6TMarioFP9THitActor	528	99.70	DIFFERENT	block 26 effect 11 icall args differ: r7: 0x17f4 'bclrl 20,lt,0' vs 0x1f20 'bclrl 20,lt,0'
mario/Player/MarioReceiveMsg	receiveMessage__6TMarioFP9THitActorUl	8900	99.98	UNSUPPORTED	stack: store-only slot at a different SP offset (possible outgoing argument): 0xdcc 'stw r3,500(r1)' vs 0xdcc 'stw r3,384(r1)'
mario/System/EventWatcher	evIsNearSameActors__FP32TSpcTypedInterp<13TEventWatcher>Ul	1288	93.31	UNSUPPORTED	cfg: 68 vs 70 blocks
mario/System/EventWatcher	evIsNearActors__FP32TSpcTypedInterp<13TEventWatcher>Ul	900	88.54	UNSUPPORTED	cfg: 59 vs 62 blocks
mario/System/EventWatcher	evGetTalkNPCName__FP32TSpcTypedInterp<13TEventWatcher>Ul	320	98.08	DIFFERENT	block 6 effect 2 stored value differs: 0x86e4 'stw r0,4(r4)' vs 0x8940 'stw r0,4(r4)'
mario/System/EventWatcher	evIsOnLiveActorFlag__FP32TSpcTypedInterp<13TEventWatcher>Ul	616	99.84	EQUIVALENT	L1
mario/System/EventWatcher	evSetAttentionTime__FP32TSpcTypedInterp<13TEventWatcher>Ul	184	99.80	EQUIVALENT	L1: frame 112/88
mario/System/EventWatcher	evSetPollutionIncreaseCount__FP32TSpcTypedInterp<13TEventWatcher>Ul	184	99.80	EQUIVALENT	L1: frame 112/88
mario/System/EventWatcher	evSetGraffitoMultiplied__FP32TSpcTypedInterp<13TEventWatcher>Ul	428	99.21	DIFFERENT	block 19 effect 0 call args differ: r5/r7: 0x6d30 'bl 6d30 <evSetGraffitoMultiplied__FP32TSpcTypedInterp<13TEventWatcher>Ul+0x168>' vs 0x6f80 'bl 6f80 <evSetGraffitoMultiplied__FP32TSpcTypedInterp<13TEventWatcher>Ul+0x168>'
mario/System/EventWatcher	evInsertTimer__FP32TSpcTypedInterp<13TEventWatcher>Ul	564	99.87	EQUIVALENT	L1
mario/System/EventWatcher	evStartMareBottleDemo__FP32TSpcTypedInterp<13TEventWatcher>Ul	272	98.09	EQUIVALENT	L2
mario/System/EventWatcher	evStartSE__FP32TSpcTypedInterp<13TEventWatcher>Ul	356	99.88	EQUIVALENT	L1
mario/System/EventWatcher	evStartEventSE__FP32TSpcTypedInterp<13TEventWatcher>Ul	392	99.93	EQUIVALENT	L1
mario/System/EventWatcher	evAppear8RedCoinsAndTimer__FP32TSpcTypedInterp<13TEventWatcher>Ul	488	99.97	EQUIVALENT	L1
mario/System/EventWatcher	evWarpFrontToMario__FP32TSpcTypedInterp<13TEventWatcher>Ul	564	99.79	EQUIVALENT	L1
mario/System/EventWatcher	evInvalidatePad__FP32TSpcTypedInterp<13TEventWatcher>Ul	324	99.95	EQUIVALENT	L1
mario/System/EventWatcher	evIsWaterMelonIsReached__FP32TSpcTypedInterp<13TEventWatcher>Ul	368	99.96	EQUIVALENT	L1
mario/System/EventWatcher	evStartMontemanBGM__FP32TSpcTypedInterp<13TEventWatcher>Ul	208	99.92	EQUIVALENT	L1
mario/System/GCLogoDir	setup__10TGCLogoDirFPQ26JDrama8TDisplayP13TMarioGamePad	1808	99.68	UNSUPPORTED	stack: address-taken object extent differs (P 524..640 vs Q 480..600)
mario/System/GCLogoDir	direct__10TGCLogoDirFv	356	99.79	EQUIVALENT	L1: frame 120/72
mario/System/GCLogoDir	direct_nlogo__10TGCLogoDirFv	900	99.41	DIFFERENT	block 46 effect 0: 0x498 'lwz r0,28(r29)' vs -
mario/System/GCLogoDir	direct_dolby__10TGCLogoDirFv	356	98.57	DIFFERENT	block 15 effect 0: 0x10c 'lwz r0,28(r29)' vs -
mario/System/MarDirectorDirect	direct__12TMarDirectorFv	1296	98.47	DIFFERENT	block 52 effect 0 address differs: 0x2728 'lwz r3,72(r26)' vs 0x2794 'lwz r3,44(r27)'
mario/System/MarDirectorDirect	decideNextStage__Fv	228	99.65	EQUIVALENT	L1: frame 80/72
mario/System/MarDirectorDirect	decideNextScenario__FUc	340	98.68	UNSUPPORTED	cfg: block 1 (b->[23] vs b->[22])
mario/System/MarDirectorDirect	changeState__12TMarDirectorFv	1900	98.82	UNSUPPORTED	stack: address-taken object layout differs (P 148 vs Q 68)
mario/System/MarDirectorDirect	currentStateFinalize__12TMarDirectorFUc	720	99.95	EQUIVALENT	L1: frame 288/144
mario/System/MarDirectorDirect	setMario__12TMarDirectorFv	724	99.83	EQUIVALENT	L1: frame 176/96
mario/System/MarDirectorDirect	nextStateInitialize__12TMarDirectorFUc	1676	98.55	EQUIVALENT	L1: frame 352/152
mario/System/MarDirectorDirect	updateGameMode__12TMarDirectorFv	2184	99.80	UNSUPPORTED	stack: address-taken object layout differs (P 144 vs Q 64)
mario/System/MarDirectorDirect	moveStage__12TMarDirectorFv	1072	98.57	EQUIVALENT	L1: frame 112/72
mario/System/MarDirectorEvent	findNearestTalkNPC__12TMarDirectorFv	192	99.96	EQUIVALENT	L1: frame 88/80
mario/System/MarDirectorEvent	setNextStage__12TMarDirectorFUsPQ26JDrama6TActor	400	99.66	EQUIVALENT	L1: frame 80/64
mario/System/MarDirectorInitECT	initECTGft__12TMarDirectorFP12TPerformListP12TPerformListPQ26JDrama55TViewObjPtrListT<Q26JDrama8TViewObj,Q26JDrama8TViewObj>PQ26JDrama55TViewObjPtrListT<Q26JDrama8TViewObj,Q26JDrama8TViewObj>	1488	99.62	UNSUPPORTED	stack: address-taken object layout differs (P 288 vs Q 292)
mario/System/MarDirectorInitECT	initECDisp__12TMarDirectorFP12TPerformListPQ26JDrama55TViewObjPtrListT<Q26JDrama8TViewObj,Q26JDrama8TViewObj>PQ26JDrama55TViewObjPtrListT<Q26JDrama8TViewObj,Q26JDrama8TViewObj>	3084	99.75	UNSUPPORTED	stack: address-taken object layout differs (P 748 vs Q 628)
mario/System/MarNameRefGen	InsertRaw__Q27JGadget66TVector<14TCameraMapTool,Q27JGadget28TAllocator<14TCameraMapTool>>FP14TCameraMapToolUl	1280	60.22	UNSUPPORTED	cfg: 54 vs 51 blocks
mario/System/MarNameRefGen	getNameRef__14TMarNameRefGenCFPCc	7452	100.00	EQUIVALENT	L1
mario/System/MenuDir	setup__13TMenuDirectorFPQ26JDrama8TDisplayP13TMarioGamePad	300	99.79	EQUIVALENT	L1: frame 88/64
mario/System/MenuDir	rsetup__13TMenuDirectorFv	2316	99.77	UNSUPPORTED	stack: address-taken object layout differs (P 712 vs Q 576)
mario/System/MenuDir	direct__13TMenuDirectorFv	2296	99.96	EQUIVALENT	L1: frame 296/120
mario/System/MenuDir	setFixedStageValue__13TMenuDirectorFv	1080	99.93	UNSUPPORTED	stack: address-taken object extent differs (P 40..88 vs Q 12..56)
mario/System/PerformList	perform__12TPerformListFUlPQ26JDrama9TGraphics	216	99.33	EQUIVALENT	L1: frame 232/192
mario/System/Application	__ct__12TApplicationFv	208	99.63	EQUIVALENT	L1: frame 64/48
mario/System/Application	setupThreadFuncLogo__12TApplicationFv	804	99.96	UNSUPPORTED	stack: address-taken object layout differs (P 100 vs Q 96)
mario/System/Application	initialize_nlogoAfter__12TApplicationFv	844	99.93	UNSUPPORTED	stack: address-taken object layout differs (P 84 vs Q 72)
mario/System/Application	checkAdditionalMovie__12TApplicationFv	484	99.93	EQUIVALENT	L1: frame 88/32
mario/System/Application	proc__12TApplicationFv	1104	99.98	EQUIVALENT	L1: frame 200/120
mario/System/Application	gameLoop__12TApplicationFv	1072	98.96	UNSUPPORTED	stack: address-taken object layout differs (P 172 vs Q 56)
mario/System/Application	drawDVDErr__12TApplicationFv	1036	99.81	UNSUPPORTED	stack: address-taken object layout differs (P 184 vs Q 180)
mario/System/Application	mountStageArchive__12TApplicationFv	428	98.31	UNSUPPORTED	stack: address-taken object extent differs (P 84..184 vs Q 64..176)
mario/System/DrawSyncManager	insert__Q27JGadget116TVector<Q216TDrawSyncManager19TDrawSyncTokenRange,Q27JGadget53TAllocator<Q216TDrawSyncManager19TDrawSyncTokenRange>>FPQ216TDrawSyncManager19TDrawSyncTokenRangeUlRCQ216TDrawSyncManager19TDrawSyncTokenRange	936	99.18	EQUIVALENT	L1: frame 256/288
mario/System/DrawSyncManager	setCallback__16TDrawSyncManagerFUlUsUsP17TDrawSyncCallback	52	99.62	EQUIVALENT	L1
mario/System/CardManager	decideUseSector__12TCardManagerFPQ212TCardManager9TCriteria	112	93.93	UNSUPPORTED	cfg: 12 vs 11 blocks
mario/System/CardManager	copyTo__12TCardManagerFPQ212TCardManager9TCriteriaP17TCardBookmarkInfo	412	99.80	UNSUPPORTED	stack: address-taken object layout differs (P 56 vs Q 104)
mario/System/CardManager	filledInitData___12TCardManagerFP12CARDFileInfo	824	99.85	EQUIVALENT	L1: frame 144/120
mario/System/CardManager	readBlock___12TCardManagerFUl	620	98.39	UNSUPPORTED	cfg: 31 vs 33 blocks
mario/System/CardManager	writeBlock___12TCardManagerFUl	544	99.93	UNSUPPORTED	stack: address-taken object extent differs (P 64..112 vs Q 44..88)
mario/System/CardManager	cmdLoop__12TCardManagerFv	552	96.89	UNSUPPORTED	cfg: block 6 (bc->[9, 7] vs bc->[12, 7])
mario/System/MovieDirector	setup__14TMovieDirectorFPQ26JDrama8TDisplayP13TMarioGamePad	308	99.79	EQUIVALENT	L1: frame 88/64
mario/System/MovieDirector	rsetup__14TMovieDirectorFv	2092	99.69	UNSUPPORTED	stack: address-taken object layout differs (P 704 vs Q 704)
mario/System/MovieDirector	direct__14TMovieDirectorFv	2200	99.34	UNSUPPORTED	stack: address-taken object extent differs (P 336..624 vs Q 164..448)
mario/System/MarDirectorSetupObjects	setupObjects__12TMarDirectorFv	8356	99.20	UNSUPPORTED	stack: address-taken object layout differs (P 2012 vs Q 1740)
mario/System/MSoundMainSide	setMSoundEnterStage__10MSMainProcFUcUc	2512	99.99	EQUIVALENT	L1: frame 136/64
mario/System/MSoundMainSide	init__7MSStageFUcUc	924	99.95	EQUIVALENT	L1: frame 128/40
mario/System/MSoundMainSide	proc__15MSStageDistFadeFv	728	99.73	EQUIVALENT	L1: frame 216/152
mario/System/MSoundMainSide	proc__20MSStageDistFadeMonteFv	932	99.17	EQUIVALENT	L1: frame 280/176
mario/System/MSoundMainSide	proc__15MSStageCubeFadeFv	844	98.99	EQUIVALENT	L2: frame 400/264
mario/System/MSoundMainSide	setBgmVolumeForce__15MSStageCubeFadeFv	388	97.42	UNSUPPORTED	cfg: 9 vs 10 blocks
mario/System/MSoundMainSide	proc__21MSStageCubeFadeDoubleFv	920	97.86	DIFFERENT	block 4 branch: 0x768 'bc 12,eq,784 <proc__21MSStageCubeFadeDoubleFv+0xc4>' vs 0x9a4 'bc 12,eq,9bc <proc__21MSStageCubeFadeDoubleFv+0xc0>'
mario/System/MSoundMainSide	proc__20MSStageCubeFadeMonteFv	1192	98.90	UNSUPPORTED	cfg: 30 vs 31 blocks
mario/JSystem/JKernel/JKRExpHeap	allocFromHead__10JKRExpHeapFUli	736	98.80	EQUIVALENT	L2
mario/JSystem/J3D/J3DGraphAnimator/J3DCluster	deform__11J3DDeformerFP8J3DModelUsPf	1872	99.76	EQUIVALENT	L1
mario/JSystem/J3D/J3DGraphAnimator/J3DCluster	initMtxIndexArray__13J3DSkinDeformFP12J3DModelData	988	99.96	EQUIVALENT	L1
mario/JSystem/JDrama/JDREfbSetting	IssueGXCopyDisp__6JDramaFPvRCQ26JDrama5TRectRC16_GXRenderModeObjQ28JUtility6TColorUl10_GXFBClampUs	404	99.50	EQUIVALENT	L1
mario/JSystem/JDrama/JDRFrmGXSet	perform__Q26JDrama9TFrmGXSetFUlPQ26JDrama9TGraphics	548	96.76	DIFFERENT	block 23 return value r4 differs (0x220 'bclr 20,lt,0')
mario/JSystem/JAudio/JALibrary/JALModSe	append__9JALSystemFQ29JALSystem7ModTypePCcUlfffffQ27JALCalc9CurveSignffUc	1484	99.85	EQUIVALENT	L1: frame 304/200
mario/JSystem/JAudio/JAInterface/JAIGFrameSe	checkNextFrameSe__8JAIBasicFv	1876	98.31	EQUIVALENT	L2
mario/JSystem/JAudio/JAInterface/JAIGFrameSequence	checkPlayingSeqTrack__8JAIBasicFUl	3740	99.61	DIFFERENT	block 178 effect 3 address differs: 0x12f4 'lhzx r5,r23,r0' vs 0x12f4 'lhzx r5,r23,r0'
mario/JSystem/JAudio/JASystem/JASChannel	__UpdateJcToDSP__Q28JASystem6DriverFPQ28JASystem8TChannel	328	99.89	EQUIVALENT	L1: frame 48/32
mario/JSystem/JAudio/JASystem/JASChannel	__UpdateJcToDSPInit__Q28JASystem6DriverFPQ28JASystem8TChannel	264	99.86	EQUIVALENT	L1: frame 48/32
mario/JSystem/JAudio/JASystem/JASChannel	updateEffectorParam__Q28JASystem8TChannelFv	716	99.61	EQUIVALENT	L1
mario/JSystem/JParticle/JPAEmitter	__ct__14JPABaseEmitterFv	280	99.93	EQUIVALENT	L1: frame 40/32
mario/JSystem/JParticle/JPAEmitter	deleteAllParticle__14JPABaseEmitterFv	212	99.79	EQUIVALENT	L1: frame 64/72
mario/JSystem/JParticle/JPAEmitter	createChildParticle__14JPABaseEmitterFP15JPABaseParticle	1460	98.91	UNSUPPORTED	stack: address-taken object layout differs (P 408 vs Q 376)
mario/JSystem/JParticle/JPAEmitter	calcEmitterGlobalParams__14JPABaseEmitterFv	884	99.91	EQUIVALENT	L1
mario/JSystem/JParticle/JPAEmitter	loadBaseEmitterBlock__14JPABaseEmitterFP12JPADataBlock	968	99.81	EQUIVALENT	L1: frame 88/80
mario/JSystem/JParticle/JPAEmitter	createParticle__14JPABaseEmitterFv	4776	97.53	UNSUPPORTED	cfg: block 11 (bc->[19, 12] vs bc->[18, 12])
mario/JSystem/JParticle/JPAEmitter	calcCreateParticle__14JPABaseEmitterFv	784	99.99	EQUIVALENT	L1
mario/JSystem/JParticle/JPAField	calcFieldFadeScale__12JPABaseFieldFf	292	95.27	DIFFERENT	block 6 effect 0: 0x198 'lhz r0,84(r3)' vs -
mario/JSystem/JParticle/JPAField	loadFieldBlock__12JPABaseFieldFP12JPADataBlock	604	99.93	UNSUPPORTED	stack: address-taken object extent differs (P 32..80 vs Q 32..72)
mario/JSystem/JParticle/JPAField	affect__11JPAAirFieldFP11JPAParticle	568	96.80	UNSUPPORTED	stack: address-taken object extent differs (P 40..104 vs Q 32..104)
mario/JSystem/JParticle/JPAField	affect__14JPAVortexFieldFP11JPAParticle	360	99.39	EQUIVALENT	L1
mario/JSystem/JParticle/JPAField	affect__18JPAConvectionFieldFP11JPAParticle	760	95.98	DIFFERENT	block 0 effect 1 address differs: 0x17b8 'lfs f2,40(r31)' vs 0x19dc 'lfs f0,32(r4)'
mario/JSystem/JParticle/JPAMath	JPAVecToRotaMtx__FPA4_fQ29JGeometry8TVec3<f>Q29JGeometry8TVec3<f>	436	62.31	DIFFERENT	block 0 effect 0 address differs: 0x548 'lfs f6,4(r5)' vs 0x5e8 'lfs f6,8(r5)'
mario/JSystem/JParticle/JPAMath	JPAGetRMtxTVecElement__FPA4_fPA4_fRQ29JGeometry8TVec3<f>	624	99.23	EQUIVALENT	L1
mario/JSystem/JParticle/JPADrawVisitor	exec__22JPADrawExecDirectionalFPC14JPADrawContextP15JPABaseParticle	1044	99.67	UNSUPPORTED	stack: address-taken object extent differs (P 188..296 vs Q 156..256)
mario/JSystem/JParticle/JPADrawVisitor	exec__25JPADrawExecRotDirectionalFPC14JPADrawContextP15JPABaseParticle	1116	99.96	DIFFERENT	block 15 effect 20 address differs: 0x2124 'lfs f31,44(r30)' vs 0x2158 'lfs f29,52(r30)'
mario/JSystem/JParticle/JPADrawVisitor	exec__27JPADrawExecDirectionalCrossFPC14JPADrawContextP15JPABaseParticle	1368	99.65	DIFFERENT	block 15 effect 19 address differs: 0x25cc 'lfs f31,44(r30)' vs 0x2600 'lfs f29,52(r30)'
mario/JSystem/JParticle/JPADrawVisitor	exec__30JPADrawExecRotDirectionalCrossFPC14JPADrawContextP15JPABaseParticle	1440	99.97	DIFFERENT	block 15 effect 20 address differs: 0x2b6c 'lfs f31,44(r30)' vs 0x2ba0 'lfs f29,52(r30)'
mario/JSystem/JParticle/JPADrawVisitor	exec__15JPADrawExecLineFPC14JPADrawContextP15JPABaseParticle	448	99.63	EQUIVALENT	L1: frame 120/112
mario/JSystem/JParticle/JPADrawVisitor	exec__17JPADrawExecStripeFPC14JPADrawContext	1136	97.97	UNSUPPORTED	stack: address-taken object extent differs (P 264..504 vs Q 232..480)
mario/JSystem/JParticle/JPADrawVisitor	exec__22JPADrawExecStripeCrossFPC14JPADrawContext	2024	97.02	UNSUPPORTED	stack: address-taken object extent differs (P 444..696 vs Q 468..696)
mario/TRK_MINNOW_DOLPHIN/debugger/embedded/MetroTRK/Portable/support	TRKSuppAccessFile	728	99.64	UNSUPPORTED	frame: LR not restored
