pass	category	file	line	col	kind	message	tus_affected	sample_tu	source_line
p32	access-control	src/Enemy/elecNokonoko.cpp	82	56	error	'typedef const class TNerveBase<TLiveActor>* TSpineBase<TLiveActor>::Nerve' is private within this context	1	src/Enemy/elecNokonoko.cpp	TSpineBase<TLiveActor>::Nerve nerve)
p32	access-control	src/Enemy/elecNokonoko.cpp	91	59	error	'typedef const class TNerveBase<TLiveActor>* TSpineBase<TLiveActor>::Nerve' is private within this context	1	src/Enemy/elecNokonoko.cpp	TSpineBase<TLiveActor>::Nerve nerve)
p32	asm-function	src/JSystem/J3D/J3DGraphBase/J3DTransform.cpp	33	5	error	expected '(' before 'bool'	1	src/JSystem/J3D/J3DGraphBase/J3DTransform.cpp	asm bool J3DPSCalcInverseTranspose(register MtxPtr src, register ROMtxPtr dst)
p32	asm-function	src/JSystem/J3D/J3DGraphBase/J3DTransform.cpp	391	5	error	expected '(' before 'void'	1	src/JSystem/J3D/J3DGraphBase/J3DTransform.cpp	asm void J3DPSMtx33CopyFrom34(register MtxPtr src, register ROMtxPtr dst)
p32	asm-function	src/JSystem/J3D/J3DGraphBase/J3DTransform.cpp	414	5	error	expected '(' before 'void'	1	src/JSystem/J3D/J3DGraphBase/J3DTransform.cpp	asm void J3DPSMtxArrayCopy(register MtxPtr src, register MtxPtr dst,
p32	asm-function	src/JSystem/J3D/J3DGraphBase/J3DTransform.cpp	539	5	error	expected '(' before 'void'	1	src/JSystem/J3D/J3DGraphBase/J3DTransform.cpp	asm void J3DPSMtxArrayConcat(register Mtx fst, register Mtx snd,
p32	asm-function	src/MarioUtil/MathUtil.cpp	474	5	error	expected '(' before 'f32'	1	src/MarioUtil/MathUtil.cpp	asm f32 MsVECMag2(register Vec* v)
p32	asm-function	src/MarioUtil/MathUtil.cpp	491	5	error	expected '(' before 'void'	1	src/MarioUtil/MathUtil.cpp	asm void MsVECNormalize(register Vec* v1, register Vec* v2)
p32	case-include	include/JSystem/J3D/J3DGraphBase/J3DMaterial.hpp	7	10	fatal error	JSystem/J3d/J3DGraphBase/Blocks/J3DTevBlocks.hpp: No such file or directory	41	src/Camera/lensflare.cpp	#include <JSystem/J3d/J3DGraphBase/Blocks/J3DTevBlocks.hpp>
p32	case-include	src/Enemy/beam.cpp	1	10	fatal error	Enemy/beam.hpp: No such file or directory	1	src/Enemy/beam.cpp	#include <Enemy/beam.hpp>
p32	case-include	src/Enemy/hamukuri.cpp	26	10	fatal error	MSound/MSoundSe.hpp: No such file or directory	1	src/Enemy/hamukuri.cpp	#include <MSound/MSoundSe.hpp>
p32	case-include	src/GC2D/MessageUtil.cpp	1	10	fatal error	GC2d/MessageUtil.hpp: No such file or directory	1	src/GC2D/MessageUtil.cpp	#include <GC2d/MessageUtil.hpp>
p32	case-include	src/Map/MapEventSink.cpp	21	10	fatal error	Jsystem/JDrama/JDRNameRefGen.hpp: No such file or directory	1	src/Map/MapEventSink.cpp	#include <Jsystem/JDrama/JDRNameRefGen.hpp>
p32	case-include	src/System/MarNameRefGen_Enemy.cpp	54	10	fatal error	Enemy/beam.hpp: No such file or directory	1	src/System/MarNameRefGen_Enemy.cpp	#include <Enemy/beam.hpp>
p32	conflicting-redecl	src/Map/MapDraw.cpp	15	5	error	ambiguating new declaration of 'int SMSGetGameRenderHeight()'	1	src/Map/MapDraw.cpp	int SMSGetGameRenderHeight();
p32	conflicting-redecl	src/Map/MapDraw.cpp	16	5	error	ambiguating new declaration of 'int SMSGetGameRenderWidth()'	1	src/Map/MapDraw.cpp	int SMSGetGameRenderWidth();
p32	conflicting-redecl	src/Map/MapDraw.cpp	77	32	error	'SMSGetGameRenderWidth' was not declared in this scope	1	src/Map/MapDraw.cpp	GXPosition2s16(sVar1 + SMSGetGameRenderWidth(), -sVar1);
p32	conflicting-redecl	src/Map/MapDraw.cpp	80	32	error	'SMSGetGameRenderHeight' was not declared in this scope	1	src/Map/MapDraw.cpp	sVar1 + SMSGetGameRenderHeight());
p32	declspec	include/PowerPC_EABI_Support/Msl/MSL_C/MSL_Common/string.h	10	11	error	expected constructor, destructor, or type conversion before '(' token	509	src/Animal/AnimalBase.cpp	__declspec(section ".init") void* memcpy(void* dest, const void* src, size_t n);
p32	declspec	include/PowerPC_EABI_Support/Msl/MSL_C/MSL_Common/string.h	11	11	error	expected constructor, destructor, or type conversion before '(' token	509	src/Animal/AnimalBase.cpp	__declspec(section ".init") void __fill_mem(void* dest, int val, size_t count);
p32	declspec	include/PowerPC_EABI_Support/Msl/MSL_C/MSL_Common/string.h	16	11	error	expected constructor, destructor, or type conversion before '(' token	509	src/Animal/AnimalBase.cpp	__declspec(section ".init") void* memset(void* dest, int val, size_t count);
p32	gnu-keyword	include/Strategic/spcinterp.hpp	98	20	error	expected primary-expression before ')' token	23	src/Enemy/bossManta.cpp	u32 typeof() const { return mType; }
p32	gnu-keyword	include/Strategic/spcinterp.hpp	98	28	error	expected unqualified-id before '{' token	23	src/Enemy/bossManta.cpp	u32 typeof() const { return mType; }
p32	gnu-keyword	src/Strategic/spcinterp.cpp	100	34	error	expected unqualified-id before 'typeof'	1	src/Strategic/spcinterp.cpp	u32 type = interp->pop().typeof();
p32	gnu-keyword	src/Strategic/spcinterp.cpp	243	18	error	expected unqualified-id before 'typeof'	1	src/Strategic/spcinterp.cpp	if (arg1.typeof() == TSpcSlice::TYPE_FLOAT
p32	gnu-keyword	src/Strategic/spcinterp.cpp	243	18	error	expected ')' before 'typeof'	1	src/Strategic/spcinterp.cpp	if (arg1.typeof() == TSpcSlice::TYPE_FLOAT
p32	gnu-keyword	src/Strategic/spcinterp.cpp	258	18	error	expected unqualified-id before 'typeof'	1	src/Strategic/spcinterp.cpp	if (arg1.typeof() == TSpcSlice::TYPE_FLOAT
p32	gnu-keyword	src/Strategic/spcinterp.cpp	258	18	error	expected ')' before 'typeof'	1	src/Strategic/spcinterp.cpp	if (arg1.typeof() == TSpcSlice::TYPE_FLOAT
p32	gnu-keyword	src/Strategic/spcinterp.cpp	273	18	error	expected unqualified-id before 'typeof'	1	src/Strategic/spcinterp.cpp	if (arg1.typeof() == TSpcSlice::TYPE_FLOAT
p32	gnu-keyword	src/Strategic/spcinterp.cpp	273	18	error	expected ')' before 'typeof'	1	src/Strategic/spcinterp.cpp	if (arg1.typeof() == TSpcSlice::TYPE_FLOAT
p32	gnu-keyword	src/Strategic/spcinterp.cpp	291	18	error	expected unqualified-id before 'typeof'	1	src/Strategic/spcinterp.cpp	if (arg1.typeof() == TSpcSlice::TYPE_FLOAT
p32	gnu-keyword	src/Strategic/spcinterp.cpp	291	18	error	expected ')' before 'typeof'	1	src/Strategic/spcinterp.cpp	if (arg1.typeof() == TSpcSlice::TYPE_FLOAT
p32	gnu-keyword	src/System/EventWatcher.cpp	100	23	error	expected unqualified-id before 'typeof'	1	src/System/EventWatcher.cpp	switch (slice.typeof()) {
p32	gnu-keyword	src/System/EventWatcher.cpp	100	23	error	expected ')' before 'typeof'	1	src/System/EventWatcher.cpp	switch (slice.typeof()) {
p32	implicit-conv	include/M3DUtil/MActorData.hpp	82	35	error	cannot convert 'J3DAnmBase**' to 'void**'	182	src/Animal/AnimalBase.cpp	sortByFileNameRaw(mAnimations);
p32	jump-over-init	src/Enemy/gesso.cpp	675	14	error	jump to case label	1	src/Enemy/gesso.cpp	case STATE_ROLLING:
p32	jump-over-init	src/Enemy/gesso.cpp	678	14	error	jump to case label	1	src/Enemy/gesso.cpp	case STATE_BEAM_CHILLING:
p32	jump-over-init	src/JSystem/JAudio/JASystem/JASTrack.cpp	809	1	error	jump to label 'bail'	1	src/JSystem/JAudio/JASystem/JASTrack.cpp	bail:
p32	jump-over-init	src/Player/MarioAutodemo.cpp	37	14	error	jump to case label	1	src/Player/MarioAutodemo.cpp	case 1:
p32	jump-over-init	src/Player/MarioAutodemo.cpp	41	9	error	jump to case label	1	src/Player/MarioAutodemo.cpp	default:
p32	jump-over-init	src/System/MarDirectorDirect.cpp	515	14	error	jump to case label	1	src/System/MarDirectorDirect.cpp	case STATE_UNK4:
p32	jump-over-init	src/System/MarDirectorDirect.cpp	521	14	error	jump to case label	1	src/System/MarDirectorDirect.cpp	case STATE_UNK5:
p32	jump-over-init	src/System/MarDirectorDirect.cpp	528	14	error	jump to case label	1	src/System/MarDirectorDirect.cpp	case STATE_UNK10:
p32	jump-over-init	src/System/MarDirectorDirect.cpp	542	14	error	jump to case label	1	src/System/MarDirectorDirect.cpp	case STATE_UNK11:
p32	main-signature	src/main.cpp	6	1	error	'::main' must return 'int'	1	src/main.cpp	void main(void)
p32	missing-typename	include/PowerPC_EABI_Support/Msl/MSL_C++/MSL_Common/iterator	15	17	error	need 'typename' before 'I::difference_type' because 'I' is a dependent scope	220	src/Animal/AnimalBase.cpp	typedef I::difference_type difference_type;
p32	missing-typename	include/PowerPC_EABI_Support/Msl/MSL_C++/MSL_Common/iterator	16	17	error	need 'typename' before 'I::value_type' because 'I' is a dependent scope	220	src/Animal/AnimalBase.cpp	typedef I::value_type value_type;
p32	missing-typename	include/PowerPC_EABI_Support/Msl/MSL_C++/MSL_Common/iterator	17	17	error	need 'typename' before 'I::pointer' because 'I' is a dependent scope	220	src/Animal/AnimalBase.cpp	typedef I::pointer pointer;
p32	missing-typename	include/PowerPC_EABI_Support/Msl/MSL_C++/MSL_Common/iterator	18	17	error	need 'typename' before 'I::reference' because 'I' is a dependent scope	220	src/Animal/AnimalBase.cpp	typedef I::reference reference;
p32	missing-typename	include/PowerPC_EABI_Support/Msl/MSL_C++/MSL_Common/iterator	19	17	error	need 'typename' before 'I::iterator_category' because 'I' is a dependent scope	220	src/Animal/AnimalBase.cpp	typedef I::iterator_category iterator_category;
p32	msl-cascade	src/GC2D/MovieSubtitle.cpp	92	9	error	'memset' was not declared in this scope	1	src/GC2D/MovieSubtitle.cpp	memset(buffer, ' ', ARRAY_COUNT(buffer));
p32	msl-cascade	src/JSystem/JDrama/JDRRenderMode.cpp	88	9	error	'memcpy' was not declared in this scope	1	src/JSystem/JDrama/JDRRenderMode.cpp	memcpy(rmo->sample_pattern, sample_pattern, 24);
p32	msl-cascade	src/JSystem/JDrama/JDRRenderMode.cpp	93	9	error	'memcpy' was not declared in this scope	1	src/JSystem/JDrama/JDRRenderMode.cpp	memcpy(rmo->vfilter, vfilter, 7);
p32	msl-cascade	src/JSystem/JKernel/JKRAram.cpp	513	9	error	'memcpy' was not declared in this scope	1	src/JSystem/JKernel/JKRAram.cpp	memcpy(dest, current, left);
p32	msl-cascade	src/JSystem/JKernel/JKRDvdAramRipper.cpp	443	9	error	'memcpy' was not declared in this scope	1	src/JSystem/JKernel/JKRDvdAramRipper.cpp	memcpy(dest, src, size);
p32	msl-cascade	src/JSystem/JKernel/JKRDvdRipper.cpp	457	9	error	'memcpy' was not declared in this scope	1	src/JSystem/JKernel/JKRDvdRipper.cpp	memcpy(buf, src, limit);
p32	msl-cascade	src/JSystem/JParticle/JPABaseShape.cpp	206	17	error	'memcpy' was not declared in this scope	1	src/JSystem/JParticle/JPABaseShape.cpp	memcpy(mTextureIndices, data + *(s16*)(data + 0x12), mTextureAnmKeyNum);
p32	msl-cascade	src/JSystem/JParticle/JPADataBlock.cpp	9	9	error	'memcpy' was not declared in this scope	1	src/JSystem/JParticle/JPADataBlock.cpp	memcpy(mRawData, param_1, size);
p32	msl-cascade	src/JSystem/JSupport/JSUMemoryStream.cpp	18	17	error	'memcpy' was not declared in this scope	1	src/JSystem/JSupport/JSUMemoryStream.cpp	memcpy(buf, (char*)mBuffer + mPosition, count);
p32	msl-cascade	src/JSystem/JSupport/JSUMemoryStream.cpp	66	17	error	'memcpy' was not declared in this scope	1	src/JSystem/JSupport/JSUMemoryStream.cpp	memcpy((char*)mBuffer + mPosition, buf, count);
p32	msl-cascade	src/Map/MapCollisionData.cpp	41	9	error	'memset' was not declared in this scope	1	src/Map/MapCollisionData.cpp	memset(unk18, 0, unk10 * sizeof(*unk18));
p32	msl-cascade	src/Map/PollutionLayer.cpp	409	9	error	'memset' was not declared in this scope	1	src/Map/PollutionLayer.cpp	memset(mEffectPositions, 0,
p32	msl-cascade	src/MarioUtil/GDUtil.cpp	23	9	error	'memset' was not declared in this scope	1	src/MarioUtil/GDUtil.cpp	memset(mDispList, 0, mDispListSize);
p32	msl-cascade	src/MoveBG/MapObjBall.cpp	1536	9	error	'memset' was not declared in this scope	1	src/MoveBG/MapObjBall.cpp	memset(mModelName, 0, sizeof(mModelName));
p32	msl-cascade	src/MoveBG/MapObjHide.cpp	657	9	error	'memset' was not declared in this scope	1	src/MoveBG/MapObjHide.cpp	memset(unk178, 0, 0x19);
p32	msl-cascade	src/Strategic/ObjModel.cpp	187	9	error	'memset' was not declared in this scope	1	src/Strategic/ObjModel.cpp	memset(mActors, 0, param_2 * sizeof(mActors[0]));
p32	msl-cascade	src/Strategic/ObjModel.cpp	209	9	error	'memset' was not declared in this scope	1	src/Strategic/ObjModel.cpp	memset(mActors, 0, mModelDataNum * sizeof(mActors[0]));
p32	msl-cascade	src/System/CardManager.cpp	41	9	error	'memset' was not declared in this scope	1	src/System/CardManager.cpp	memset(&mHeader, 0, sizeof(mHeader) + sizeof(mOptionBlock));
p32	msl-cascade	src/System/CardManager.cpp	116	17	error	'memcpy' was not declared in this scope	1	src/System/CardManager.cpp	memcpy(&mPreviewBytes, sector_data, sizeof(mPreviewBytes));
p32	msl-cascade	src/System/CardManager.cpp	126	17	error	'memset' was not declared in this scope	1	src/System/CardManager.cpp	memset(mPreviewBytes, 0, sizeof(mPreviewBytes));
p32	msl-cascade	src/System/CardManager.cpp	543	9	error	'memcpy' was not declared in this scope	1	src/System/CardManager.cpp	memcpy(header->mBanner, mBanner, sizeof(header->mBanner));
p32	msl-cascade	src/System/FlagManager.cpp	419	9	error	'memcpy' was not declared in this scope	1	src/System/FlagManager.cpp	memcpy(mSavedCardBools, mCardBools, sizeof(mCardBools));
p32	msl-cascade	src/System/FlagManager.cpp	429	9	error	'memcpy' was not declared in this scope	1	src/System/FlagManager.cpp	memcpy(mCardBools, mSavedCardBools, sizeof(mCardBools));
p32	msl-cascade	src/System/FlagManager.cpp	521	9	error	'memcpy' was not declared in this scope	1	src/System/FlagManager.cpp	memcpy(mSavedCardBools, mCardBools, sizeof(mCardBools));
p32	msl-cascade	src/THPPlayer/THPPlayer.c	91	9	error	'memset' was not declared in this scope	1	src/THPPlayer/THPPlayer.c	memset(&ActivePlayer, 0, sizeof(THPPlayer));
p32	msl-cascade	src/THPPlayer/THPPlayer.c	131	9	error	'memset' was not declared in this scope	1	src/THPPlayer/THPPlayer.c	memset(&ActivePlayer.videoInfo, 0, sizeof(THPVideoInfo));
p32	msl-cascade	src/THPPlayer/THPPlayer.c	143	9	error	'memcpy' was not declared in this scope	1	src/THPPlayer/THPPlayer.c	memcpy(&ActivePlayer.header.magic, WorkBuffer, sizeof(THPHeader));
p32	msl-cascade	src/THPPlayer/THPPlayer.c	648	17	error	'memcpy' was not declared in this scope	1	src/THPPlayer/THPPlayer.c	memcpy(videoInfo, &ActivePlayer.videoInfo, sizeof(THPVideoInfo));
p32	msl-cascade	src/THPPlayer/THPPlayer.c	658	17	error	'memcpy' was not declared in this scope	1	src/THPPlayer/THPPlayer.c	memcpy(audioInfo, &ActivePlayer.audioInfo, sizeof(THPAudioInfo));
p32	msl-cascade	src/THPPlayer/THPPlayer.c	732	49	error	'memset' was not declared in this scope	1	src/THPPlayer/THPPlayer.c	memset(dst, 0, requestSample * 4);
p32	msl-cascade	src/THPPlayer/THPPlayer.c	790	17	error	'memset' was not declared in this scope	1	src/THPPlayer/THPPlayer.c	memset(destination, 0, sample * 4);
p32	overload-ambiguity	src/JSystem/JKernel/JKRDvdArchive.cpp	12	30	error	call of overloaded 'JKRArchive(int, JKRArchive::EMountMode)' is ambiguous	1	src/JSystem/JKernel/JKRDvdArchive.cpp	: JKRArchive(0, MOUNT_DVD)
p32	overload-ambiguity	src/JSystem/JKernel/JKRMemArchive.cpp	41	30	error	call of overloaded 'JKRArchive(int, JKRArchive::EMountMode)' is ambiguous	1	src/JSystem/JKernel/JKRMemArchive.cpp	: JKRArchive(0, MOUNT_MEM)
p32	ppc-intrinsic	include/dolphin/gd/GDLight.h	78	22	error	'__cntlzw' was not declared in this scope	300	src/Animal/AnimalBase.cpp	idx = 0x1F - __cntlzw(id);
p32	ref-binding	src/Enemy/bombhei.cpp	282	41	error	binding reference of type 'JGeometry::TVec3<float>&' to 'const JGeometry::TVec3<float>' discards qualifiers	1	src/Enemy/bombhei.cpp	smoke->generate(*BombheiPosition(this), mScaling);
p32	ref-binding	src/Enemy/tobiPuku.cpp	898	44	error	binding reference of type 'JGeometry::TVec3<float>&' to 'const JGeometry::TVec3<float>' discards qualifiers	1	src/Enemy/tobiPuku.cpp	enemy->generate(getPosition(), mScaling);
p32	ref-binding	src/GC2D/GCConsole2.cpp	833	71	error	cannot bind non-const lvalue reference of type 'TBoundPane*&' to an rvalue of type 'TBoundPane*'	1	src/GC2D/GCConsole2.cpp	changeCoinNum(console->unkD4[0], console->unkE0,
p32	ref-binding	src/GC2D/GCConsole2.cpp	839	71	error	cannot bind non-const lvalue reference of type 'TBoundPane*&' to an rvalue of type 'TBoundPane*'	1	src/GC2D/GCConsole2.cpp	changeCoinNum(console->unkD4[1], console->unkE0, rest / 10,
p32	ref-binding	src/GC2D/GCConsole2.cpp	844	63	error	cannot bind non-const lvalue reference of type 'TBoundPane*&' to an rvalue of type 'TBoundPane*'	1	src/GC2D/GCConsole2.cpp	changeCoinNum(console->unkD4[2], console->unkE0, rest % 10,
p32	ref-binding	src/GC2D/GCConsole2.cpp	848	71	error	cannot bind non-const lvalue reference of type 'TBoundPane*&' to an rvalue of type 'TBoundPane*'	1	src/GC2D/GCConsole2.cpp	changeCoinNum(console->unkD4[0], console->unkE0,
p32	ref-binding	src/GC2D/GCConsole2.cpp	851	63	error	cannot bind non-const lvalue reference of type 'TBoundPane*&' to an rvalue of type 'TBoundPane*'	1	src/GC2D/GCConsole2.cpp	changeCoinNum(console->unkD4[1], console->unkE0,
p32	ref-binding	src/System/MarDirectorInitECT.cpp	121	25	error	binding reference of type 'GXTexObj&' {aka '_GXTexObj&'} to 'const GXTexObj' {aka 'const _GXTexObj'} discards qualifiers	1	src/System/MarDirectorInitECT.cpp	GXTexObj& obj = *MarDirectorInitECTUnk60(mirrorCam);
p32	two-phase-lookup	include/JSystem/JGeometry/JGQuat4.hpp	62	20	error	'set' was not declared in this scope, and no declarations were found by argument-dependent lookup at the point of instantiation	11	src/Animal/AnimalBase.cpp	set(a.x * b.w + a.w * b.x + a.y * b.z - a.z * b.y,
p32	two-phase-lookup	include/Camera/cameralib.hpp	86	44	error	'CLBTwoDegreeGeneralInbetween' was not declared in this scope, and no declarations were found by argument-dependent lookup at the point of instantiation	2	src/Camera/CameraNormal.cpp	return CLBTwoDegreeGeneralInbetween(param_1, param_2, param_3,
p32	two-phase-lookup	include/JSystem/JGeometry/JGQuat4.hpp	49	20	error	'set' was not declared in this scope, and no declarations were found by argument-dependent lookup at the point of instantiation	2	src/Enemy/BathtubKiller.cpp	set(_x, _y, _z, _w);
p32	two-phase-lookup	include/JSystem/JSupport/JSUList.hpp	180	60	error	'append' was not declared in this scope, and no declarations were found by argument-dependent lookup at the point of instantiation	2	src/JSystem/J2D/J2DPane.cpp	bool appendChild(JSUTree<T>* child) { return append(child); }
p32	two-phase-lookup	include/JSystem/JSupport/JSUList.hpp	182	60	error	'remove' was not declared in this scope, and no declarations were found by argument-dependent lookup at the point of instantiation	2	src/GC2D/GCConsole2.cpp	bool removeChild(JSUTree<T>* child) { return remove(child); }
s32	access-control	src/Enemy/elecNokonoko.cpp	82	56	error	'typedef const class TNerveBase<TLiveActor>* TSpineBase<TLiveActor>::Nerve' is private within this context	1	src/Enemy/elecNokonoko.cpp	TSpineBase<TLiveActor>::Nerve nerve)
s32	access-control	src/Enemy/elecNokonoko.cpp	91	59	error	'typedef const class TNerveBase<TLiveActor>* TSpineBase<TLiveActor>::Nerve' is private within this context	1	src/Enemy/elecNokonoko.cpp	TSpineBase<TLiveActor>::Nerve nerve)
s32	asm-function	src/JSystem/J3D/J3DGraphBase/J3DTransform.cpp	33	5	error	expected '(' before 'bool'	1	src/JSystem/J3D/J3DGraphBase/J3DTransform.cpp	asm bool J3DPSCalcInverseTranspose(register MtxPtr src, register ROMtxPtr dst)
s32	asm-function	src/JSystem/J3D/J3DGraphBase/J3DTransform.cpp	391	5	error	expected '(' before 'void'	1	src/JSystem/J3D/J3DGraphBase/J3DTransform.cpp	asm void J3DPSMtx33CopyFrom34(register MtxPtr src, register ROMtxPtr dst)
s32	asm-function	src/JSystem/J3D/J3DGraphBase/J3DTransform.cpp	414	5	error	expected '(' before 'void'	1	src/JSystem/J3D/J3DGraphBase/J3DTransform.cpp	asm void J3DPSMtxArrayCopy(register MtxPtr src, register MtxPtr dst,
s32	asm-function	src/JSystem/J3D/J3DGraphBase/J3DTransform.cpp	539	5	error	expected '(' before 'void'	1	src/JSystem/J3D/J3DGraphBase/J3DTransform.cpp	asm void J3DPSMtxArrayConcat(register Mtx fst, register Mtx snd,
s32	asm-function	src/MarioUtil/MathUtil.cpp	474	5	error	expected '(' before 'f32'	1	src/MarioUtil/MathUtil.cpp	asm f32 MsVECMag2(register Vec* v)
s32	asm-function	src/MarioUtil/MathUtil.cpp	491	5	error	expected '(' before 'void'	1	src/MarioUtil/MathUtil.cpp	asm void MsVECNormalize(register Vec* v1, register Vec* v2)
s32	case-include	include/JSystem/J3D/J3DGraphBase/J3DMaterial.hpp	7	10	fatal error	JSystem/J3d/J3DGraphBase/Blocks/J3DTevBlocks.hpp: No such file or directory	41	src/Camera/lensflare.cpp	#include <JSystem/J3d/J3DGraphBase/Blocks/J3DTevBlocks.hpp>
s32	case-include	src/Enemy/beam.cpp	1	10	fatal error	Enemy/beam.hpp: No such file or directory	1	src/Enemy/beam.cpp	#include <Enemy/beam.hpp>
s32	case-include	src/Enemy/hamukuri.cpp	26	10	fatal error	MSound/MSoundSe.hpp: No such file or directory	1	src/Enemy/hamukuri.cpp	#include <MSound/MSoundSe.hpp>
s32	case-include	src/GC2D/MessageUtil.cpp	1	10	fatal error	GC2d/MessageUtil.hpp: No such file or directory	1	src/GC2D/MessageUtil.cpp	#include <GC2d/MessageUtil.hpp>
s32	case-include	src/Map/MapEventSink.cpp	21	10	fatal error	Jsystem/JDrama/JDRNameRefGen.hpp: No such file or directory	1	src/Map/MapEventSink.cpp	#include <Jsystem/JDrama/JDRNameRefGen.hpp>
s32	case-include	src/System/MarNameRefGen_Enemy.cpp	54	10	fatal error	Enemy/beam.hpp: No such file or directory	1	src/System/MarNameRefGen_Enemy.cpp	#include <Enemy/beam.hpp>
s32	conflicting-redecl	src/Map/MapDraw.cpp	15	5	error	ambiguating new declaration of 'int SMSGetGameRenderHeight()'	1	src/Map/MapDraw.cpp	int SMSGetGameRenderHeight();
s32	conflicting-redecl	src/Map/MapDraw.cpp	16	5	error	ambiguating new declaration of 'int SMSGetGameRenderWidth()'	1	src/Map/MapDraw.cpp	int SMSGetGameRenderWidth();
s32	conflicting-redecl	src/Map/MapDraw.cpp	77	32	error	'SMSGetGameRenderWidth' was not declared in this scope	1	src/Map/MapDraw.cpp	GXPosition2s16(sVar1 + SMSGetGameRenderWidth(), -sVar1);
s32	conflicting-redecl	src/Map/MapDraw.cpp	80	32	error	'SMSGetGameRenderHeight' was not declared in this scope	1	src/Map/MapDraw.cpp	sVar1 + SMSGetGameRenderHeight());
s32	declspec	include/PowerPC_EABI_Support/Msl/MSL_C/MSL_Common/string.h	10	11	error	expected constructor, destructor, or type conversion before '(' token	509	src/Animal/AnimalBase.cpp	__declspec(section ".init") void* memcpy(void* dest, const void* src, size_t n);
s32	declspec	include/PowerPC_EABI_Support/Msl/MSL_C/MSL_Common/string.h	11	11	error	expected constructor, destructor, or type conversion before '(' token	509	src/Animal/AnimalBase.cpp	__declspec(section ".init") void __fill_mem(void* dest, int val, size_t count);
s32	declspec	include/PowerPC_EABI_Support/Msl/MSL_C/MSL_Common/string.h	16	11	error	expected constructor, destructor, or type conversion before '(' token	509	src/Animal/AnimalBase.cpp	__declspec(section ".init") void* memset(void* dest, int val, size_t count);
s32	gnu-keyword	include/Strategic/spcinterp.hpp	98	20	error	expected primary-expression before ')' token	23	src/Enemy/bossManta.cpp	u32 typeof() const { return mType; }
s32	gnu-keyword	include/Strategic/spcinterp.hpp	98	28	error	expected unqualified-id before '{' token	23	src/Enemy/bossManta.cpp	u32 typeof() const { return mType; }
s32	gnu-keyword	src/Strategic/spcinterp.cpp	100	34	error	expected unqualified-id before 'typeof'	1	src/Strategic/spcinterp.cpp	u32 type = interp->pop().typeof();
s32	gnu-keyword	src/Strategic/spcinterp.cpp	243	18	error	expected unqualified-id before 'typeof'	1	src/Strategic/spcinterp.cpp	if (arg1.typeof() == TSpcSlice::TYPE_FLOAT
s32	gnu-keyword	src/Strategic/spcinterp.cpp	243	18	error	expected ')' before 'typeof'	1	src/Strategic/spcinterp.cpp	if (arg1.typeof() == TSpcSlice::TYPE_FLOAT
s32	gnu-keyword	src/Strategic/spcinterp.cpp	258	18	error	expected unqualified-id before 'typeof'	1	src/Strategic/spcinterp.cpp	if (arg1.typeof() == TSpcSlice::TYPE_FLOAT
s32	gnu-keyword	src/Strategic/spcinterp.cpp	258	18	error	expected ')' before 'typeof'	1	src/Strategic/spcinterp.cpp	if (arg1.typeof() == TSpcSlice::TYPE_FLOAT
s32	gnu-keyword	src/Strategic/spcinterp.cpp	273	18	error	expected unqualified-id before 'typeof'	1	src/Strategic/spcinterp.cpp	if (arg1.typeof() == TSpcSlice::TYPE_FLOAT
s32	gnu-keyword	src/Strategic/spcinterp.cpp	273	18	error	expected ')' before 'typeof'	1	src/Strategic/spcinterp.cpp	if (arg1.typeof() == TSpcSlice::TYPE_FLOAT
s32	gnu-keyword	src/Strategic/spcinterp.cpp	291	18	error	expected unqualified-id before 'typeof'	1	src/Strategic/spcinterp.cpp	if (arg1.typeof() == TSpcSlice::TYPE_FLOAT
s32	gnu-keyword	src/Strategic/spcinterp.cpp	291	18	error	expected ')' before 'typeof'	1	src/Strategic/spcinterp.cpp	if (arg1.typeof() == TSpcSlice::TYPE_FLOAT
s32	gnu-keyword	src/System/EventWatcher.cpp	100	23	error	expected unqualified-id before 'typeof'	1	src/System/EventWatcher.cpp	switch (slice.typeof()) {
s32	gnu-keyword	src/System/EventWatcher.cpp	100	23	error	expected ')' before 'typeof'	1	src/System/EventWatcher.cpp	switch (slice.typeof()) {
s32	implicit-conv	include/M3DUtil/MActorData.hpp	82	35	error	cannot convert 'J3DAnmBase**' to 'void**'	182	src/Animal/AnimalBase.cpp	sortByFileNameRaw(mAnimations);
s32	implicit-conv	include/JSystem/JGadget/linklist.hpp	287	42	error	invalid conversion from 'const JUTConsole*' to 'JUTConsole*' [-fpermissive]	1	src/JSystem/JUtility/JUTConsole.cpp	T* p = operator->();
s32	implicit-conv	src/Enemy/tinkoopa.cpp	1104	49	error	invalid conversion from 'const TNerveBase<TLiveActor>*' to 'TNerveBase<TLiveActor>*' [-fpermissive]	1	src/Enemy/tinkoopa.cpp	TNerveBase<TLiveActor>* nerve = &TNerveTinKoopaBreak::theNerve();
s32	implicit-conv	src/Enemy/tinkoopa.cpp	1109	41	error	invalid conversion from 'const TNerveBase<TLiveActor>*' to 'TNerveBase<TLiveActor>*' [-fpermissive]	1	src/Enemy/tinkoopa.cpp	TNerveBase<TLiveActor>* nerve = &TNerveTinKoopaDamage::theNerve();
s32	jump-over-init	src/Enemy/gesso.cpp	675	14	error	jump to case label	1	src/Enemy/gesso.cpp	case STATE_ROLLING:
s32	jump-over-init	src/Enemy/gesso.cpp	678	14	error	jump to case label	1	src/Enemy/gesso.cpp	case STATE_BEAM_CHILLING:
s32	jump-over-init	src/JSystem/JAudio/JASystem/JASTrack.cpp	809	1	error	jump to label 'bail'	1	src/JSystem/JAudio/JASystem/JASTrack.cpp	bail:
s32	jump-over-init	src/Player/MarioAutodemo.cpp	37	14	error	jump to case label	1	src/Player/MarioAutodemo.cpp	case 1:
s32	jump-over-init	src/Player/MarioAutodemo.cpp	41	9	error	jump to case label	1	src/Player/MarioAutodemo.cpp	default:
s32	jump-over-init	src/System/MarDirectorDirect.cpp	515	14	error	jump to case label	1	src/System/MarDirectorDirect.cpp	case STATE_UNK4:
s32	jump-over-init	src/System/MarDirectorDirect.cpp	521	14	error	jump to case label	1	src/System/MarDirectorDirect.cpp	case STATE_UNK5:
s32	jump-over-init	src/System/MarDirectorDirect.cpp	528	14	error	jump to case label	1	src/System/MarDirectorDirect.cpp	case STATE_UNK10:
s32	jump-over-init	src/System/MarDirectorDirect.cpp	542	14	error	jump to case label	1	src/System/MarDirectorDirect.cpp	case STATE_UNK11:
s32	main-signature	src/main.cpp	6	1	error	'::main' must return 'int'	1	src/main.cpp	void main(void)
s32	missing-typename	include/PowerPC_EABI_Support/Msl/MSL_C++/MSL_Common/iterator	15	17	error	need 'typename' before 'I::difference_type' because 'I' is a dependent scope	220	src/Animal/AnimalBase.cpp	typedef I::difference_type difference_type;
s32	missing-typename	include/PowerPC_EABI_Support/Msl/MSL_C++/MSL_Common/iterator	16	17	error	need 'typename' before 'I::value_type' because 'I' is a dependent scope	220	src/Animal/AnimalBase.cpp	typedef I::value_type value_type;
s32	missing-typename	include/PowerPC_EABI_Support/Msl/MSL_C++/MSL_Common/iterator	17	17	error	need 'typename' before 'I::pointer' because 'I' is a dependent scope	220	src/Animal/AnimalBase.cpp	typedef I::pointer pointer;
s32	missing-typename	include/PowerPC_EABI_Support/Msl/MSL_C++/MSL_Common/iterator	18	17	error	need 'typename' before 'I::reference' because 'I' is a dependent scope	220	src/Animal/AnimalBase.cpp	typedef I::reference reference;
s32	missing-typename	include/PowerPC_EABI_Support/Msl/MSL_C++/MSL_Common/iterator	19	17	error	need 'typename' before 'I::iterator_category' because 'I' is a dependent scope	220	src/Animal/AnimalBase.cpp	typedef I::iterator_category iterator_category;
s32	msl-cascade	src/GC2D/MovieSubtitle.cpp	92	9	error	'memset' was not declared in this scope	1	src/GC2D/MovieSubtitle.cpp	memset(buffer, ' ', ARRAY_COUNT(buffer));
s32	msl-cascade	src/JSystem/JDrama/JDRRenderMode.cpp	88	9	error	'memcpy' was not declared in this scope	1	src/JSystem/JDrama/JDRRenderMode.cpp	memcpy(rmo->sample_pattern, sample_pattern, 24);
s32	msl-cascade	src/JSystem/JDrama/JDRRenderMode.cpp	93	9	error	'memcpy' was not declared in this scope	1	src/JSystem/JDrama/JDRRenderMode.cpp	memcpy(rmo->vfilter, vfilter, 7);
s32	msl-cascade	src/JSystem/JKernel/JKRAram.cpp	513	9	error	'memcpy' was not declared in this scope	1	src/JSystem/JKernel/JKRAram.cpp	memcpy(dest, current, left);
s32	msl-cascade	src/JSystem/JKernel/JKRDvdAramRipper.cpp	443	9	error	'memcpy' was not declared in this scope	1	src/JSystem/JKernel/JKRDvdAramRipper.cpp	memcpy(dest, src, size);
s32	msl-cascade	src/JSystem/JKernel/JKRDvdRipper.cpp	457	9	error	'memcpy' was not declared in this scope	1	src/JSystem/JKernel/JKRDvdRipper.cpp	memcpy(buf, src, limit);
s32	msl-cascade	src/JSystem/JParticle/JPABaseShape.cpp	206	17	error	'memcpy' was not declared in this scope	1	src/JSystem/JParticle/JPABaseShape.cpp	memcpy(mTextureIndices, data + *(s16*)(data + 0x12), mTextureAnmKeyNum);
s32	msl-cascade	src/JSystem/JParticle/JPADataBlock.cpp	9	9	error	'memcpy' was not declared in this scope	1	src/JSystem/JParticle/JPADataBlock.cpp	memcpy(mRawData, param_1, size);
s32	msl-cascade	src/JSystem/JSupport/JSUMemoryStream.cpp	18	17	error	'memcpy' was not declared in this scope	1	src/JSystem/JSupport/JSUMemoryStream.cpp	memcpy(buf, (char*)mBuffer + mPosition, count);
s32	msl-cascade	src/JSystem/JSupport/JSUMemoryStream.cpp	66	17	error	'memcpy' was not declared in this scope	1	src/JSystem/JSupport/JSUMemoryStream.cpp	memcpy((char*)mBuffer + mPosition, buf, count);
s32	msl-cascade	src/Map/MapCollisionData.cpp	41	9	error	'memset' was not declared in this scope	1	src/Map/MapCollisionData.cpp	memset(unk18, 0, unk10 * sizeof(*unk18));
s32	msl-cascade	src/Map/PollutionLayer.cpp	409	9	error	'memset' was not declared in this scope	1	src/Map/PollutionLayer.cpp	memset(mEffectPositions, 0,
s32	msl-cascade	src/MarioUtil/GDUtil.cpp	23	9	error	'memset' was not declared in this scope	1	src/MarioUtil/GDUtil.cpp	memset(mDispList, 0, mDispListSize);
s32	msl-cascade	src/MoveBG/MapObjBall.cpp	1536	9	error	'memset' was not declared in this scope	1	src/MoveBG/MapObjBall.cpp	memset(mModelName, 0, sizeof(mModelName));
s32	msl-cascade	src/MoveBG/MapObjHide.cpp	657	9	error	'memset' was not declared in this scope	1	src/MoveBG/MapObjHide.cpp	memset(unk178, 0, 0x19);
s32	msl-cascade	src/Strategic/ObjModel.cpp	187	9	error	'memset' was not declared in this scope	1	src/Strategic/ObjModel.cpp	memset(mActors, 0, param_2 * sizeof(mActors[0]));
s32	msl-cascade	src/Strategic/ObjModel.cpp	209	9	error	'memset' was not declared in this scope	1	src/Strategic/ObjModel.cpp	memset(mActors, 0, mModelDataNum * sizeof(mActors[0]));
s32	msl-cascade	src/System/CardManager.cpp	41	9	error	'memset' was not declared in this scope	1	src/System/CardManager.cpp	memset(&mHeader, 0, sizeof(mHeader) + sizeof(mOptionBlock));
s32	msl-cascade	src/System/CardManager.cpp	116	17	error	'memcpy' was not declared in this scope	1	src/System/CardManager.cpp	memcpy(&mPreviewBytes, sector_data, sizeof(mPreviewBytes));
s32	msl-cascade	src/System/CardManager.cpp	126	17	error	'memset' was not declared in this scope	1	src/System/CardManager.cpp	memset(mPreviewBytes, 0, sizeof(mPreviewBytes));
s32	msl-cascade	src/System/CardManager.cpp	543	9	error	'memcpy' was not declared in this scope	1	src/System/CardManager.cpp	memcpy(header->mBanner, mBanner, sizeof(header->mBanner));
s32	msl-cascade	src/System/FlagManager.cpp	419	9	error	'memcpy' was not declared in this scope	1	src/System/FlagManager.cpp	memcpy(mSavedCardBools, mCardBools, sizeof(mCardBools));
s32	msl-cascade	src/System/FlagManager.cpp	429	9	error	'memcpy' was not declared in this scope	1	src/System/FlagManager.cpp	memcpy(mCardBools, mSavedCardBools, sizeof(mCardBools));
s32	msl-cascade	src/System/FlagManager.cpp	521	9	error	'memcpy' was not declared in this scope	1	src/System/FlagManager.cpp	memcpy(mSavedCardBools, mCardBools, sizeof(mCardBools));
s32	msl-cascade	src/THPPlayer/THPPlayer.c	91	9	error	'memset' was not declared in this scope	1	src/THPPlayer/THPPlayer.c	memset(&ActivePlayer, 0, sizeof(THPPlayer));
s32	msl-cascade	src/THPPlayer/THPPlayer.c	131	9	error	'memset' was not declared in this scope	1	src/THPPlayer/THPPlayer.c	memset(&ActivePlayer.videoInfo, 0, sizeof(THPVideoInfo));
s32	msl-cascade	src/THPPlayer/THPPlayer.c	143	9	error	'memcpy' was not declared in this scope	1	src/THPPlayer/THPPlayer.c	memcpy(&ActivePlayer.header.magic, WorkBuffer, sizeof(THPHeader));
s32	msl-cascade	src/THPPlayer/THPPlayer.c	648	17	error	'memcpy' was not declared in this scope	1	src/THPPlayer/THPPlayer.c	memcpy(videoInfo, &ActivePlayer.videoInfo, sizeof(THPVideoInfo));
s32	msl-cascade	src/THPPlayer/THPPlayer.c	658	17	error	'memcpy' was not declared in this scope	1	src/THPPlayer/THPPlayer.c	memcpy(audioInfo, &ActivePlayer.audioInfo, sizeof(THPAudioInfo));
s32	msl-cascade	src/THPPlayer/THPPlayer.c	732	49	error	'memset' was not declared in this scope	1	src/THPPlayer/THPPlayer.c	memset(dst, 0, requestSample * 4);
s32	msl-cascade	src/THPPlayer/THPPlayer.c	790	17	error	'memset' was not declared in this scope	1	src/THPPlayer/THPPlayer.c	memset(destination, 0, sample * 4);
s32	overload-ambiguity	src/JSystem/JKernel/JKRDvdArchive.cpp	12	30	error	call of overloaded 'JKRArchive(int, JKRArchive::EMountMode)' is ambiguous	1	src/JSystem/JKernel/JKRDvdArchive.cpp	: JKRArchive(0, MOUNT_DVD)
s32	overload-ambiguity	src/JSystem/JKernel/JKRMemArchive.cpp	41	30	error	call of overloaded 'JKRArchive(int, JKRArchive::EMountMode)' is ambiguous	1	src/JSystem/JKernel/JKRMemArchive.cpp	: JKRArchive(0, MOUNT_MEM)
s32	ppc-intrinsic	include/dolphin/gd/GDLight.h	78	22	error	'__cntlzw' was not declared in this scope	300	src/Animal/AnimalBase.cpp	idx = 0x1F - __cntlzw(id);
s32	ref-binding	src/Enemy/bombhei.cpp	282	41	error	binding reference of type 'JGeometry::TVec3<float>&' to 'const JGeometry::TVec3<float>' discards qualifiers	1	src/Enemy/bombhei.cpp	smoke->generate(*BombheiPosition(this), mScaling);
s32	ref-binding	src/Enemy/tobiPuku.cpp	898	44	error	binding reference of type 'JGeometry::TVec3<float>&' to 'const JGeometry::TVec3<float>' discards qualifiers	1	src/Enemy/tobiPuku.cpp	enemy->generate(getPosition(), mScaling);
s32	ref-binding	src/GC2D/GCConsole2.cpp	833	71	error	cannot bind non-const lvalue reference of type 'TBoundPane*&' to an rvalue of type 'TBoundPane*'	1	src/GC2D/GCConsole2.cpp	changeCoinNum(console->unkD4[0], console->unkE0,
s32	ref-binding	src/GC2D/GCConsole2.cpp	839	71	error	cannot bind non-const lvalue reference of type 'TBoundPane*&' to an rvalue of type 'TBoundPane*'	1	src/GC2D/GCConsole2.cpp	changeCoinNum(console->unkD4[1], console->unkE0, rest / 10,
s32	ref-binding	src/GC2D/GCConsole2.cpp	844	63	error	cannot bind non-const lvalue reference of type 'TBoundPane*&' to an rvalue of type 'TBoundPane*'	1	src/GC2D/GCConsole2.cpp	changeCoinNum(console->unkD4[2], console->unkE0, rest % 10,
s32	ref-binding	src/GC2D/GCConsole2.cpp	848	71	error	cannot bind non-const lvalue reference of type 'TBoundPane*&' to an rvalue of type 'TBoundPane*'	1	src/GC2D/GCConsole2.cpp	changeCoinNum(console->unkD4[0], console->unkE0,
s32	ref-binding	src/GC2D/GCConsole2.cpp	851	63	error	cannot bind non-const lvalue reference of type 'TBoundPane*&' to an rvalue of type 'TBoundPane*'	1	src/GC2D/GCConsole2.cpp	changeCoinNum(console->unkD4[1], console->unkE0,
s32	ref-binding	src/System/MarDirectorInitECT.cpp	121	25	error	binding reference of type 'GXTexObj&' {aka '_GXTexObj&'} to 'const GXTexObj' {aka 'const _GXTexObj'} discards qualifiers	1	src/System/MarDirectorInitECT.cpp	GXTexObj& obj = *MarDirectorInitECTUnk60(mirrorCam);
s32	size_t-width	include/JSystem/JKernel/JKRHeap.hpp	195	7	error	'operator new' takes type 'size_t' ('unsigned int') as first parameter [-fpermissive]	351	src/Animal/AnimalBase.cpp	void* operator new(size_t);
s32	size_t-width	include/JSystem/JKernel/JKRHeap.hpp	196	7	error	'operator new' takes type 'size_t' ('unsigned int') as first parameter [-fpermissive]	351	src/Animal/AnimalBase.cpp	void* operator new(size_t, int);
s32	size_t-width	include/JSystem/JKernel/JKRHeap.hpp	197	7	error	'operator new' takes type 'size_t' ('unsigned int') as first parameter [-fpermissive]	351	src/Animal/AnimalBase.cpp	void* operator new(size_t, JKRHeap*, int);
s32	size_t-width	include/JSystem/JKernel/JKRHeap.hpp	199	7	error	'operator new' takes type 'size_t' ('unsigned int') as first parameter [-fpermissive]	351	src/Animal/AnimalBase.cpp	void* operator new[](size_t);
s32	size_t-width	include/JSystem/JKernel/JKRHeap.hpp	200	7	error	'operator new' takes type 'size_t' ('unsigned int') as first parameter [-fpermissive]	351	src/Animal/AnimalBase.cpp	void* operator new[](size_t, int);
s32	size_t-width	include/JSystem/JKernel/JKRHeap.hpp	201	7	error	'operator new' takes type 'size_t' ('unsigned int') as first parameter [-fpermissive]	351	src/Animal/AnimalBase.cpp	void* operator new[](size_t, JKRHeap*, int);
s32	size_t-width	include/PowerPC_EABI_Support/Msl/MSL_C++/MSL_Common/new	7	14	error	'operator new' takes type 'size_t' ('unsigned int') as first parameter [-fpermissive]	351	src/Animal/AnimalBase.cpp	inline void* operator new(std::size_t, void* ptr) { return ptr; }
s32	size_t-width	src/JSystem/JKernel/JKRHeap.cpp	255	7	error	'operator new' takes type 'size_t' ('unsigned int') as first parameter [-fpermissive]	1	src/JSystem/JKernel/JKRHeap.cpp	void* operator new(u32 byteCount)
s32	size_t-width	src/JSystem/JKernel/JKRHeap.cpp	259	7	error	'operator new' takes type 'size_t' ('unsigned int') as first parameter [-fpermissive]	1	src/JSystem/JKernel/JKRHeap.cpp	void* operator new(u32 byteCount, int alignment)
s32	size_t-width	src/JSystem/JKernel/JKRHeap.cpp	263	7	error	'operator new' takes type 'size_t' ('unsigned int') as first parameter [-fpermissive]	1	src/JSystem/JKernel/JKRHeap.cpp	void* operator new(u32 byteCount, JKRHeap* heap, int alignment)
s32	size_t-width	src/JSystem/JKernel/JKRHeap.cpp	268	7	error	'operator new' takes type 'size_t' ('unsigned int') as first parameter [-fpermissive]	1	src/JSystem/JKernel/JKRHeap.cpp	void* operator new[](u32 byteCount)
s32	size_t-width	src/JSystem/JKernel/JKRHeap.cpp	272	7	error	'operator new' takes type 'size_t' ('unsigned int') as first parameter [-fpermissive]	1	src/JSystem/JKernel/JKRHeap.cpp	void* operator new[](u32 byteCount, int alignment)
s32	size_t-width	src/JSystem/JKernel/JKRHeap.cpp	276	7	error	'operator new' takes type 'size_t' ('unsigned int') as first parameter [-fpermissive]	1	src/JSystem/JKernel/JKRHeap.cpp	void* operator new[](u32 byteCount, JKRHeap* heap, int alignment)
s32	two-phase-lookup	include/JSystem/JGeometry/JGQuat4.hpp	62	20	error	'set' was not declared in this scope, and no declarations were found by argument-dependent lookup at the point of instantiation	11	src/Animal/AnimalBase.cpp	set(a.x * b.w + a.w * b.x + a.y * b.z - a.z * b.y,
s32	two-phase-lookup	include/Camera/cameralib.hpp	86	44	error	'CLBTwoDegreeGeneralInbetween' was not declared in this scope, and no declarations were found by argument-dependent lookup at the point of instantiation	2	src/Camera/CameraNormal.cpp	return CLBTwoDegreeGeneralInbetween(param_1, param_2, param_3,
s32	two-phase-lookup	include/JSystem/JGeometry/JGQuat4.hpp	49	20	error	'set' was not declared in this scope, and no declarations were found by argument-dependent lookup at the point of instantiation	2	src/Enemy/BathtubKiller.cpp	set(_x, _y, _z, _w);
s32	two-phase-lookup	include/JSystem/JSupport/JSUList.hpp	180	60	error	'append' was not declared in this scope, and no declarations were found by argument-dependent lookup at the point of instantiation	2	src/JSystem/J2D/J2DPane.cpp	bool appendChild(JSUTree<T>* child) { return append(child); }
s32	two-phase-lookup	include/JSystem/JSupport/JSUList.hpp	182	60	error	'remove' was not declared in this scope, and no declarations were found by argument-dependent lookup at the point of instantiation	2	src/GC2D/GCConsole2.cpp	bool removeChild(JSUTree<T>* child) { return remove(child); }
p32ng	access-control	src/Enemy/elecNokonoko.cpp	82	56	error	'typedef const class TNerveBase<TLiveActor>* TSpineBase<TLiveActor>::Nerve' is private within this context	1	src/Enemy/elecNokonoko.cpp	TSpineBase<TLiveActor>::Nerve nerve)
p32ng	access-control	src/Enemy/elecNokonoko.cpp	91	59	error	'typedef const class TNerveBase<TLiveActor>* TSpineBase<TLiveActor>::Nerve' is private within this context	1	src/Enemy/elecNokonoko.cpp	TSpineBase<TLiveActor>::Nerve nerve)
p32ng	asm-function	src/JSystem/J3D/J3DGraphBase/J3DTransform.cpp	33	5	error	expected '(' before 'bool'	1	src/JSystem/J3D/J3DGraphBase/J3DTransform.cpp	asm bool J3DPSCalcInverseTranspose(register MtxPtr src, register ROMtxPtr dst)
p32ng	asm-function	src/JSystem/J3D/J3DGraphBase/J3DTransform.cpp	391	5	error	expected '(' before 'void'	1	src/JSystem/J3D/J3DGraphBase/J3DTransform.cpp	asm void J3DPSMtx33CopyFrom34(register MtxPtr src, register ROMtxPtr dst)
p32ng	asm-function	src/JSystem/J3D/J3DGraphBase/J3DTransform.cpp	414	5	error	expected '(' before 'void'	1	src/JSystem/J3D/J3DGraphBase/J3DTransform.cpp	asm void J3DPSMtxArrayCopy(register MtxPtr src, register MtxPtr dst,
p32ng	asm-function	src/JSystem/J3D/J3DGraphBase/J3DTransform.cpp	539	5	error	expected '(' before 'void'	1	src/JSystem/J3D/J3DGraphBase/J3DTransform.cpp	asm void J3DPSMtxArrayConcat(register Mtx fst, register Mtx snd,
p32ng	asm-function	src/MarioUtil/MathUtil.cpp	474	5	error	expected '(' before 'f32'	1	src/MarioUtil/MathUtil.cpp	asm f32 MsVECMag2(register Vec* v)
p32ng	asm-function	src/MarioUtil/MathUtil.cpp	491	5	error	expected '(' before 'void'	1	src/MarioUtil/MathUtil.cpp	asm void MsVECNormalize(register Vec* v1, register Vec* v2)
p32ng	case-include	include/JSystem/J3D/J3DGraphBase/J3DMaterial.hpp	7	10	fatal error	JSystem/J3d/J3DGraphBase/Blocks/J3DTevBlocks.hpp: No such file or directory	41	src/Camera/lensflare.cpp	#include <JSystem/J3d/J3DGraphBase/Blocks/J3DTevBlocks.hpp>
p32ng	case-include	src/Enemy/beam.cpp	1	10	fatal error	Enemy/beam.hpp: No such file or directory	1	src/Enemy/beam.cpp	#include <Enemy/beam.hpp>
p32ng	case-include	src/Enemy/hamukuri.cpp	26	10	fatal error	MSound/MSoundSe.hpp: No such file or directory	1	src/Enemy/hamukuri.cpp	#include <MSound/MSoundSe.hpp>
p32ng	case-include	src/GC2D/MessageUtil.cpp	1	10	fatal error	GC2d/MessageUtil.hpp: No such file or directory	1	src/GC2D/MessageUtil.cpp	#include <GC2d/MessageUtil.hpp>
p32ng	case-include	src/Map/MapEventSink.cpp	21	10	fatal error	Jsystem/JDrama/JDRNameRefGen.hpp: No such file or directory	1	src/Map/MapEventSink.cpp	#include <Jsystem/JDrama/JDRNameRefGen.hpp>
p32ng	case-include	src/System/MarNameRefGen_Enemy.cpp	54	10	fatal error	Enemy/beam.hpp: No such file or directory	1	src/System/MarNameRefGen_Enemy.cpp	#include <Enemy/beam.hpp>
p32ng	conflicting-redecl	src/Map/MapDraw.cpp	15	5	error	ambiguating new declaration of 'int SMSGetGameRenderHeight()'	1	src/Map/MapDraw.cpp	int SMSGetGameRenderHeight();
p32ng	conflicting-redecl	src/Map/MapDraw.cpp	16	5	error	ambiguating new declaration of 'int SMSGetGameRenderWidth()'	1	src/Map/MapDraw.cpp	int SMSGetGameRenderWidth();
p32ng	conflicting-redecl	src/Map/MapDraw.cpp	77	32	error	'SMSGetGameRenderWidth' was not declared in this scope	1	src/Map/MapDraw.cpp	GXPosition2s16(sVar1 + SMSGetGameRenderWidth(), -sVar1);
p32ng	conflicting-redecl	src/Map/MapDraw.cpp	80	32	error	'SMSGetGameRenderHeight' was not declared in this scope	1	src/Map/MapDraw.cpp	sVar1 + SMSGetGameRenderHeight());
p32ng	declspec	include/PowerPC_EABI_Support/Msl/MSL_C/MSL_Common/string.h	10	11	error	expected constructor, destructor, or type conversion before '(' token	509	src/Animal/AnimalBase.cpp	__declspec(section ".init") void* memcpy(void* dest, const void* src, size_t n);
p32ng	declspec	include/PowerPC_EABI_Support/Msl/MSL_C/MSL_Common/string.h	11	11	error	expected constructor, destructor, or type conversion before '(' token	509	src/Animal/AnimalBase.cpp	__declspec(section ".init") void __fill_mem(void* dest, int val, size_t count);
p32ng	declspec	include/PowerPC_EABI_Support/Msl/MSL_C/MSL_Common/string.h	16	11	error	expected constructor, destructor, or type conversion before '(' token	509	src/Animal/AnimalBase.cpp	__declspec(section ".init") void* memset(void* dest, int val, size_t count);
p32ng	gnu-keyword	include/Strategic/spcinterp.hpp	98	20	error	expected primary-expression before ')' token	23	src/Enemy/bossManta.cpp	u32 typeof() const { return mType; }
p32ng	gnu-keyword	include/Strategic/spcinterp.hpp	98	28	error	expected unqualified-id before '{' token	23	src/Enemy/bossManta.cpp	u32 typeof() const { return mType; }
p32ng	gnu-keyword	src/Strategic/spcinterp.cpp	100	34	error	expected unqualified-id before 'typeof'	1	src/Strategic/spcinterp.cpp	u32 type = interp->pop().typeof();
p32ng	gnu-keyword	src/Strategic/spcinterp.cpp	243	18	error	expected unqualified-id before 'typeof'	1	src/Strategic/spcinterp.cpp	if (arg1.typeof() == TSpcSlice::TYPE_FLOAT
p32ng	gnu-keyword	src/Strategic/spcinterp.cpp	243	18	error	expected ')' before 'typeof'	1	src/Strategic/spcinterp.cpp	if (arg1.typeof() == TSpcSlice::TYPE_FLOAT
p32ng	gnu-keyword	src/Strategic/spcinterp.cpp	258	18	error	expected unqualified-id before 'typeof'	1	src/Strategic/spcinterp.cpp	if (arg1.typeof() == TSpcSlice::TYPE_FLOAT
p32ng	gnu-keyword	src/Strategic/spcinterp.cpp	258	18	error	expected ')' before 'typeof'	1	src/Strategic/spcinterp.cpp	if (arg1.typeof() == TSpcSlice::TYPE_FLOAT
p32ng	gnu-keyword	src/Strategic/spcinterp.cpp	273	18	error	expected unqualified-id before 'typeof'	1	src/Strategic/spcinterp.cpp	if (arg1.typeof() == TSpcSlice::TYPE_FLOAT
p32ng	gnu-keyword	src/Strategic/spcinterp.cpp	273	18	error	expected ')' before 'typeof'	1	src/Strategic/spcinterp.cpp	if (arg1.typeof() == TSpcSlice::TYPE_FLOAT
p32ng	gnu-keyword	src/Strategic/spcinterp.cpp	291	18	error	expected unqualified-id before 'typeof'	1	src/Strategic/spcinterp.cpp	if (arg1.typeof() == TSpcSlice::TYPE_FLOAT
p32ng	gnu-keyword	src/Strategic/spcinterp.cpp	291	18	error	expected ')' before 'typeof'	1	src/Strategic/spcinterp.cpp	if (arg1.typeof() == TSpcSlice::TYPE_FLOAT
p32ng	gnu-keyword	src/System/EventWatcher.cpp	100	23	error	expected unqualified-id before 'typeof'	1	src/System/EventWatcher.cpp	switch (slice.typeof()) {
p32ng	gnu-keyword	src/System/EventWatcher.cpp	100	23	error	expected ')' before 'typeof'	1	src/System/EventWatcher.cpp	switch (slice.typeof()) {
p32ng	implicit-conv	include/M3DUtil/MActorData.hpp	82	35	error	cannot convert 'J3DAnmBase**' to 'void**'	182	src/Animal/AnimalBase.cpp	sortByFileNameRaw(mAnimations);
p32ng	jump-over-init	src/Enemy/gesso.cpp	675	14	error	jump to case label	1	src/Enemy/gesso.cpp	case STATE_ROLLING:
p32ng	jump-over-init	src/Enemy/gesso.cpp	678	14	error	jump to case label	1	src/Enemy/gesso.cpp	case STATE_BEAM_CHILLING:
p32ng	jump-over-init	src/JSystem/JAudio/JASystem/JASTrack.cpp	809	1	error	jump to label 'bail'	1	src/JSystem/JAudio/JASystem/JASTrack.cpp	bail:
p32ng	jump-over-init	src/Player/MarioAutodemo.cpp	37	14	error	jump to case label	1	src/Player/MarioAutodemo.cpp	case 1:
p32ng	jump-over-init	src/Player/MarioAutodemo.cpp	41	9	error	jump to case label	1	src/Player/MarioAutodemo.cpp	default:
p32ng	jump-over-init	src/System/MarDirectorDirect.cpp	515	14	error	jump to case label	1	src/System/MarDirectorDirect.cpp	case STATE_UNK4:
p32ng	jump-over-init	src/System/MarDirectorDirect.cpp	521	14	error	jump to case label	1	src/System/MarDirectorDirect.cpp	case STATE_UNK5:
p32ng	jump-over-init	src/System/MarDirectorDirect.cpp	528	14	error	jump to case label	1	src/System/MarDirectorDirect.cpp	case STATE_UNK10:
p32ng	jump-over-init	src/System/MarDirectorDirect.cpp	542	14	error	jump to case label	1	src/System/MarDirectorDirect.cpp	case STATE_UNK11:
p32ng	main-signature	src/main.cpp	6	1	error	'::main' must return 'int'	1	src/main.cpp	void main(void)
p32ng	missing-typename	include/PowerPC_EABI_Support/Msl/MSL_C++/MSL_Common/iterator	15	17	error	need 'typename' before 'I::difference_type' because 'I' is a dependent scope	220	src/Animal/AnimalBase.cpp	typedef I::difference_type difference_type;
p32ng	missing-typename	include/PowerPC_EABI_Support/Msl/MSL_C++/MSL_Common/iterator	16	17	error	need 'typename' before 'I::value_type' because 'I' is a dependent scope	220	src/Animal/AnimalBase.cpp	typedef I::value_type value_type;
p32ng	missing-typename	include/PowerPC_EABI_Support/Msl/MSL_C++/MSL_Common/iterator	17	17	error	need 'typename' before 'I::pointer' because 'I' is a dependent scope	220	src/Animal/AnimalBase.cpp	typedef I::pointer pointer;
p32ng	missing-typename	include/PowerPC_EABI_Support/Msl/MSL_C++/MSL_Common/iterator	18	17	error	need 'typename' before 'I::reference' because 'I' is a dependent scope	220	src/Animal/AnimalBase.cpp	typedef I::reference reference;
p32ng	missing-typename	include/PowerPC_EABI_Support/Msl/MSL_C++/MSL_Common/iterator	19	17	error	need 'typename' before 'I::iterator_category' because 'I' is a dependent scope	220	src/Animal/AnimalBase.cpp	typedef I::iterator_category iterator_category;
p32ng	msl-cascade	src/GC2D/MovieSubtitle.cpp	92	9	error	'memset' was not declared in this scope	1	src/GC2D/MovieSubtitle.cpp	memset(buffer, ' ', ARRAY_COUNT(buffer));
p32ng	msl-cascade	src/JSystem/JDrama/JDRRenderMode.cpp	88	9	error	'memcpy' was not declared in this scope	1	src/JSystem/JDrama/JDRRenderMode.cpp	memcpy(rmo->sample_pattern, sample_pattern, 24);
p32ng	msl-cascade	src/JSystem/JDrama/JDRRenderMode.cpp	93	9	error	'memcpy' was not declared in this scope	1	src/JSystem/JDrama/JDRRenderMode.cpp	memcpy(rmo->vfilter, vfilter, 7);
p32ng	msl-cascade	src/JSystem/JKernel/JKRAram.cpp	513	9	error	'memcpy' was not declared in this scope	1	src/JSystem/JKernel/JKRAram.cpp	memcpy(dest, current, left);
p32ng	msl-cascade	src/JSystem/JKernel/JKRDvdAramRipper.cpp	443	9	error	'memcpy' was not declared in this scope	1	src/JSystem/JKernel/JKRDvdAramRipper.cpp	memcpy(dest, src, size);
p32ng	msl-cascade	src/JSystem/JKernel/JKRDvdRipper.cpp	457	9	error	'memcpy' was not declared in this scope	1	src/JSystem/JKernel/JKRDvdRipper.cpp	memcpy(buf, src, limit);
p32ng	msl-cascade	src/JSystem/JParticle/JPABaseShape.cpp	206	17	error	'memcpy' was not declared in this scope	1	src/JSystem/JParticle/JPABaseShape.cpp	memcpy(mTextureIndices, data + *(s16*)(data + 0x12), mTextureAnmKeyNum);
p32ng	msl-cascade	src/JSystem/JParticle/JPADataBlock.cpp	9	9	error	'memcpy' was not declared in this scope	1	src/JSystem/JParticle/JPADataBlock.cpp	memcpy(mRawData, param_1, size);
p32ng	msl-cascade	src/JSystem/JSupport/JSUMemoryStream.cpp	18	17	error	'memcpy' was not declared in this scope	1	src/JSystem/JSupport/JSUMemoryStream.cpp	memcpy(buf, (char*)mBuffer + mPosition, count);
p32ng	msl-cascade	src/JSystem/JSupport/JSUMemoryStream.cpp	66	17	error	'memcpy' was not declared in this scope	1	src/JSystem/JSupport/JSUMemoryStream.cpp	memcpy((char*)mBuffer + mPosition, buf, count);
p32ng	msl-cascade	src/Map/MapCollisionData.cpp	41	9	error	'memset' was not declared in this scope	1	src/Map/MapCollisionData.cpp	memset(unk18, 0, unk10 * sizeof(*unk18));
p32ng	msl-cascade	src/Map/PollutionLayer.cpp	409	9	error	'memset' was not declared in this scope	1	src/Map/PollutionLayer.cpp	memset(mEffectPositions, 0,
p32ng	msl-cascade	src/MarioUtil/GDUtil.cpp	23	9	error	'memset' was not declared in this scope	1	src/MarioUtil/GDUtil.cpp	memset(mDispList, 0, mDispListSize);
p32ng	msl-cascade	src/MoveBG/MapObjBall.cpp	1536	9	error	'memset' was not declared in this scope	1	src/MoveBG/MapObjBall.cpp	memset(mModelName, 0, sizeof(mModelName));
p32ng	msl-cascade	src/MoveBG/MapObjHide.cpp	657	9	error	'memset' was not declared in this scope	1	src/MoveBG/MapObjHide.cpp	memset(unk178, 0, 0x19);
p32ng	msl-cascade	src/Strategic/ObjModel.cpp	187	9	error	'memset' was not declared in this scope	1	src/Strategic/ObjModel.cpp	memset(mActors, 0, param_2 * sizeof(mActors[0]));
p32ng	msl-cascade	src/Strategic/ObjModel.cpp	209	9	error	'memset' was not declared in this scope	1	src/Strategic/ObjModel.cpp	memset(mActors, 0, mModelDataNum * sizeof(mActors[0]));
p32ng	msl-cascade	src/System/CardManager.cpp	41	9	error	'memset' was not declared in this scope	1	src/System/CardManager.cpp	memset(&mHeader, 0, sizeof(mHeader) + sizeof(mOptionBlock));
p32ng	msl-cascade	src/System/CardManager.cpp	116	17	error	'memcpy' was not declared in this scope	1	src/System/CardManager.cpp	memcpy(&mPreviewBytes, sector_data, sizeof(mPreviewBytes));
p32ng	msl-cascade	src/System/CardManager.cpp	126	17	error	'memset' was not declared in this scope	1	src/System/CardManager.cpp	memset(mPreviewBytes, 0, sizeof(mPreviewBytes));
p32ng	msl-cascade	src/System/CardManager.cpp	543	9	error	'memcpy' was not declared in this scope	1	src/System/CardManager.cpp	memcpy(header->mBanner, mBanner, sizeof(header->mBanner));
p32ng	msl-cascade	src/System/FlagManager.cpp	419	9	error	'memcpy' was not declared in this scope	1	src/System/FlagManager.cpp	memcpy(mSavedCardBools, mCardBools, sizeof(mCardBools));
p32ng	msl-cascade	src/System/FlagManager.cpp	429	9	error	'memcpy' was not declared in this scope	1	src/System/FlagManager.cpp	memcpy(mCardBools, mSavedCardBools, sizeof(mCardBools));
p32ng	msl-cascade	src/System/FlagManager.cpp	521	9	error	'memcpy' was not declared in this scope	1	src/System/FlagManager.cpp	memcpy(mSavedCardBools, mCardBools, sizeof(mCardBools));
p32ng	msl-cascade	src/THPPlayer/THPPlayer.c	91	9	error	'memset' was not declared in this scope	1	src/THPPlayer/THPPlayer.c	memset(&ActivePlayer, 0, sizeof(THPPlayer));
p32ng	msl-cascade	src/THPPlayer/THPPlayer.c	131	9	error	'memset' was not declared in this scope	1	src/THPPlayer/THPPlayer.c	memset(&ActivePlayer.videoInfo, 0, sizeof(THPVideoInfo));
p32ng	msl-cascade	src/THPPlayer/THPPlayer.c	143	9	error	'memcpy' was not declared in this scope	1	src/THPPlayer/THPPlayer.c	memcpy(&ActivePlayer.header.magic, WorkBuffer, sizeof(THPHeader));
p32ng	msl-cascade	src/THPPlayer/THPPlayer.c	648	17	error	'memcpy' was not declared in this scope	1	src/THPPlayer/THPPlayer.c	memcpy(videoInfo, &ActivePlayer.videoInfo, sizeof(THPVideoInfo));
p32ng	msl-cascade	src/THPPlayer/THPPlayer.c	658	17	error	'memcpy' was not declared in this scope	1	src/THPPlayer/THPPlayer.c	memcpy(audioInfo, &ActivePlayer.audioInfo, sizeof(THPAudioInfo));
p32ng	msl-cascade	src/THPPlayer/THPPlayer.c	732	49	error	'memset' was not declared in this scope	1	src/THPPlayer/THPPlayer.c	memset(dst, 0, requestSample * 4);
p32ng	msl-cascade	src/THPPlayer/THPPlayer.c	790	17	error	'memset' was not declared in this scope	1	src/THPPlayer/THPPlayer.c	memset(destination, 0, sample * 4);
p32ng	other	src/JSystem/JAudio/JASystem/JASTrack.cpp	429	9	error	'OSf32tos8' was not declared in this scope	1	src/JSystem/JAudio/JASystem/JASTrack.cpp	OSf32tos8(&thing, &local_4c);
p32ng	other	src/JSystem/JAudio/JASystem/JASTrack.cpp	525	17	error	'OSf32tos8' was not declared in this scope	1	src/JSystem/JAudio/JASystem/JASTrack.cpp	OSf32tos8(&thing, &local_4c);
p32ng	overload-ambiguity	src/JSystem/JKernel/JKRDvdArchive.cpp	12	30	error	call of overloaded 'JKRArchive(int, JKRArchive::EMountMode)' is ambiguous	1	src/JSystem/JKernel/JKRDvdArchive.cpp	: JKRArchive(0, MOUNT_DVD)
p32ng	overload-ambiguity	src/JSystem/JKernel/JKRMemArchive.cpp	41	30	error	call of overloaded 'JKRArchive(int, JKRArchive::EMountMode)' is ambiguous	1	src/JSystem/JKernel/JKRMemArchive.cpp	: JKRArchive(0, MOUNT_MEM)
p32ng	ppc-intrinsic	include/dolphin/gd/GDLight.h	78	22	error	'__cntlzw' was not declared in this scope	300	src/Animal/AnimalBase.cpp	idx = 0x1F - __cntlzw(id);
p32ng	ref-binding	src/Enemy/bombhei.cpp	282	41	error	binding reference of type 'JGeometry::TVec3<float>&' to 'const JGeometry::TVec3<float>' discards qualifiers	1	src/Enemy/bombhei.cpp	smoke->generate(*BombheiPosition(this), mScaling);
p32ng	ref-binding	src/Enemy/tobiPuku.cpp	898	44	error	binding reference of type 'JGeometry::TVec3<float>&' to 'const JGeometry::TVec3<float>' discards qualifiers	1	src/Enemy/tobiPuku.cpp	enemy->generate(getPosition(), mScaling);
p32ng	ref-binding	src/GC2D/GCConsole2.cpp	833	71	error	cannot bind non-const lvalue reference of type 'TBoundPane*&' to an rvalue of type 'TBoundPane*'	1	src/GC2D/GCConsole2.cpp	changeCoinNum(console->unkD4[0], console->unkE0,
p32ng	ref-binding	src/GC2D/GCConsole2.cpp	839	71	error	cannot bind non-const lvalue reference of type 'TBoundPane*&' to an rvalue of type 'TBoundPane*'	1	src/GC2D/GCConsole2.cpp	changeCoinNum(console->unkD4[1], console->unkE0, rest / 10,
p32ng	ref-binding	src/GC2D/GCConsole2.cpp	844	63	error	cannot bind non-const lvalue reference of type 'TBoundPane*&' to an rvalue of type 'TBoundPane*'	1	src/GC2D/GCConsole2.cpp	changeCoinNum(console->unkD4[2], console->unkE0, rest % 10,
p32ng	ref-binding	src/GC2D/GCConsole2.cpp	848	71	error	cannot bind non-const lvalue reference of type 'TBoundPane*&' to an rvalue of type 'TBoundPane*'	1	src/GC2D/GCConsole2.cpp	changeCoinNum(console->unkD4[0], console->unkE0,
p32ng	ref-binding	src/GC2D/GCConsole2.cpp	851	63	error	cannot bind non-const lvalue reference of type 'TBoundPane*&' to an rvalue of type 'TBoundPane*'	1	src/GC2D/GCConsole2.cpp	changeCoinNum(console->unkD4[1], console->unkE0,
p32ng	ref-binding	src/System/MarDirectorInitECT.cpp	121	25	error	binding reference of type 'GXTexObj&' {aka '_GXTexObj&'} to 'const GXTexObj' {aka 'const _GXTexObj'} discards qualifiers	1	src/System/MarDirectorInitECT.cpp	GXTexObj& obj = *MarDirectorInitECTUnk60(mirrorCam);
p32ng	two-phase-lookup	include/JSystem/JGeometry/JGQuat4.hpp	62	20	error	'set' was not declared in this scope, and no declarations were found by argument-dependent lookup at the point of instantiation	11	src/Animal/AnimalBase.cpp	set(a.x * b.w + a.w * b.x + a.y * b.z - a.z * b.y,
p32ng	two-phase-lookup	include/Camera/cameralib.hpp	86	44	error	'CLBTwoDegreeGeneralInbetween' was not declared in this scope, and no declarations were found by argument-dependent lookup at the point of instantiation	2	src/Camera/CameraNormal.cpp	return CLBTwoDegreeGeneralInbetween(param_1, param_2, param_3,
p32ng	two-phase-lookup	include/JSystem/JGeometry/JGQuat4.hpp	49	20	error	'set' was not declared in this scope, and no declarations were found by argument-dependent lookup at the point of instantiation	2	src/Enemy/BathtubKiller.cpp	set(_x, _y, _z, _w);
p32ng	two-phase-lookup	include/JSystem/JSupport/JSUList.hpp	180	60	error	'append' was not declared in this scope, and no declarations were found by argument-dependent lookup at the point of instantiation	2	src/JSystem/J2D/J2DPane.cpp	bool appendChild(JSUTree<T>* child) { return append(child); }
p32ng	two-phase-lookup	include/JSystem/JSupport/JSUList.hpp	182	60	error	'remove' was not declared in this scope, and no declarations were found by argument-dependent lookup at the point of instantiation	2	src/GC2D/GCConsole2.cpp	bool removeChild(JSUTree<T>* child) { return remove(child); }
p64	access-control	src/Enemy/elecNokonoko.cpp	82	56	error	'typedef const class TNerveBase<TLiveActor>* TSpineBase<TLiveActor>::Nerve' is private within this context	1	src/Enemy/elecNokonoko.cpp	TSpineBase<TLiveActor>::Nerve nerve)
p64	access-control	src/Enemy/elecNokonoko.cpp	91	59	error	'typedef const class TNerveBase<TLiveActor>* TSpineBase<TLiveActor>::Nerve' is private within this context	1	src/Enemy/elecNokonoko.cpp	TSpineBase<TLiveActor>::Nerve nerve)
p64	asm-function	src/JSystem/J3D/J3DGraphBase/J3DTransform.cpp	33	5	error	expected '(' before 'bool'	1	src/JSystem/J3D/J3DGraphBase/J3DTransform.cpp	asm bool J3DPSCalcInverseTranspose(register MtxPtr src, register ROMtxPtr dst)
p64	asm-function	src/JSystem/J3D/J3DGraphBase/J3DTransform.cpp	391	5	error	expected '(' before 'void'	1	src/JSystem/J3D/J3DGraphBase/J3DTransform.cpp	asm void J3DPSMtx33CopyFrom34(register MtxPtr src, register ROMtxPtr dst)
p64	asm-function	src/JSystem/J3D/J3DGraphBase/J3DTransform.cpp	414	5	error	expected '(' before 'void'	1	src/JSystem/J3D/J3DGraphBase/J3DTransform.cpp	asm void J3DPSMtxArrayCopy(register MtxPtr src, register MtxPtr dst,
p64	asm-function	src/JSystem/J3D/J3DGraphBase/J3DTransform.cpp	539	5	error	expected '(' before 'void'	1	src/JSystem/J3D/J3DGraphBase/J3DTransform.cpp	asm void J3DPSMtxArrayConcat(register Mtx fst, register Mtx snd,
p64	asm-function	src/MarioUtil/MathUtil.cpp	474	5	error	expected '(' before 'f32'	1	src/MarioUtil/MathUtil.cpp	asm f32 MsVECMag2(register Vec* v)
p64	asm-function	src/MarioUtil/MathUtil.cpp	491	5	error	expected '(' before 'void'	1	src/MarioUtil/MathUtil.cpp	asm void MsVECNormalize(register Vec* v1, register Vec* v2)
p64	case-include	include/JSystem/J3D/J3DGraphBase/J3DMaterial.hpp	7	10	fatal error	JSystem/J3d/J3DGraphBase/Blocks/J3DTevBlocks.hpp: No such file or directory	41	src/Camera/lensflare.cpp	#include <JSystem/J3d/J3DGraphBase/Blocks/J3DTevBlocks.hpp>
p64	case-include	src/Enemy/beam.cpp	1	10	fatal error	Enemy/beam.hpp: No such file or directory	1	src/Enemy/beam.cpp	#include <Enemy/beam.hpp>
p64	case-include	src/Enemy/hamukuri.cpp	26	10	fatal error	MSound/MSoundSe.hpp: No such file or directory	1	src/Enemy/hamukuri.cpp	#include <MSound/MSoundSe.hpp>
p64	case-include	src/GC2D/MessageUtil.cpp	1	10	fatal error	GC2d/MessageUtil.hpp: No such file or directory	1	src/GC2D/MessageUtil.cpp	#include <GC2d/MessageUtil.hpp>
p64	case-include	src/Map/MapEventSink.cpp	21	10	fatal error	Jsystem/JDrama/JDRNameRefGen.hpp: No such file or directory	1	src/Map/MapEventSink.cpp	#include <Jsystem/JDrama/JDRNameRefGen.hpp>
p64	case-include	src/System/MarNameRefGen_Enemy.cpp	54	10	fatal error	Enemy/beam.hpp: No such file or directory	1	src/System/MarNameRefGen_Enemy.cpp	#include <Enemy/beam.hpp>
p64	conflicting-redecl	src/Map/MapDraw.cpp	15	5	error	ambiguating new declaration of 'int SMSGetGameRenderHeight()'	1	src/Map/MapDraw.cpp	int SMSGetGameRenderHeight();
p64	conflicting-redecl	src/Map/MapDraw.cpp	16	5	error	ambiguating new declaration of 'int SMSGetGameRenderWidth()'	1	src/Map/MapDraw.cpp	int SMSGetGameRenderWidth();
p64	conflicting-redecl	src/Map/MapDraw.cpp	77	32	error	'SMSGetGameRenderWidth' was not declared in this scope	1	src/Map/MapDraw.cpp	GXPosition2s16(sVar1 + SMSGetGameRenderWidth(), -sVar1);
p64	conflicting-redecl	src/Map/MapDraw.cpp	80	32	error	'SMSGetGameRenderHeight' was not declared in this scope	1	src/Map/MapDraw.cpp	sVar1 + SMSGetGameRenderHeight());
p64	declspec	include/PowerPC_EABI_Support/Msl/MSL_C/MSL_Common/string.h	10	11	error	expected constructor, destructor, or type conversion before '(' token	509	src/Animal/AnimalBase.cpp	__declspec(section ".init") void* memcpy(void* dest, const void* src, size_t n);
p64	declspec	include/PowerPC_EABI_Support/Msl/MSL_C/MSL_Common/string.h	11	11	error	expected constructor, destructor, or type conversion before '(' token	509	src/Animal/AnimalBase.cpp	__declspec(section ".init") void __fill_mem(void* dest, int val, size_t count);
p64	declspec	include/PowerPC_EABI_Support/Msl/MSL_C/MSL_Common/string.h	16	11	error	expected constructor, destructor, or type conversion before '(' token	509	src/Animal/AnimalBase.cpp	__declspec(section ".init") void* memset(void* dest, int val, size_t count);
p64	gnu-keyword	include/Strategic/spcinterp.hpp	98	20	error	expected primary-expression before ')' token	23	src/Enemy/bossManta.cpp	u32 typeof() const { return mType; }
p64	gnu-keyword	include/Strategic/spcinterp.hpp	98	28	error	expected unqualified-id before '{' token	23	src/Enemy/bossManta.cpp	u32 typeof() const { return mType; }
p64	gnu-keyword	src/Strategic/spcinterp.cpp	100	34	error	expected unqualified-id before 'typeof'	1	src/Strategic/spcinterp.cpp	u32 type = interp->pop().typeof();
p64	gnu-keyword	src/Strategic/spcinterp.cpp	243	18	error	expected unqualified-id before 'typeof'	1	src/Strategic/spcinterp.cpp	if (arg1.typeof() == TSpcSlice::TYPE_FLOAT
p64	gnu-keyword	src/Strategic/spcinterp.cpp	243	18	error	expected ')' before 'typeof'	1	src/Strategic/spcinterp.cpp	if (arg1.typeof() == TSpcSlice::TYPE_FLOAT
p64	gnu-keyword	src/Strategic/spcinterp.cpp	258	18	error	expected unqualified-id before 'typeof'	1	src/Strategic/spcinterp.cpp	if (arg1.typeof() == TSpcSlice::TYPE_FLOAT
p64	gnu-keyword	src/Strategic/spcinterp.cpp	258	18	error	expected ')' before 'typeof'	1	src/Strategic/spcinterp.cpp	if (arg1.typeof() == TSpcSlice::TYPE_FLOAT
p64	gnu-keyword	src/Strategic/spcinterp.cpp	273	18	error	expected unqualified-id before 'typeof'	1	src/Strategic/spcinterp.cpp	if (arg1.typeof() == TSpcSlice::TYPE_FLOAT
p64	gnu-keyword	src/Strategic/spcinterp.cpp	273	18	error	expected ')' before 'typeof'	1	src/Strategic/spcinterp.cpp	if (arg1.typeof() == TSpcSlice::TYPE_FLOAT
p64	gnu-keyword	src/Strategic/spcinterp.cpp	291	18	error	expected unqualified-id before 'typeof'	1	src/Strategic/spcinterp.cpp	if (arg1.typeof() == TSpcSlice::TYPE_FLOAT
p64	gnu-keyword	src/Strategic/spcinterp.cpp	291	18	error	expected ')' before 'typeof'	1	src/Strategic/spcinterp.cpp	if (arg1.typeof() == TSpcSlice::TYPE_FLOAT
p64	gnu-keyword	src/System/EventWatcher.cpp	100	23	error	expected unqualified-id before 'typeof'	1	src/System/EventWatcher.cpp	switch (slice.typeof()) {
p64	gnu-keyword	src/System/EventWatcher.cpp	100	23	error	expected ')' before 'typeof'	1	src/System/EventWatcher.cpp	switch (slice.typeof()) {
p64	implicit-conv	include/M3DUtil/MActorData.hpp	82	35	error	cannot convert 'J3DAnmBase**' to 'void**'	182	src/Animal/AnimalBase.cpp	sortByFileNameRaw(mAnimations);
p64	implicit-conv	include/JSystem/JGadget/linklist.hpp	287	42	error	invalid conversion from 'const JUTConsole*' to 'JUTConsole*' [-fpermissive]	1	src/JSystem/JUtility/JUTConsole.cpp	T* p = operator->();
p64	implicit-conv	src/Enemy/tinkoopa.cpp	1104	49	error	invalid conversion from 'const TNerveBase<TLiveActor>*' to 'TNerveBase<TLiveActor>*' [-fpermissive]	1	src/Enemy/tinkoopa.cpp	TNerveBase<TLiveActor>* nerve = &TNerveTinKoopaBreak::theNerve();
p64	implicit-conv	src/Enemy/tinkoopa.cpp	1109	41	error	invalid conversion from 'const TNerveBase<TLiveActor>*' to 'TNerveBase<TLiveActor>*' [-fpermissive]	1	src/Enemy/tinkoopa.cpp	TNerveBase<TLiveActor>* nerve = &TNerveTinKoopaDamage::theNerve();
p64	implicit-conv	src/GC2D/MovieRumble.cpp	120	58	error	invalid conversion from 's32' {aka 'int'} to 'const char*' [-fpermissive]	1	src/GC2D/MovieRumble.cpp	toolData->GetValue(group, "start_frame", unk1C);
p64	implicit-conv	src/GC2D/MovieRumble.cpp	121	56	error	invalid conversion from 's32' {aka 'int'} to 'const char*' [-fpermissive]	1	src/GC2D/MovieRumble.cpp	toolData->GetValue(group, "end_frame", unk20);
p64	jump-over-init	src/Enemy/gesso.cpp	675	14	error	jump to case label	1	src/Enemy/gesso.cpp	case STATE_ROLLING:
p64	jump-over-init	src/Enemy/gesso.cpp	678	14	error	jump to case label	1	src/Enemy/gesso.cpp	case STATE_BEAM_CHILLING:
p64	jump-over-init	src/JSystem/JAudio/JASystem/JASTrack.cpp	809	1	error	jump to label 'bail'	1	src/JSystem/JAudio/JASystem/JASTrack.cpp	bail:
p64	jump-over-init	src/Player/MarioAutodemo.cpp	37	14	error	jump to case label	1	src/Player/MarioAutodemo.cpp	case 1:
p64	jump-over-init	src/Player/MarioAutodemo.cpp	41	9	error	jump to case label	1	src/Player/MarioAutodemo.cpp	default:
p64	jump-over-init	src/System/MarDirectorDirect.cpp	515	14	error	jump to case label	1	src/System/MarDirectorDirect.cpp	case STATE_UNK4:
p64	jump-over-init	src/System/MarDirectorDirect.cpp	521	14	error	jump to case label	1	src/System/MarDirectorDirect.cpp	case STATE_UNK5:
p64	jump-over-init	src/System/MarDirectorDirect.cpp	528	14	error	jump to case label	1	src/System/MarDirectorDirect.cpp	case STATE_UNK10:
p64	jump-over-init	src/System/MarDirectorDirect.cpp	542	14	error	jump to case label	1	src/System/MarDirectorDirect.cpp	case STATE_UNK11:
p64	main-signature	src/main.cpp	6	1	error	'::main' must return 'int'	1	src/main.cpp	void main(void)
p64	missing-typename	include/PowerPC_EABI_Support/Msl/MSL_C++/MSL_Common/iterator	15	17	error	need 'typename' before 'I::difference_type' because 'I' is a dependent scope	220	src/Animal/AnimalBase.cpp	typedef I::difference_type difference_type;
p64	missing-typename	include/PowerPC_EABI_Support/Msl/MSL_C++/MSL_Common/iterator	16	17	error	need 'typename' before 'I::value_type' because 'I' is a dependent scope	220	src/Animal/AnimalBase.cpp	typedef I::value_type value_type;
p64	missing-typename	include/PowerPC_EABI_Support/Msl/MSL_C++/MSL_Common/iterator	17	17	error	need 'typename' before 'I::pointer' because 'I' is a dependent scope	220	src/Animal/AnimalBase.cpp	typedef I::pointer pointer;
p64	missing-typename	include/PowerPC_EABI_Support/Msl/MSL_C++/MSL_Common/iterator	18	17	error	need 'typename' before 'I::reference' because 'I' is a dependent scope	220	src/Animal/AnimalBase.cpp	typedef I::reference reference;
p64	missing-typename	include/PowerPC_EABI_Support/Msl/MSL_C++/MSL_Common/iterator	19	17	error	need 'typename' before 'I::iterator_category' because 'I' is a dependent scope	220	src/Animal/AnimalBase.cpp	typedef I::iterator_category iterator_category;
p64	msl-cascade	src/GC2D/MovieSubtitle.cpp	92	9	error	'memset' was not declared in this scope	1	src/GC2D/MovieSubtitle.cpp	memset(buffer, ' ', ARRAY_COUNT(buffer));
p64	msl-cascade	src/JSystem/JDrama/JDRRenderMode.cpp	88	9	error	'memcpy' was not declared in this scope	1	src/JSystem/JDrama/JDRRenderMode.cpp	memcpy(rmo->sample_pattern, sample_pattern, 24);
p64	msl-cascade	src/JSystem/JDrama/JDRRenderMode.cpp	93	9	error	'memcpy' was not declared in this scope	1	src/JSystem/JDrama/JDRRenderMode.cpp	memcpy(rmo->vfilter, vfilter, 7);
p64	msl-cascade	src/JSystem/JKernel/JKRAram.cpp	513	9	error	'memcpy' was not declared in this scope	1	src/JSystem/JKernel/JKRAram.cpp	memcpy(dest, current, left);
p64	msl-cascade	src/JSystem/JKernel/JKRDvdAramRipper.cpp	443	9	error	'memcpy' was not declared in this scope	1	src/JSystem/JKernel/JKRDvdAramRipper.cpp	memcpy(dest, src, size);
p64	msl-cascade	src/JSystem/JKernel/JKRDvdRipper.cpp	457	9	error	'memcpy' was not declared in this scope	1	src/JSystem/JKernel/JKRDvdRipper.cpp	memcpy(buf, src, limit);
p64	msl-cascade	src/JSystem/JParticle/JPABaseShape.cpp	206	17	error	'memcpy' was not declared in this scope	1	src/JSystem/JParticle/JPABaseShape.cpp	memcpy(mTextureIndices, data + *(s16*)(data + 0x12), mTextureAnmKeyNum);
p64	msl-cascade	src/JSystem/JParticle/JPADataBlock.cpp	9	9	error	'memcpy' was not declared in this scope	1	src/JSystem/JParticle/JPADataBlock.cpp	memcpy(mRawData, param_1, size);
p64	msl-cascade	src/JSystem/JSupport/JSUMemoryStream.cpp	18	17	error	'memcpy' was not declared in this scope	1	src/JSystem/JSupport/JSUMemoryStream.cpp	memcpy(buf, (char*)mBuffer + mPosition, count);
p64	msl-cascade	src/JSystem/JSupport/JSUMemoryStream.cpp	66	17	error	'memcpy' was not declared in this scope	1	src/JSystem/JSupport/JSUMemoryStream.cpp	memcpy((char*)mBuffer + mPosition, buf, count);
p64	msl-cascade	src/Map/MapCollisionData.cpp	41	9	error	'memset' was not declared in this scope	1	src/Map/MapCollisionData.cpp	memset(unk18, 0, unk10 * sizeof(*unk18));
p64	msl-cascade	src/Map/PollutionLayer.cpp	409	9	error	'memset' was not declared in this scope	1	src/Map/PollutionLayer.cpp	memset(mEffectPositions, 0,
p64	msl-cascade	src/MarioUtil/GDUtil.cpp	23	9	error	'memset' was not declared in this scope	1	src/MarioUtil/GDUtil.cpp	memset(mDispList, 0, mDispListSize);
p64	msl-cascade	src/MoveBG/MapObjBall.cpp	1536	9	error	'memset' was not declared in this scope	1	src/MoveBG/MapObjBall.cpp	memset(mModelName, 0, sizeof(mModelName));
p64	msl-cascade	src/MoveBG/MapObjHide.cpp	657	9	error	'memset' was not declared in this scope	1	src/MoveBG/MapObjHide.cpp	memset(unk178, 0, 0x19);
p64	msl-cascade	src/Strategic/ObjModel.cpp	187	9	error	'memset' was not declared in this scope	1	src/Strategic/ObjModel.cpp	memset(mActors, 0, param_2 * sizeof(mActors[0]));
p64	msl-cascade	src/Strategic/ObjModel.cpp	209	9	error	'memset' was not declared in this scope	1	src/Strategic/ObjModel.cpp	memset(mActors, 0, mModelDataNum * sizeof(mActors[0]));
p64	msl-cascade	src/System/CardManager.cpp	41	9	error	'memset' was not declared in this scope	1	src/System/CardManager.cpp	memset(&mHeader, 0, sizeof(mHeader) + sizeof(mOptionBlock));
p64	msl-cascade	src/System/CardManager.cpp	116	17	error	'memcpy' was not declared in this scope	1	src/System/CardManager.cpp	memcpy(&mPreviewBytes, sector_data, sizeof(mPreviewBytes));
p64	msl-cascade	src/System/CardManager.cpp	126	17	error	'memset' was not declared in this scope	1	src/System/CardManager.cpp	memset(mPreviewBytes, 0, sizeof(mPreviewBytes));
p64	msl-cascade	src/System/CardManager.cpp	543	9	error	'memcpy' was not declared in this scope	1	src/System/CardManager.cpp	memcpy(header->mBanner, mBanner, sizeof(header->mBanner));
p64	msl-cascade	src/System/FlagManager.cpp	419	9	error	'memcpy' was not declared in this scope	1	src/System/FlagManager.cpp	memcpy(mSavedCardBools, mCardBools, sizeof(mCardBools));
p64	msl-cascade	src/System/FlagManager.cpp	429	9	error	'memcpy' was not declared in this scope	1	src/System/FlagManager.cpp	memcpy(mCardBools, mSavedCardBools, sizeof(mCardBools));
p64	msl-cascade	src/System/FlagManager.cpp	521	9	error	'memcpy' was not declared in this scope	1	src/System/FlagManager.cpp	memcpy(mSavedCardBools, mCardBools, sizeof(mCardBools));
p64	msl-cascade	src/THPPlayer/THPPlayer.c	91	9	error	'memset' was not declared in this scope	1	src/THPPlayer/THPPlayer.c	memset(&ActivePlayer, 0, sizeof(THPPlayer));
p64	msl-cascade	src/THPPlayer/THPPlayer.c	131	9	error	'memset' was not declared in this scope	1	src/THPPlayer/THPPlayer.c	memset(&ActivePlayer.videoInfo, 0, sizeof(THPVideoInfo));
p64	msl-cascade	src/THPPlayer/THPPlayer.c	143	9	error	'memcpy' was not declared in this scope	1	src/THPPlayer/THPPlayer.c	memcpy(&ActivePlayer.header.magic, WorkBuffer, sizeof(THPHeader));
p64	msl-cascade	src/THPPlayer/THPPlayer.c	648	17	error	'memcpy' was not declared in this scope	1	src/THPPlayer/THPPlayer.c	memcpy(videoInfo, &ActivePlayer.videoInfo, sizeof(THPVideoInfo));
p64	msl-cascade	src/THPPlayer/THPPlayer.c	658	17	error	'memcpy' was not declared in this scope	1	src/THPPlayer/THPPlayer.c	memcpy(audioInfo, &ActivePlayer.audioInfo, sizeof(THPAudioInfo));
p64	msl-cascade	src/THPPlayer/THPPlayer.c	732	49	error	'memset' was not declared in this scope	1	src/THPPlayer/THPPlayer.c	memset(dst, 0, requestSample * 4);
p64	msl-cascade	src/THPPlayer/THPPlayer.c	790	17	error	'memset' was not declared in this scope	1	src/THPPlayer/THPPlayer.c	memset(destination, 0, sample * 4);
p64	ppc-intrinsic	include/dolphin/gd/GDLight.h	78	22	error	'__cntlzw' was not declared in this scope	300	src/Animal/AnimalBase.cpp	idx = 0x1F - __cntlzw(id);
p64	ptr-truncation	include/JSystem/JSupport.hpp	11	29	error	cast from 'const void*' to 's32' {aka 'int'} loses precision [-fpermissive]	4	src/JSystem/J3D/J3DGraphLoader/J3DJointFactory.cpp	return (T*)((s32)ptr + offset);
p64	ptr-truncation	include/JSystem/JKernel/JKRExpHeap.hpp	27	45	error	cast from 'void*' to 'u32' {aka 'unsigned int'} loses precision [-fpermissive]	3	src/JSystem/JKernel/JKRAram.cpp	return (CMemBlock*)((u32)data + -0x10);
p64	ptr-truncation	include/JSystem/JSupport.hpp	21	29	error	cast from 'const void*' to 's32' {aka 'int'} loses precision [-fpermissive]	2	src/JSystem/J3D/J3DGraphLoader/J3DAnmLoader.cpp	return (T*)((s32)ptr + (s32)offset);
p64	ptr-truncation	include/JSystem/JSupport.hpp	21	40	error	cast from 'const void*' to 's32' {aka 'int'} loses precision [-fpermissive]	2	src/JSystem/J3D/J3DGraphLoader/J3DAnmLoader.cpp	return (T*)((s32)ptr + (s32)offset);
p64	ptr-truncation	include/dolphin/os.h	165	29	error	cast from 'void*' to 'u32' {aka 'unsigned int'} loses precision [-fpermissive]	1	src/JSystem/JKernel/JKRHeap.cpp	#define OSRoundUp32B(x)   (((u32)(x) + 32 - 1) & ~(32 - 1))
p64	ptr-truncation	include/dolphin/os.h	166	29	error	cast from 'void*' to 'u32' {aka 'unsigned int'} loses precision [-fpermissive]	1	src/JSystem/JKernel/JKRHeap.cpp	#define OSRoundDown32B(x) (((u32)(x)) & ~(32 - 1))
p64	ptr-truncation	include/dolphin/os.h	176	41	error	cast from 'void*' to 'u32' {aka 'unsigned int'} loses precision [-fpermissive]	1	src/JSystem/JRenderer.cpp	((void*)((u32)(OS_BASE_CACHED + (u32)(paddr))))
p64	ptr-truncation	include/dolphin/os.h	176	41	error	cast from '<unnamed struct>*' to 'u32' {aka 'unsigned int'} loses precision [-fpermissive]	1	src/JSystem/dsptask.c	((void*)((u32)(OS_BASE_CACHED + (u32)(paddr))))
p64	ptr-truncation	include/dolphin/os.h	176	41	error	cast from 'u8*' {aka 'unsigned char*'} to 'u32' {aka 'unsigned int'} loses precision [-fpermissive]	1	src/JSystem/dsptask.c	((void*)((u32)(OS_BASE_CACHED + (u32)(paddr))))
p64	ptr-truncation	src/Camera/cameragc.cpp	302	46	error	cast from 'CPolarSubCamera*' to 'u32' {aka 'unsigned int'} loses precision [-fpermissive]	1	src/Camera/cameragc.cpp	&JetCoasterDemoCallBack, (u32)this, nullptr, JDrama::TFlagT<u16>());
p64	ptr-truncation	src/Enemy/enemyinterp.cpp	70	44	error	cast from 'void (*)(TSpcTypedInterp<TLiveActor>*, u32)' {aka 'void (*)(TSpcTypedInterp<TLiveActor>*, unsigned int)'} to 'u32' {aka 'unsigned int'} loses precision [-fpermissive]	1	src/Enemy/enemyinterp.cpp	bindSystemDataToSymbol("setGraph", (u32)&einSetGraph);
p64	ptr-truncation	src/Enemy/enemyinterp.cpp	71	53	error	cast from 'void (*)(TSpcTypedInterp<TLiveActor>*, u32)' {aka 'void (*)(TSpcTypedInterp<TLiveActor>*, unsigned int)'} to 'u32' {aka 'unsigned int'} loses precision [-fpermissive]	1	src/Enemy/enemyinterp.cpp	bindSystemDataToSymbol("walkToCurPathNode", (u32)&einWalkToCurPathNode);
p64	ptr-truncation	src/Enemy/enemyinterp.cpp	73	32	error	cast from 'void (*)(TSpcTypedInterp<TLiveActor>*, u32)' {aka 'void (*)(TSpcTypedInterp<TLiveActor>*, unsigned int)'} to 'u32' {aka 'unsigned int'} loses precision [-fpermissive]	1	src/Enemy/enemyinterp.cpp	(u32)&einGoToRandomNextGraphNode);
p64	ptr-truncation	src/Enemy/enemyinterp.cpp	75	32	error	cast from 'void (*)(TSpcTypedInterp<TLiveActor>*, u32)' {aka 'void (*)(TSpcTypedInterp<TLiveActor>*, unsigned int)'} to 'u32' {aka 'unsigned int'} loses precision [-fpermissive]	1	src/Enemy/enemyinterp.cpp	(u32)&einGetLengthToCurPathNode);
p64	ptr-truncation	src/Enemy/enemyinterp.cpp	76	52	error	cast from 'void (*)(TSpcTypedInterp<TLiveActor>*, u32)' {aka 'void (*)(TSpcTypedInterp<TLiveActor>*, unsigned int)'} to 'u32' {aka 'unsigned int'} loses precision [-fpermissive]	1	src/Enemy/enemyinterp.cpp	bindSystemDataToSymbol("getLengthToMario", (u32)&einGetLengthToMario);
p64	ptr-truncation	src/JSystem/J2D/J2DPrint.cpp	294	34	error	cast from 'const u8*' {aka 'const unsigned char*'} to 'u32' {aka 'unsigned int'} loses precision [-fpermissive]	1	src/JSystem/J2D/J2DPrint.cpp	if (r27 == 0 || ((u32)param_1 - (u32)local_c) > param_2) {
p64	ptr-truncation	src/JSystem/J2D/J2DPrint.cpp	294	49	error	cast from 'const u8*' {aka 'const unsigned char*'} to 'u32' {aka 'unsigned int'} loses precision [-fpermissive]	1	src/JSystem/J2D/J2DPrint.cpp	if (r27 == 0 || ((u32)param_1 - (u32)local_c) > param_2) {
p64	ptr-truncation	src/JSystem/J2D/J2DPrint.cpp	342	36	error	cast from 'const u8*' {aka 'const unsigned char*'} to 'u32' {aka 'unsigned int'} loses precision [-fpermissive]	1	src/JSystem/J2D/J2DPrint.cpp	} else if (r18 && ((u32)param_1 - (u32)local_c > (u32)param_2)) {
p64	ptr-truncation	src/JSystem/J2D/J2DPrint.cpp	342	51	error	cast from 'const u8*' {aka 'const unsigned char*'} to 'u32' {aka 'unsigned int'} loses precision [-fpermissive]	1	src/JSystem/J2D/J2DPrint.cpp	} else if (r18 && ((u32)param_1 - (u32)local_c > (u32)param_2)) {
p64	ptr-truncation	src/JSystem/J2D/J2DPrint.cpp	621	21	error	cast from 'char*' to 'u32' {aka 'unsigned int'} loses precision [-fpermissive]	1	src/JSystem/J2D/J2DPrint.cpp	if ((u32)local_28 - (u32)*param_1 != 8) {
p64	ptr-truncation	src/JSystem/J2D/J2DPrint.cpp	621	37	error	cast from 'const u8*' {aka 'const unsigned char*'} to 'u32' {aka 'unsigned int'} loses precision [-fpermissive]	1	src/JSystem/J2D/J2DPrint.cpp	if ((u32)local_28 - (u32)*param_1 != 8) {
p64	ptr-truncation	src/JSystem/J2D/J2DPrint.cpp	622	29	error	cast from 'char*' to 'u32' {aka 'unsigned int'} loses precision [-fpermissive]	1	src/JSystem/J2D/J2DPrint.cpp	if ((u32)local_28 - (u32)*param_1 == 6) {
p64	ptr-truncation	src/JSystem/J2D/J2DPrint.cpp	622	45	error	cast from 'const u8*' {aka 'const unsigned char*'} to 'u32' {aka 'unsigned int'} loses precision [-fpermissive]	1	src/JSystem/J2D/J2DPrint.cpp	if ((u32)local_28 - (u32)*param_1 == 6) {
p64	ptr-truncation	src/JSystem/J3D/J3DGraphBase/J3DTevs.cpp	49	19	error	cast from 'void*' to 'u32' {aka 'unsigned int'} loses precision [-fpermissive]	1	src/JSystem/J3D/J3DGraphBase/J3DTevs.cpp	GXCmd1u32((u32)ptr & 0x7fffffff);
p64	ptr-truncation	src/JSystem/J3D/J3DGraphLoader/J3DAnmLoader.cpp	219	31	error	cast from 'void*' to 's32' {aka 'int'} loses precision [-fpermissive]	1	src/JSystem/J3D/J3DGraphLoader/J3DAnmLoader.cpp	= (void*)((s32)indexPtr0
p64	ptr-truncation	src/JSystem/J3D/J3DGraphLoader/J3DAnmLoader.cpp	220	33	error	cast from 'void*' to 's32' {aka 'int'} loses precision [-fpermissive]	1	src/JSystem/J3D/J3DGraphLoader/J3DAnmLoader.cpp	+ (s32)dst->mAnmVtxColorIndexData[0][i].mpData * 2);
p64	ptr-truncation	src/JSystem/J3D/J3DGraphLoader/J3DAnmLoader.cpp	223	31	error	cast from 'void*' to 's32' {aka 'int'} loses precision [-fpermissive]	1	src/JSystem/J3D/J3DGraphLoader/J3DAnmLoader.cpp	= (void*)((s32)indexPtr1
p64	ptr-truncation	src/JSystem/J3D/J3DGraphLoader/J3DAnmLoader.cpp	224	33	error	cast from 'void*' to 's32' {aka 'int'} loses precision [-fpermissive]	1	src/JSystem/J3D/J3DGraphLoader/J3DAnmLoader.cpp	+ (s32)dst->mAnmVtxColorIndexData[1][i].mpData * 2);
p64	ptr-truncation	src/JSystem/J3D/J3DGraphLoader/J3DAnmLoader.cpp	437	31	error	cast from 'void*' to 's32' {aka 'int'} loses precision [-fpermissive]	1	src/JSystem/J3D/J3DGraphLoader/J3DAnmLoader.cpp	= (void*)((s32)indexPtr0
p64	ptr-truncation	src/JSystem/J3D/J3DGraphLoader/J3DAnmLoader.cpp	438	33	error	cast from 'void*' to 's32' {aka 'int'} loses precision [-fpermissive]	1	src/JSystem/J3D/J3DGraphLoader/J3DAnmLoader.cpp	+ (s32)dst->mAnmVtxColorIndexData[0][i].mpData * 2);
p64	ptr-truncation	src/JSystem/J3D/J3DGraphLoader/J3DAnmLoader.cpp	441	31	error	cast from 'void*' to 's32' {aka 'int'} loses precision [-fpermissive]	1	src/JSystem/J3D/J3DGraphLoader/J3DAnmLoader.cpp	= (void*)((s32)indexPtr1
p64	ptr-truncation	src/JSystem/J3D/J3DGraphLoader/J3DAnmLoader.cpp	442	33	error	cast from 'void*' to 's32' {aka 'int'} loses precision [-fpermissive]	1	src/JSystem/J3D/J3DGraphLoader/J3DAnmLoader.cpp	+ (s32)dst->mAnmVtxColorIndexData[1][i].mpData * 2);
p64	ptr-truncation	src/JSystem/J3D/J3DGraphLoader/J3DJointFactory.cpp	8	26	error	cast from 'J3DJointInitData*' to 'u32' {aka 'unsigned int'} loses precision [-fpermissive]	1	src/JSystem/J3D/J3DGraphLoader/J3DJointFactory.cpp	&jointBlock, (u32)jointBlock.mpJointInitData);
p64	ptr-truncation	src/JSystem/J3D/J3DGraphLoader/J3DJointFactory.cpp	10	55	error	cast from 'u16*' {aka 'short unsigned int*'} to 'u32' {aka 'unsigned int'} loses precision [-fpermissive]	1	src/JSystem/J3D/J3DGraphLoader/J3DJointFactory.cpp	= JSUConvertOffsetToPtr<u16>(&jointBlock, (u32)jointBlock.mpIndexTable);
p64	ptr-truncation	src/JSystem/J3D/J3DGraphLoader/J3DShapeFactory.cpp	9	21	error	cast from 'J3DShapeInitData*' to 'u32' {aka 'unsigned int'} loses precision [-fpermissive]	1	src/JSystem/J3D/J3DGraphLoader/J3DShapeFactory.cpp	&block, (u32)block.mpShapeInitData);
p64	ptr-truncation	src/JSystem/J3D/J3DGraphLoader/J3DShapeFactory.cpp	10	60	error	cast from 'u16*' {aka 'short unsigned int*'} to 'u32' {aka 'unsigned int'} loses precision [-fpermissive]	1	src/JSystem/J3D/J3DGraphLoader/J3DShapeFactory.cpp	mpIndexTable  = JSUConvertOffsetToPtr<u16>(&block, (u32)block.mpIndexTable);
p64	ptr-truncation	src/JSystem/J3D/J3DGraphLoader/J3DShapeFactory.cpp	12	21	error	cast from 'GXVtxDescList*' {aka '_GXVtxDescList*'} to 'u32' {aka 'unsigned int'} loses precision [-fpermissive]	1	src/JSystem/J3D/J3DGraphLoader/J3DShapeFactory.cpp	&block, (u32)block.mpVtxDescList);
p64	ptr-truncation	src/JSystem/J3D/J3DGraphLoader/J3DShapeFactory.cpp	13	57	error	cast from 'u16*' {aka 'short unsigned int*'} to 'u32' {aka 'unsigned int'} loses precision [-fpermissive]	1	src/JSystem/J3D/J3DGraphLoader/J3DShapeFactory.cpp	mpMtxTable = JSUConvertOffsetToPtr<u16>(&block, (u32)block.mpMtxTable);
p64	ptr-truncation	src/JSystem/J3D/J3DGraphLoader/J3DShapeFactory.cpp	15	49	error	cast from 'u8*' {aka 'unsigned char*'} to 'u32' {aka 'unsigned int'} loses precision [-fpermissive]	1	src/JSystem/J3D/J3DGraphLoader/J3DShapeFactory.cpp	= JSUConvertOffsetToPtr<u8>(&block, (u32)block.mpDisplayListData);
p64	ptr-truncation	src/JSystem/J3D/J3DGraphLoader/J3DShapeFactory.cpp	17	21	error	cast from 'J3DShapeMtxInitData*' to 'u32' {aka 'unsigned int'} loses precision [-fpermissive]	1	src/JSystem/J3D/J3DGraphLoader/J3DShapeFactory.cpp	&block, (u32)block.mpMtxInitData);
p64	ptr-truncation	src/JSystem/J3D/J3DGraphLoader/J3DShapeFactory.cpp	19	21	error	cast from 'J3DShapeDrawInitData*' to 'u32' {aka 'unsigned int'} loses precision [-fpermissive]	1	src/JSystem/J3D/J3DGraphLoader/J3DShapeFactory.cpp	&block, (u32)block.mpDrawInitData);
p64	ptr-truncation	src/JSystem/JAudio/JASystem/JASAiCtrl.cpp	46	27	error	cast from 's16*' {aka 'short int*'} to 'u32' {aka 'unsigned int'} loses precision [-fpermissive]	1	src/JSystem/JAudio/JASystem/JASAiCtrl.cpp	AIInitDMA(u32(dac[2]), getDacSize() * 2);
p64	ptr-truncation	src/JSystem/JAudio/JASystem/JASAiCtrl.cpp	117	35	error	cast from 's16*' {aka 'short int*'} to 'u32' {aka 'unsigned int'} loses precision [-fpermissive]	1	src/JSystem/JAudio/JASystem/JASAiCtrl.cpp	AIInitDMA((u32)useRspMadep, getDacSize() * 2);
p64	ptr-truncation	src/JSystem/JAudio/JASystem/JASBankMgr.cpp	158	42	error	cast from 'const void*' to 'u32' {aka 'unsigned int'} loses precision [-fpermissive]	1	src/JSystem/JAudio/JASystem/JASBankMgr.cpp	chan->unk14            = (u32)wave;
p64	ptr-truncation	src/JSystem/JAudio/JASystem/JASCalc.cpp	69	26	error	cast from 'u8*' {aka 'unsigned char*'} to 'u32' {aka 'unsigned int'} loses precision [-fpermissive]	1	src/JSystem/JAudio/JASystem/JASCalc.cpp	u8 endbitsSrc = (reinterpret_cast<u32>(bsrc) & 0x03);
p64	ptr-truncation	src/JSystem/JAudio/JASystem/JASCalc.cpp	70	26	error	cast from 'u8*' {aka 'unsigned char*'} to 'u32' {aka 'unsigned int'} loses precision [-fpermissive]	1	src/JSystem/JAudio/JASystem/JASCalc.cpp	u8 enbitsDst  = (reinterpret_cast<u32>(bdest) & 0x03);
p64	ptr-truncation	src/JSystem/JAudio/JASystem/JASCalc.cpp	115	36	error	cast from 'void*' to 'u32' {aka 'unsigned int'} loses precision [-fpermissive]	1	src/JSystem/JAudio/JASystem/JASCalc.cpp	if ((size & 0x1f) == 0 && (reinterpret_cast<u32>(dest) & 0x1f) == 0) {
p64	ptr-truncation	src/JSystem/JAudio/JASystem/JASCalc.cpp	120	29	error	cast from 'u8*' {aka 'unsigned char*'} to 'u32' {aka 'unsigned int'} loses precision [-fpermissive]	1	src/JSystem/JAudio/JASystem/JASCalc.cpp	u8 alignedbitsDst = reinterpret_cast<u32>(bdest) & 0x3;
p64	ptr-truncation	src/JSystem/JAudio/JASystem/JASDSPBuf.cpp	69	61	error	cast from 's16*' {aka 'short int*'} to 'u32' {aka 'unsigned int'} loses precision [-fpermissive]	1	src/JSystem/JAudio/JASystem/JASDSPBuf.cpp	DsyncFrame2(Kernel::getSubFrames(), u32(dsp_buf[write_buffer]),
p64	ptr-truncation	src/JSystem/JAudio/JASystem/JASDSPBuf.cpp	70	37	error	cast from 's16*' {aka 'short int*'} to 'u32' {aka 'unsigned int'} loses precision [-fpermissive]	1	src/JSystem/JAudio/JASystem/JASDSPBuf.cpp	u32(&dsp_buf[write_buffer][frameSamples]));
p64	ptr-truncation	src/JSystem/JAudio/JASystem/JASDSPInterface.cpp	75	33	error	cast from 'JASystem::DSPInterface::DSPBuffer*' to 'u32' {aka 'unsigned int'} loses precision [-fpermissive]	1	src/JSystem/JAudio/JASystem/JASDSPInterface.cpp	DsetupTable(64, (u32)CH_BUF, (u32)&DSPRES_FILTER, (u32)&DSPADPCM_FILTER,
p64	ptr-truncation	src/JSystem/JAudio/JASystem/JASDSPInterface.cpp	75	46	error	cast from 'u32 (*)[]' {aka 'unsigned int (*)[]'} to 'u32' {aka 'unsigned int'} loses precision [-fpermissive]	1	src/JSystem/JAudio/JASystem/JASDSPInterface.cpp	DsetupTable(64, (u32)CH_BUF, (u32)&DSPRES_FILTER, (u32)&DSPADPCM_FILTER,
p64	ptr-truncation	src/JSystem/JAudio/JASystem/JASDSPInterface.cpp	75	67	error	cast from 'u32 (*)[]' {aka 'unsigned int (*)[]'} to 'u32' {aka 'unsigned int'} loses precision [-fpermissive]	1	src/JSystem/JAudio/JASystem/JASDSPInterface.cpp	DsetupTable(64, (u32)CH_BUF, (u32)&DSPRES_FILTER, (u32)&DSPADPCM_FILTER,
p64	ptr-truncation	src/JSystem/JAudio/JASystem/JASDSPInterface.cpp	76	29	error	cast from 'JASystem::DSPInterface::FXBuffer*' to 'u32' {aka 'unsigned int'} loses precision [-fpermissive]	1	src/JSystem/JAudio/JASystem/JASDSPInterface.cpp	(u32)FX_BUF);
p64	ptr-truncation	src/JSystem/JAudio/JASystem/JASDvdThread.cpp	244	67	error	cast from 'void*' to 'u32' {aka 'unsigned int'} loses precision [-fpermissive]	1	src/JSystem/JAudio/JASystem/JASDvdThread.cpp	ARQPostRequest(&req[arq_index], 0x12345678, 0, 1, (u32)buf,
p64	ptr-truncation	src/JSystem/JAudio/JASystem/JASDvdThread.cpp	245	32	error	cast from 'void*' to 'u32' {aka 'unsigned int'} loses precision [-fpermissive]	1	src/JSystem/JAudio/JASystem/JASDvdThread.cpp	(u32)call->unk24, batchSize, &aramDmaFinish);
p64	ptr-truncation	src/JSystem/JAudio/JASystem/JASDvdThread.cpp	290	30	error	cast from 'JASystem::Dvd::TDvdCall*' to 'u32' {aka 'unsigned int'} loses precision [-fpermissive]	1	src/JSystem/JAudio/JASystem/JASDvdThread.cpp	ARQPostRequest(&req, (u32)call, ARQ_TYPE_ARAM_TO_MRAM, ARQ_PRIORITY_HIGH,
p64	ptr-truncation	src/JSystem/JAudio/JASystem/JASDvdThread.cpp	291	37	error	cast from 'void*' to 'u32' {aka 'unsigned int'} loses precision [-fpermissive]	1	src/JSystem/JAudio/JASystem/JASDvdThread.cpp	call->unk28, (u32)call->unk24, call->unk2C, &aramDmaFinish2);
p64	ptr-truncation	src/JSystem/JAudio/JASystem/JASDvdThread.cpp	305	30	error	cast from 'JASystem::Dvd::TDvdCall*' to 'u32' {aka 'unsigned int'} loses precision [-fpermissive]	1	src/JSystem/JAudio/JASystem/JASDvdThread.cpp	ARQPostRequest(&req, (u32)call, ARQ_TYPE_MRAM_TO_ARAM, ARQ_PRIORITY_HIGH,
p64	ptr-truncation	src/JSystem/JAudio/JASystem/JASDvdThread.cpp	306	24	error	cast from 'void*' to 'u32' {aka 'unsigned int'} loses precision [-fpermissive]	1	src/JSystem/JAudio/JASystem/JASDvdThread.cpp	(u32)call->unk24, call->unk28, call->unk2C, &aramDmaFinish2);
p64	ptr-truncation	src/JSystem/JAudio/JASystem/JASDvdThread.cpp	327	23	error	cast from 'void*' to 'u32' {aka 'unsigned int'} loses precision [-fpermissive]	1	src/JSystem/JAudio/JASystem/JASDvdThread.cpp	call->unk28 = (u32)src;
p64	ptr-truncation	src/JSystem/JAudio/JASystem/JASDvdThread.cpp	348	23	error	cast from 'void*' to 'u32' {aka 'unsigned int'} loses precision [-fpermissive]	1	src/JSystem/JAudio/JASystem/JASDvdThread.cpp	call->unk28 = (u32)src;
p64	ptr-truncation	src/JSystem/JAudio/JASystem/JASHeapCtrl.cpp	332	50	error	cast from 'u8*' {aka 'unsigned char*'} to 'u32' {aka 'unsigned int'} loses precision [-fpermissive]	1	src/JSystem/JAudio/JASystem/JASHeapCtrl.cpp	mStart = (u8*)ALIGN_NEXT((u32)mem_start, 0x20);
p64	ptr-truncation	src/JSystem/JAudio/JASystem/JASHeapCtrl.cpp	334	46	error	cast from 'u8*' {aka 'unsigned char*'} to 'u32' {aka 'unsigned int'} loses precision [-fpermissive]	1	src/JSystem/JAudio/JASystem/JASHeapCtrl.cpp	mSize  = mem_size - ((u32)mem_start & 0x1F);
p64	ptr-truncation	src/JSystem/JAudio/JASystem/JASWaveArcLoader.cpp	22	34	error	cast from 'void*' to 'u32' {aka 'unsigned int'} loses precision [-fpermissive]	1	src/JSystem/JAudio/JASystem/JASWaveArcLoader.cpp	sAramHeap.initMotherHeap((u32)var1, local_8, 0);
p64	ptr-truncation	src/JSystem/JKernel/JKRAram.cpp	101	25	error	cast from 'u8*' {aka 'unsigned char*'} to 'u32' {aka 'unsigned int'} loses precision [-fpermissive]	1	src/JSystem/JKernel/JKRAram.cpp	if (!IS_ALIGNED((u32)addr, 0x20) && !IS_ALIGNED(size, 0x20)) {
p64	ptr-truncation	src/JSystem/JKernel/JKRAram.cpp	158	39	error	cast from 'void*' to 'u32' {aka 'unsigned int'} loses precision [-fpermissive]	1	src/JSystem/JKernel/JKRAram.cpp	JKRAramPcs(0, (u32)allocatedMem, bufSize, alignedSize, block);
p64	ptr-truncation	src/JSystem/JKernel/JKRAram.cpp	172	31	error	cast from 'u8*' {aka 'unsigned char*'} to 'u32' {aka 'unsigned int'} loses precision [-fpermissive]	1	src/JSystem/JKernel/JKRAram.cpp	JKRAramPcs(0, (u32)buf, bufSize, alignedSize, block);
p64	ptr-truncation	src/JSystem/JKernel/JKRAram.cpp	222	46	error	cast from 'u8*' {aka 'unsigned char*'} to 'u32' {aka 'unsigned int'} loses precision [-fpermissive]	1	src/JSystem/JKernel/JKRAram.cpp	u8* bufPtr = (u8*)ALIGN_NEXT((u32)buffer, 32);
p64	ptr-truncation	src/JSystem/JKernel/JKRAram.cpp	223	40	error	cast from 'u8*' {aka 'unsigned char*'} to 'u32' {aka 'unsigned int'} loses precision [-fpermissive]	1	src/JSystem/JKernel/JKRAram.cpp	JKRAramPcs(1, address, (u32)bufPtr, 32, nullptr);
p64	ptr-truncation	src/JSystem/JKernel/JKRAram.cpp	249	40	error	cast from 'u8*' {aka 'unsigned char*'} to 'u32' {aka 'unsigned int'} loses precision [-fpermissive]	1	src/JSystem/JKernel/JKRAram.cpp	JKRAramPcs(1, address, (u32)szpSpace, p3, nullptr);
p64	ptr-truncation	src/JSystem/JKernel/JKRAram.cpp	275	40	error	cast from 'u8*' {aka 'unsigned char*'} to 'u32' {aka 'unsigned int'} loses precision [-fpermissive]	1	src/JSystem/JKernel/JKRAram.cpp	JKRAramPcs(1, address, (u32)rv, p3, nullptr);
p64	ptr-truncation	src/JSystem/JKernel/JKRAram.cpp	494	47	error	cast from 'u8*' {aka 'unsigned char*'} to 'u32' {aka 'unsigned int'} loses precision [-fpermissive]	1	src/JSystem/JKernel/JKRAram.cpp	JKRAramPcs(1, srcAddress + srcOffset, (u32)buffer, ALIGN_NEXT(length, 0x20),
p64	ptr-truncation	src/JSystem/JKernel/JKRAram.cpp	520	55	error	cast from 'u8*' {aka 'unsigned char*'} to 'u32' {aka 'unsigned int'} loses precision [-fpermissive]	1	src/JSystem/JKernel/JKRAram.cpp	JKRAramPcs(1, (u32)(srcAddress + srcOffset), ((u32)dest + left),
p64	ptr-truncation	src/JSystem/JKernel/JKRAramPiece.cpp	132	39	error	cast from 'JKRAMCommand*' to 'u32' {aka 'unsigned int'} loses precision [-fpermissive]	1	src/JSystem/JKernel/JKRAramPiece.cpp	(*command->mCallback)((u32)command);
p64	ptr-truncation	src/JSystem/JKernel/JKRAramStream.cpp	108	39	error	cast from 'u8*' {aka 'unsigned char*'} to 'u32' {aka 'unsigned int'} loses precision [-fpermissive]	1	src/JSystem/JKernel/JKRAramStream.cpp	JKRAramPcs(0, (u32)buffer, destination, length, nullptr);
p64	ptr-truncation	src/JSystem/JKernel/JKRAramStream.cpp	208	47	error	cast from 'u8*' {aka 'unsigned char*'} to 'u32' {aka 'unsigned int'} loses precision [-fpermissive]	1	src/JSystem/JKernel/JKRAramStream.cpp	transBuffer = (u8*)ALIGN_NEXT((u32)buffer, 0x20);
p64	ptr-truncation	src/JSystem/JKernel/JKRDecomp.cpp	46	47	error	cast from 'JKRDecompCommand*' to 'u32' {aka 'unsigned int'} loses precision [-fpermissive]	1	src/JSystem/JKernel/JKRDecomp.cpp	(*command->mCallback)((u32)command);
p64	ptr-truncation	src/JSystem/JKernel/JKRDvdAramRipper.cpp	135	54	error	cast from 'u8 (*)[64]' {aka 'unsigned char (*)[64]'} to 'u32' {aka 'unsigned int'} loses precision [-fpermissive]	1	src/JSystem/JKernel/JKRDvdAramRipper.cpp	u8* bufPtr = (u8*)ALIGN_NEXT((u32)&buffer, 0x20);
p64	ptr-truncation	src/JSystem/JKernel/JKRDvdAramRipper.cpp	212	44	error	cast from 'JKRADCommand*' to 'u32' {aka 'unsigned int'} loses precision [-fpermissive]	1	src/JSystem/JKernel/JKRDvdAramRipper.cpp	command->mCallback((u32)command);
p64	ptr-truncation	src/JSystem/JKernel/JKRDvdAramRipper.cpp	476	36	error	cast from 'u8*' {aka 'unsigned char*'} to 'u32' {aka 'unsigned int'} loses precision [-fpermissive]	1	src/JSystem/JKernel/JKRDvdAramRipper.cpp	JKRAramPiece::orderSync(0, (u32)dmaBuf, param_1, size, nullptr);
p64	ptr-truncation	src/JSystem/JKernel/JKRDvdArchive.cpp	115	39	error	cast from 'u32*' {aka 'unsigned int*'} to 'int' loses precision [-fpermissive]	1	src/JSystem/JKernel/JKRDvdArchive.cpp	mDirectories = (SDIDirEntry*)((int)&mArcInfoBlock->num_nodes
p64	ptr-truncation	src/JSystem/JKernel/JKRDvdArchive.cpp	117	40	error	cast from 'u32*' {aka 'unsigned int*'} to 'int' loses precision [-fpermissive]	1	src/JSystem/JKernel/JKRDvdArchive.cpp	mFileEntries = (SDIFileEntry*)((int)&mArcInfoBlock->num_nodes
p64	ptr-truncation	src/JSystem/JKernel/JKRDvdArchive.cpp	119	32	error	cast from 'u32*' {aka 'unsigned int*'} to 'int' loses precision [-fpermissive]	1	src/JSystem/JKernel/JKRDvdArchive.cpp	mStrTable    = (char*)((int)&mArcInfoBlock->num_nodes
p64	ptr-truncation	src/JSystem/JKernel/JKRDvdFile.cpp	153	16	error	cast from 'OSMessage' {aka 'void*'} to 's32' {aka 'int'} loses precision [-fpermissive]	1	src/JSystem/JKernel/JKRDvdFile.cpp	return (s32)m;
p64	ptr-truncation	src/JSystem/JKernel/JKRDvdRipper.cpp	58	46	error	cast from 'u8*' {aka 'unsigned char*'} to 'u32' {aka 'unsigned int'} loses precision [-fpermissive]	1	src/JSystem/JKernel/JKRDvdRipper.cpp	u8* bufPtr = (u8*)ALIGN_NEXT((u32)buffer, 32);
p64	ptr-truncation	src/JSystem/JKernel/JKRDvdRipper.cpp	128	54	error	cast from 'u8*' {aka 'unsigned char*'} to 'u32' {aka 'unsigned int'} loses precision [-fpermissive]	1	src/JSystem/JKernel/JKRDvdRipper.cpp	u8* bufPtr = (u8*)ALIGN_NEXT((u32)buffer, 32);
p64	ptr-truncation	src/JSystem/JKernel/JKRExpHeap.cpp	238	44	error	cast from 'void*' to 'u32' {aka 'unsigned int'} loses precision [-fpermissive]	1	src/JSystem/JKernel/JKRExpHeap.cpp	u32 aligned   = ALIGN_NEXT((u32)content, align);
p64	ptr-truncation	src/JSystem/JKernel/JKRExpHeap.cpp	239	43	error	cast from 'void*' to 'u32' {aka 'unsigned int'} loses precision [-fpermissive]	1	src/JSystem/JKernel/JKRExpHeap.cpp	u32 offset    = aligned - (u32)content;
p64	ptr-truncation	src/JSystem/JKernel/JKRExpHeap.cpp	300	53	error	cast from 'JKRExpHeap::CMemBlock*' to 'u32' {aka 'unsigned int'} loses precision [-fpermissive]	1	src/JSystem/JKernel/JKRExpHeap.cpp	newUsedBlock = (CMemBlock*)((u32)foundBlock + foundOffset);
p64	ptr-truncation	src/JSystem/JKernel/JKRExpHeap.cpp	391	21	error	cast from 'void*' to 'u32' {aka 'unsigned int'} loses precision [-fpermissive]	1	src/JSystem/JKernel/JKRExpHeap.cpp	(u32)block->getContent() + block->mAllocatedSpace - size, align);
p64	ptr-truncation	src/JSystem/JKernel/JKRExpHeap.cpp	392	28	error	cast from 'void*' to 'u32' {aka 'unsigned int'} loses precision [-fpermissive]	1	src/JSystem/JKernel/JKRExpHeap.cpp	usedSize = (u32)block->getContent() + block->mAllocatedSpace - start;
p64	ptr-truncation	src/JSystem/JKernel/JKRExpHeap.cpp	702	29	error	cast from 'JKRExpHeap::CMemBlock*' to 'u32' {aka 'unsigned int'} loses precision [-fpermissive]	1	src/JSystem/JKernel/JKRExpHeap.cpp	if ((u32)block + block->mAllocatedSpace + sizeof(CMemBlock)
p64	ptr-truncation	src/JSystem/JKernel/JKRExpHeap.cpp	703	31	error	cast from 'JKRExpHeap::CMemBlock*' to 'u32' {aka 'unsigned int'} loses precision [-fpermissive]	1	src/JSystem/JKernel/JKRExpHeap.cpp	> (u32)block->mNext) {
p64	ptr-truncation	src/JSystem/JKernel/JKRExpHeap.cpp	852	27	error	cast from 'JKRExpHeap::CMemBlock*' to 'u32' {aka 'unsigned int'} loses precision [-fpermissive]	1	src/JSystem/JKernel/JKRExpHeap.cpp	u32 endAddr     = (u32)(block + 1) + block->mAllocatedSpace;
p64	ptr-truncation	src/JSystem/JKernel/JKRExpHeap.cpp	854	27	error	cast from 'JKRExpHeap::CMemBlock*' to 'u32' {aka 'unsigned int'} loses precision [-fpermissive]	1	src/JSystem/JKernel/JKRExpHeap.cpp	u32 nextAddr    = (u32)next - (next->mFlags & 0x7f);
p64	ptr-truncation	src/JSystem/JKernel/JKRExpHeap.cpp	1019	62	error	cast from 'JKRExpHeap::CMemBlock*' to 'u32' {aka 'unsigned int'} loses precision [-fpermissive]	1	src/JSystem/JKernel/JKRExpHeap.cpp	block                  = (CMemBlock*)(size + (u32)this);
p64	ptr-truncation	src/JSystem/JKernel/JKRExpHeap.cpp	1084	46	error	cast from 'JKRExpHeap::CMemBlock*' to 'u32' {aka 'unsigned int'} loses precision [-fpermissive]	1	src/JSystem/JKernel/JKRExpHeap.cpp	checkCode += (u32)block * 3;
p64	ptr-truncation	src/JSystem/JKernel/JKRExpHeap.cpp	1087	38	error	cast from 'JKRExpHeap::CMemBlock*' to 'u32' {aka 'unsigned int'} loses precision [-fpermissive]	1	src/JSystem/JKernel/JKRExpHeap.cpp	checkCode += (u32)block * 3;
p64	ptr-truncation	src/JSystem/JKernel/JKRHeap.cpp	74	28	error	cast from 'void*' to 'u32' {aka 'unsigned int'} loses precision [-fpermissive]	1	src/JSystem/JKernel/JKRHeap.cpp	*outUserRamSize  = (u32)arenaHi - (u32)arenaLo;
p64	ptr-truncation	src/JSystem/JKernel/JKRHeap.cpp	74	43	error	cast from 'void*' to 'u32' {aka 'unsigned int'} loses precision [-fpermissive]	1	src/JSystem/JKernel/JKRHeap.cpp	*outUserRamSize  = (u32)arenaHi - (u32)arenaLo;
p64	ptr-truncation	src/JSystem/JKernel/JKRHeap.cpp	198	21	error	cast from 'void*' to 'u32' {aka 'unsigned int'} loses precision [-fpermissive]	1	src/JSystem/JKernel/JKRHeap.cpp	u32 begin = (u32)memory;
p64	ptr-truncation	src/JSystem/JKernel/JKRHeap.cpp	199	21	error	cast from 'void*' to 'u32' {aka 'unsigned int'} loses precision [-fpermissive]	1	src/JSystem/JKernel/JKRHeap.cpp	u32 end   = (u32)memory + size;
p64	ptr-truncation	src/JSystem/JKernel/JKRHeap.cpp	206	28	error	cast from 'void*' to 'u32' {aka 'unsigned int'} loses precision [-fpermissive]	1	src/JSystem/JKernel/JKRHeap.cpp	dispose_subroutine((u32)begin, (u32)end);
p64	ptr-truncation	src/JSystem/JKernel/JKRHeap.cpp	206	40	error	cast from 'void*' to 'u32' {aka 'unsigned int'} loses precision [-fpermissive]	1	src/JSystem/JKernel/JKRHeap.cpp	dispose_subroutine((u32)begin, (u32)end);
p64	ptr-truncation	src/JSystem/JKernel/JKRMemArchive.cpp	27	18	error	cast from 'void*' to 's32' {aka 'int'} loses precision [-fpermissive]	1	src/JSystem/JKernel/JKRMemArchive.cpp	: JKRArchive((s32)buffer, MOUNT_MEM) // WTF?
p64	ptr-truncation	src/JSystem/JKernel/JKRMemArchive.cpp	85	33	error	cast from 'void*' to 's32' {aka 'int'} loses precision [-fpermissive]	1	src/JSystem/JKernel/JKRMemArchive.cpp	if (check_mount_already((s32)param_1)) {
p64	ptr-truncation	src/JSystem/JKernel/JKRMemArchive.cpp	88	19	error	cast from 'void*' to 's32' {aka 'int'} loses precision [-fpermissive]	1	src/JSystem/JKernel/JKRMemArchive.cpp	fixedInit((s32)param_1);
p64	ptr-truncation	src/JSystem/JKernel/JKRMemArchive.cpp	151	38	error	cast from 'JKRArchive::SArcHeader*' to 'u32' {aka 'unsigned int'} loses precision [-fpermissive]	1	src/JSystem/JKernel/JKRMemArchive.cpp	mArchiveData = (u8*)((u32)mArcHeader + mArcHeader->header_length
p64	ptr-truncation	src/JSystem/JKernel/JKRMemArchive.cpp	171	31	error	cast from 'JKRArchive::SArcHeader*' to 'u32' {aka 'unsigned int'} loses precision [-fpermissive]	1	src/JSystem/JKernel/JKRMemArchive.cpp	mArchiveData = (u8*)(((u32)mArcHeader + mArcHeader->header_length)
p64	ptr-truncation	src/JSystem/JKernel/JKRSolidHeap.cpp	52	26	error	cast from 'void*' to 'u32' {aka 'unsigned int'} loses precision [-fpermissive]	1	src/JSystem/JKernel/JKRSolidHeap.cpp	u32 headerSize = (u32)mStart - (u32)this;
p64	ptr-truncation	src/JSystem/JKernel/JKRSolidHeap.cpp	52	40	error	cast from 'JKRSolidHeap*' to 'u32' {aka 'unsigned int'} loses precision [-fpermissive]	1	src/JSystem/JKernel/JKRSolidHeap.cpp	u32 headerSize = (u32)mStart - (u32)this;
p64	ptr-truncation	src/JSystem/JKernel/JKRSolidHeap.cpp	53	37	error	cast from 'void*' to 'u32' {aka 'unsigned int'} loses precision [-fpermissive]	1	src/JSystem/JKernel/JKRSolidHeap.cpp	u32 newSize    = ALIGN_NEXT((u32)mCurStart - (u32)mStart, 0x20);
p64	ptr-truncation	src/JSystem/JKernel/JKRSolidHeap.cpp	53	54	error	cast from 'void*' to 'u32' {aka 'unsigned int'} loses precision [-fpermissive]	1	src/JSystem/JKernel/JKRSolidHeap.cpp	u32 newSize    = ALIGN_NEXT((u32)mCurStart - (u32)mStart, 0x20);
p64	ptr-truncation	src/JSystem/JKernel/JKRSolidHeap.cpp	57	37	error	cast from 'void*' to 'u32' {aka 'unsigned int'} loses precision [-fpermissive]	1	src/JSystem/JKernel/JKRSolidHeap.cpp	mEnd      = (void*)((u32)mStart + mSize);
p64	ptr-truncation	src/JSystem/JKernel/JKRSolidHeap.cpp	89	48	error	cast from 'void*' to 'u32' {aka 'unsigned int'} loses precision [-fpermissive]	1	src/JSystem/JKernel/JKRSolidHeap.cpp	char* alignedStart = (char*)ALIGN_NEXT((u32)mCurStart, align);
p64	ptr-truncation	src/JSystem/JKernel/JKRSolidHeap.cpp	111	46	error	cast from 'void*' to 'u32' {aka 'unsigned int'} loses precision [-fpermissive]	1	src/JSystem/JKernel/JKRSolidHeap.cpp	char* alignedEnd = (char*)ALIGN_PREV((u32)mCurEnd - size, align);
p64	ptr-truncation	src/JSystem/JKernel/JKRThread.cpp	20	32	error	cast from 'void*' to 'u32' {aka 'unsigned int'} loses precision [-fpermissive]	1	src/JSystem/JKernel/JKRThread.cpp	(void*)((u32)mStackMemory + mStackSize), mStackSize,
p64	ptr-truncation	src/JSystem/JKernel/JKRThread.cpp	34	25	error	cast from 'u32*' {aka 'unsigned int*'} to 'u32' {aka 'unsigned int'} loses precision [-fpermissive]	1	src/JSystem/JKernel/JKRThread.cpp	mStackSize    = (u32)threadRecord->stackEnd - (u32)threadRecord->stackBase;
p64	ptr-truncation	src/JSystem/JKernel/JKRThread.cpp	34	55	error	cast from 'u8*' {aka 'unsigned char*'} to 'u32' {aka 'unsigned int'} loses precision [-fpermissive]	1	src/JSystem/JKernel/JKRThread.cpp	mStackSize    = (u32)threadRecord->stackEnd - (u32)threadRecord->stackBase;
p64	ptr-truncation	src/JSystem/JRenderer.cpp	283	24	error	cast from 'void*' to 'u32' {aka 'unsigned int'} loses precision [-fpermissive]	1	src/JSystem/JRenderer.cpp	(u32) ((u32)OSPhysicalToCached(image) >> 5) |
p64	ptr-truncation	src/JSystem/JRenderer.cpp	319	24	error	cast from 'void*' to 'u32' {aka 'unsigned int'} loses precision [-fpermissive]	1	src/JSystem/JRenderer.cpp	(u32) ((u32)OSPhysicalToCached(tlut) >> 5) |
p64	ptr-truncation	src/JSystem/JUtility/JUTDirectFile.cpp	36	40	error	cast from 'u8*' {aka 'unsigned char*'} to 'u32' {aka 'unsigned int'} loses precision [-fpermissive]	1	src/JSystem/JUtility/JUTDirectFile.cpp	mSectorStart = (u8*)ALIGN_NEXT((u32)mBuffer, DVD_MIN_TRANSFER_SIZE);
p64	ptr-truncation	src/JSystem/JUtility/JUTException.cpp	618	42	error	cast from 'void*' to 'u32' {aka 'unsigned int'} loses precision [-fpermissive]	1	src/JSystem/JUtility/JUTException.cpp	void* begin  = (void*)ALIGN_PREV((u32)end - size, 32);
p64	ptr-truncation	src/JSystem/JUtility/JUTException.cpp	619	42	error	cast from 'void*' to 's32' {aka 'int'} loses precision [-fpermissive]	1	src/JSystem/JUtility/JUTException.cpp	void* object = (void*)ALIGN_PREV((s32)begin - sizeof(JUTExternalFB), 32);
p64	ptr-truncation	src/JSystem/JUtility/JUTTexture.cpp	57	36	error	cast from 'const ResTIMG*' to 'int' loses precision [-fpermissive]	1	src/JSystem/JUtility/JUTTexture.cpp	mTexData = (void*)((int)mTexInfo + mTexInfo->imageDataOffset);
p64	ptr-truncation	src/JSystem/JUtility/JUTTexture.cpp	60	44	error	cast from 'const ResTIMG*' to 'int' loses precision [-fpermissive]	1	src/JSystem/JUtility/JUTTexture.cpp	mTexData = (void*)((int)mTexInfo + 0x20);
p64	ptr-truncation	src/MSound/MSound.cpp	101	40	error	cast from 'void*' to 'u32' {aka 'unsigned int'} loses precision [-fpermissive]	1	src/MSound/MSound.cpp	u32 addr                     = (u32)base;
p64	ptr-truncation	src/Map/MapCollisionEntry.cpp	83	38	error	cast from 's16*' {aka 'short int*'} to 'int' loses precision [-fpermissive]	1	src/Map/MapCollisionEntry.cpp	= (s16*)((int)mCollisionGroups[i].mIndices + (u8*)hdr);
p64	ptr-truncation	src/Map/MapCollisionEntry.cpp	85	37	error	cast from 'u8*' {aka 'unsigned char*'} to 'int' loses precision [-fpermissive]	1	src/Map/MapCollisionEntry.cpp	= (u8*)((int)mCollisionGroups[i].unkC + (u8*)hdr);
p64	ptr-truncation	src/Map/MapCollisionEntry.cpp	87	37	error	cast from 'u8*' {aka 'unsigned char*'} to 'int' loses precision [-fpermissive]	1	src/Map/MapCollisionEntry.cpp	= (u8*)((int)mCollisionGroups[i].unk10 + (u8*)hdr);
p64	ptr-truncation	src/Map/MapCollisionEntry.cpp	91	46	error	cast from 's16*' {aka 'short int*'} to 'int' loses precision [-fpermissive]	1	src/Map/MapCollisionEntry.cpp	= (s16*)((int)mCollisionGroups[i].mAdditionalDatas
p64	ptr-truncation	src/Map/MapMakeList.cpp	259	23	error	cast from 'TBGCheckListWarp*' to 'u32' {aka 'unsigned int'} loses precision [-fpermissive]	1	src/Map/MapMakeList.cpp	u32 offset = ((u32)l - (u32)r);
p64	ptr-truncation	src/Map/MapMakeList.cpp	259	32	error	cast from 'TBGCheckListWarp*' to 'u32' {aka 'unsigned int'} loses precision [-fpermissive]	1	src/Map/MapMakeList.cpp	u32 offset = ((u32)l - (u32)r);
p64	ptr-truncation	src/Map/PollutionManager.cpp	154	63	error	cast from 'TPollutionManager::TPollutionInfo*' to 'u32' {aka 'unsigned int'} loses precision [-fpermissive]	1	src/Map/PollutionManager.cpp	= (TPollutionLayerInfo*)((u8*)info->mLayerInfos + (u32)info);
p64	ptr-truncation	src/Map/PollutionManager.cpp	157	46	error	cast from 'TPollutionManager::TPollutionInfo*' to 'u32' {aka 'unsigned int'} loses precision [-fpermissive]	1	src/Map/PollutionManager.cpp	mLayerInfos[i].mHeightMap += (u32)info;
p64	ptr-truncation	src/MoveBG/Item.cpp	875	74	error	cast from 'TShine*' to 'u32' {aka 'unsigned int'} loses precision [-fpermissive]	1	src/MoveBG/Item.cpp	param_1, &mPosition, -1, 0.0f, true, appearWithTimeCallback, (u32)this,
p64	ptr-truncation	src/MoveBG/MapObjLib.cpp	828	16	error	cast from 'TTakeActor*' to 'int' loses precision [-fpermissive]	1	src/MoveBG/MapObjLib.cpp	return (int)((TTakeActor*)actor)->mHolder;
p64	ptr-truncation	src/MoveBG/MapObjMamma.cpp	908	49	error	cast from 'JGeometry::TVec3<float>*' to 'u32' {aka 'unsigned int'} loses precision [-fpermissive]	1	src/MoveBG/MapObjMamma.cpp	startCameraShakeSE, (u32)&mPosition, nullptr,
p64	ptr-truncation	src/MoveBG/MapObjPinna.cpp	979	29	error	cast from 'TFerrisWheel*' to 'u32' {aka 'unsigned int'} loses precision [-fpermissive]	1	src/MoveBG/MapObjPinna.cpp	reinterpret_cast<u32>(wheel), nullptr,
p64	ptr-truncation	src/NPC/NpcEvent.cpp	94	22	error	cast from 'JDrama::TViewObj*' to 'int' loses precision [-fpermissive]	1	src/NPC/NpcEvent.cpp	interp->push((int)JDrama::TNameRefGen::search<JDrama::TViewObj>(name));
p64	ptr-truncation	src/NPC/NpcEvent.cpp	414	64	error	cast from 'void (*)(TSpcTypedInterp<TEventWatcher>*, u32)' {aka 'void (*)(TSpcTypedInterp<TEventWatcher>*, unsigned int)'} to 'u32' {aka 'unsigned int'} loses precision [-fpermissive]	1	src/NPC/NpcEvent.cpp	param_1->bindSystemDataToSymbol("getAddressFromViewObjName", (u32)&evGetAddressFromViewObjName);
p64	ptr-truncation	src/NPC/NpcEvent.cpp	415	56	error	cast from 'void (*)(TSpcTypedInterp<TEventWatcher>*, u32)' {aka 'void (*)(TSpcTypedInterp<TEventWatcher>*, unsigned int)'} to 'u32' {aka 'unsigned int'} loses precision [-fpermissive]	1	src/NPC/NpcEvent.cpp	param_1->bindSystemDataToSymbol("checkCurNerve4Npc", (u32)&evCheckCurNerve4Npc);
p64	ptr-truncation	src/NPC/NpcEvent.cpp	416	59	error	cast from 'void (*)(TSpcTypedInterp<TEventWatcher>*, u32)' {aka 'void (*)(TSpcTypedInterp<TEventWatcher>*, unsigned int)'} to 'u32' {aka 'unsigned int'} loses precision [-fpermissive]	1	src/NPC/NpcEvent.cpp	param_1->bindSystemDataToSymbol("checkLatestNerve4Npc", (u32)&evCheckLatestNerve4Npc);
p64	ptr-truncation	src/NPC/NpcEvent.cpp	417	54	error	cast from 'void (*)(TSpcTypedInterp<TEventWatcher>*, u32)' {aka 'void (*)(TSpcTypedInterp<TEventWatcher>*, unsigned int)'} to 'u32' {aka 'unsigned int'} loses precision [-fpermissive]	1	src/NPC/NpcEvent.cpp	param_1->bindSystemDataToSymbol("isNpcSinkBottom", (u32)&evIsNpcSinkBottom);
p64	ptr-truncation	src/NPC/NpcEvent.cpp	418	55	error	cast from 'void (*)(TSpcTypedInterp<TEventWatcher>*, u32)' {aka 'void (*)(TSpcTypedInterp<TEventWatcher>*, unsigned int)'} to 'u32' {aka 'unsigned int'} loses precision [-fpermissive]	1	src/NPC/NpcEvent.cpp	param_1->bindSystemDataToSymbol("isGameModeNormal", (u32)&evIsGameModeNormal);
p64	ptr-truncation	src/NPC/NpcEvent.cpp	419	55	error	cast from 'void (*)(TSpcTypedInterp<TEventWatcher>*, u32)' {aka 'void (*)(TSpcTypedInterp<TEventWatcher>*, unsigned int)'} to 'u32' {aka 'unsigned int'} loses precision [-fpermissive]	1	src/NPC/NpcEvent.cpp	param_1->bindSystemDataToSymbol("__forceStartTalk", (u32)&ev__ForceStartTalk);
p64	ptr-truncation	src/NPC/NpcEvent.cpp	420	64	error	cast from 'void (*)(TSpcTypedInterp<TEventWatcher>*, u32)' {aka 'void (*)(TSpcTypedInterp<TEventWatcher>*, unsigned int)'} to 'u32' {aka 'unsigned int'} loses precision [-fpermissive]	1	src/NPC/NpcEvent.cpp	param_1->bindSystemDataToSymbol("__forceStartTalkExceptNpc", (u32)&ev__ForceStartTalkExceptNpc);
p64	ptr-truncation	src/NPC/NpcEvent.cpp	421	54	error	cast from 'void (*)(TSpcTypedInterp<TEventWatcher>*, u32)' {aka 'void (*)(TSpcTypedInterp<TEventWatcher>*, unsigned int)'} to 'u32' {aka 'unsigned int'} loses precision [-fpermissive]	1	src/NPC/NpcEvent.cpp	param_1->bindSystemDataToSymbol("connectDummyNpc", (u32)&evConnectDummyNpc);
p64	ptr-truncation	src/NPC/NpcEvent.cpp	422	55	error	cast from 'void (*)(TSpcTypedInterp<TEventWatcher>*, u32)' {aka 'void (*)(TSpcTypedInterp<TEventWatcher>*, unsigned int)'} to 'u32' {aka 'unsigned int'} loses precision [-fpermissive]	1	src/NPC/NpcEvent.cpp	param_1->bindSystemDataToSymbol("onTalkToDummyNpc", (u32)&evOnTalkToDummyNpc);
p64	ptr-truncation	src/NPC/NpcEvent.cpp	423	59	error	cast from 'void (*)(TSpcTypedInterp<TEventWatcher>*, u32)' {aka 'void (*)(TSpcTypedInterp<TEventWatcher>*, unsigned int)'} to 'u32' {aka 'unsigned int'} loses precision [-fpermissive]	1	src/NPC/NpcEvent.cpp	param_1->bindSystemDataToSymbol("setNpcBalloonMessage", (u32)&evSetNpcBalloonMessage);
p64	ptr-truncation	src/NPC/NpcEvent.cpp	424	60	error	cast from 'void (*)(TSpcTypedInterp<TEventWatcher>*, u32)' {aka 'void (*)(TSpcTypedInterp<TEventWatcher>*, unsigned int)'} to 'u32' {aka 'unsigned int'} loses precision [-fpermissive]	1	src/NPC/NpcEvent.cpp	param_1->bindSystemDataToSymbol("setNpcTalkForbidCount", (u32)&evSetNpcTalkForbidCount);
p64	ptr-truncation	src/NPC/NpcEvent.cpp	425	49	error	cast from 'void (*)(TSpcTypedInterp<TEventWatcher>*, u32)' {aka 'void (*)(TSpcTypedInterp<TEventWatcher>*, unsigned int)'} to 'u32' {aka 'unsigned int'} loses precision [-fpermissive]	1	src/NPC/NpcEvent.cpp	param_1->bindSystemDataToSymbol("npcDanceOn", (u32)&evNpcDanceOn);
p64	ptr-truncation	src/NPC/NpcEvent.cpp	426	57	error	cast from 'void (*)(TSpcTypedInterp<TEventWatcher>*, u32)' {aka 'void (*)(TSpcTypedInterp<TEventWatcher>*, unsigned int)'} to 'u32' {aka 'unsigned int'} loses precision [-fpermissive]	1	src/NPC/NpcEvent.cpp	param_1->bindSystemDataToSymbol("npcDanceOffHappyOn", (u32)&evNpcDanceOffHappyOn);
p64	ptr-truncation	src/NPC/NpcEvent.cpp	427	52	error	cast from 'void (*)(TSpcTypedInterp<TEventWatcher>*, u32)' {aka 'void (*)(TSpcTypedInterp<TEventWatcher>*, unsigned int)'} to 'u32' {aka 'unsigned int'} loses precision [-fpermissive]	1	src/NPC/NpcEvent.cpp	param_1->bindSystemDataToSymbol("resetFruitNum", (u32)&evResetFruitNum);
p64	ptr-truncation	src/NPC/NpcEvent.cpp	428	50	error	cast from 'void (*)(TSpcTypedInterp<TEventWatcher>*, u32)' {aka 'void (*)(TSpcTypedInterp<TEventWatcher>*, unsigned int)'} to 'u32' {aka 'unsigned int'} loses precision [-fpermissive]	1	src/NPC/NpcEvent.cpp	param_1->bindSystemDataToSymbol("getFruitNum", (u32)&evGetFruitNum);
p64	ptr-truncation	src/NPC/NpcEvent.cpp	429	51	error	cast from 'void (*)(TSpcTypedInterp<TEventWatcher>*, u32)' {aka 'void (*)(TSpcTypedInterp<TEventWatcher>*, unsigned int)'} to 'u32' {aka 'unsigned int'} loses precision [-fpermissive]	1	src/NPC/NpcEvent.cpp	param_1->bindSystemDataToSymbol("setFruitType", (u32)&evSetFruitType);
p64	ptr-truncation	src/NPC/NpcEvent.cpp	430	58	error	cast from 'void (*)(TSpcTypedInterp<TEventWatcher>*, u32)' {aka 'void (*)(TSpcTypedInterp<TEventWatcher>*, unsigned int)'} to 'u32' {aka 'unsigned int'} loses precision [-fpermissive]	1	src/NPC/NpcEvent.cpp	param_1->bindSystemDataToSymbol("fireStartDemoCamera", (u32)&evFireStartDemoCamera);
p64	ptr-truncation	src/NPC/NpcEvent.cpp	431	49	error	cast from 'void (*)(TSpcTypedInterp<TEventWatcher>*, u32)' {aka 'void (*)(TSpcTypedInterp<TEventWatcher>*, unsigned int)'} to 'u32' {aka 'unsigned int'} loses precision [-fpermissive]	1	src/NPC/NpcEvent.cpp	param_1->bindSystemDataToSymbol("isDemoMode", (u32)&evIsDemoMode);
p64	ptr-truncation	src/NPC/NpcEvent.cpp	432	54	error	cast from 'void (*)(TSpcTypedInterp<TEventWatcher>*, u32)' {aka 'void (*)(TSpcTypedInterp<TEventWatcher>*, unsigned int)'} to 'u32' {aka 'unsigned int'} loses precision [-fpermissive]	1	src/NPC/NpcEvent.cpp	param_1->bindSystemDataToSymbol("checkMonteClear", (u32)&evCheckMonteClear);
p64	ptr-truncation	src/NPC/NpcEvent.cpp	496	52	error	cast from 'TBaseNPC*' to 'u32' {aka 'unsigned int'} loses precision [-fpermissive]	1	src/NPC/NpcEvent.cpp	(u32)npc, nullptr, demoFlag);
p64	ptr-truncation	src/Player/MarioParticle.cpp	497	25	error	cast from 'JPABaseParticle*' to 'int' loses precision [-fpermissive]	1	src/Player/MarioParticle.cpp	f32 factor = ((((int)particle >> 2) & 0x3F) / 16.0f);
p64	ptr-truncation	src/Strategic/liveinterp.cpp	635	45	error	cast from 'void (*)(TSpcTypedInterp<TLiveActor>*, u32)' {aka 'void (*)(TSpcTypedInterp<TLiveActor>*, unsigned int)'} to 'u32' {aka 'unsigned int'} loses precision [-fpermissive]	1	src/Strategic/liveinterp.cpp	bindSystemDataToSymbol("pushNerve", (u32)&linPushNerve);
p64	ptr-truncation	src/Strategic/liveinterp.cpp	636	42	error	cast from 'void (*)(TSpcTypedInterp<TLiveActor>*, u32)' {aka 'void (*)(TSpcTypedInterp<TLiveActor>*, unsigned int)'} to 'u32' {aka 'unsigned int'} loses precision [-fpermissive]	1	src/Strategic/liveinterp.cpp	bindSystemDataToSymbol("setBck", (u32)&linSetBck);
p64	ptr-truncation	src/Strategic/liveinterp.cpp	637	42	error	cast from 'void (*)(TSpcTypedInterp<TLiveActor>*, u32)' {aka 'void (*)(TSpcTypedInterp<TLiveActor>*, unsigned int)'} to 'u32' {aka 'unsigned int'} loses precision [-fpermissive]	1	src/Strategic/liveinterp.cpp	bindSystemDataToSymbol("setBpk", (u32)&linSetBpk);
p64	ptr-truncation	src/Strategic/liveinterp.cpp	638	42	error	cast from 'void (*)(TSpcTypedInterp<TLiveActor>*, u32)' {aka 'void (*)(TSpcTypedInterp<TLiveActor>*, unsigned int)'} to 'u32' {aka 'unsigned int'} loses precision [-fpermissive]	1	src/Strategic/liveinterp.cpp	bindSystemDataToSymbol("setBtp", (u32)&linSetBtp);
p64	ptr-truncation	src/Strategic/liveinterp.cpp	639	42	error	cast from 'void (*)(TSpcTypedInterp<TLiveActor>*, u32)' {aka 'void (*)(TSpcTypedInterp<TLiveActor>*, unsigned int)'} to 'u32' {aka 'unsigned int'} loses precision [-fpermissive]	1	src/Strategic/liveinterp.cpp	bindSystemDataToSymbol("setBtk", (u32)&linSetBtk);
p64	ptr-truncation	src/Strategic/liveinterp.cpp	640	42	error	cast from 'void (*)(TSpcTypedInterp<TLiveActor>*, u32)' {aka 'void (*)(TSpcTypedInterp<TLiveActor>*, unsigned int)'} to 'u32' {aka 'unsigned int'} loses precision [-fpermissive]	1	src/Strategic/liveinterp.cpp	bindSystemDataToSymbol("setBlk", (u32)&linSetBlk);
p64	ptr-truncation	src/Strategic/liveinterp.cpp	641	42	error	cast from 'void (*)(TSpcTypedInterp<TLiveActor>*, u32)' {aka 'void (*)(TSpcTypedInterp<TLiveActor>*, unsigned int)'} to 'u32' {aka 'unsigned int'} loses precision [-fpermissive]	1	src/Strategic/liveinterp.cpp	bindSystemDataToSymbol("setBls", (u32)&linSetBls);
p64	ptr-truncation	src/Strategic/liveinterp.cpp	642	42	error	cast from 'void (*)(TSpcTypedInterp<TLiveActor>*, u32)' {aka 'void (*)(TSpcTypedInterp<TLiveActor>*, unsigned int)'} to 'u32' {aka 'unsigned int'} loses precision [-fpermissive]	1	src/Strategic/liveinterp.cpp	bindSystemDataToSymbol("setSRT", (u32)&linSetSRT);
p64	ptr-truncation	src/Strategic/liveinterp.cpp	643	42	error	cast from 'void (*)(TSpcTypedInterp<TLiveActor>*, u32)' {aka 'void (*)(TSpcTypedInterp<TLiveActor>*, unsigned int)'} to 'u32' {aka 'unsigned int'} loses precision [-fpermissive]	1	src/Strategic/liveinterp.cpp	bindSystemDataToSymbol("getSRT", (u32)&linGetSRT);
p64	ptr-truncation	src/Strategic/liveinterp.cpp	644	46	error	cast from 'void (*)(TSpcTypedInterp<TLiveActor>*, u32)' {aka 'void (*)(TSpcTypedInterp<TLiveActor>*, unsigned int)'} to 'u32' {aka 'unsigned int'} loses precision [-fpermissive]	1	src/Strategic/liveinterp.cpp	bindSystemDataToSymbol("setAnmRate", (u32)&linSetAnmRate);
p64	ptr-truncation	src/Strategic/spcinterp.cpp	138	41	error	cast from 'void (*)(TSpcInterp*, u32)' {aka 'void (*)(TSpcInterp*, unsigned int)'} to 'u32' {aka 'unsigned int'} loses precision [-fpermissive]	1	src/Strategic/spcinterp.cpp	bindSystemDataToSymbol("yield", (u32)&spcYield);
p64	ptr-truncation	src/Strategic/spcinterp.cpp	139	40	error	cast from 'void (*)(TSpcInterp*, u32)' {aka 'void (*)(TSpcInterp*, unsigned int)'} to 'u32' {aka 'unsigned int'} loses precision [-fpermissive]	1	src/Strategic/spcinterp.cpp	bindSystemDataToSymbol("exit", (u32)&spcExit);
p64	ptr-truncation	src/Strategic/spcinterp.cpp	140	40	error	cast from 'void (*)(TSpcInterp*, u32)' {aka 'void (*)(TSpcInterp*, unsigned int)'} to 'u32' {aka 'unsigned int'} loses precision [-fpermissive]	1	src/Strategic/spcinterp.cpp	bindSystemDataToSymbol("lock", (u32)&spcLock);
p64	ptr-truncation	src/Strategic/spcinterp.cpp	141	42	error	cast from 'void (*)(TSpcInterp*, u32)' {aka 'void (*)(TSpcInterp*, unsigned int)'} to 'u32' {aka 'unsigned int'} loses precision [-fpermissive]	1	src/Strategic/spcinterp.cpp	bindSystemDataToSymbol("unlock", (u32)&spcUnlock);
p64	ptr-truncation	src/Strategic/spcinterp.cpp	142	41	error	cast from 'void (*)(TSpcInterp*, u32)' {aka 'void (*)(TSpcInterp*, unsigned int)'} to 'u32' {aka 'unsigned int'} loses precision [-fpermissive]	1	src/Strategic/spcinterp.cpp	bindSystemDataToSymbol("print", (u32)&spcPrint);
p64	ptr-truncation	src/Strategic/spcinterp.cpp	143	40	error	cast from 'void (*)(TSpcInterp*, u32)' {aka 'void (*)(TSpcInterp*, unsigned int)'} to 'u32' {aka 'unsigned int'} loses precision [-fpermissive]	1	src/Strategic/spcinterp.cpp	bindSystemDataToSymbol("dump", (u32)&spcDump);
p64	ptr-truncation	src/Strategic/spcinterp.cpp	144	39	error	cast from 'void (*)(TSpcInterp*, u32)' {aka 'void (*)(TSpcInterp*, unsigned int)'} to 'u32' {aka 'unsigned int'} loses precision [-fpermissive]	1	src/Strategic/spcinterp.cpp	bindSystemDataToSymbol("int", (u32)&spcInt);
p64	ptr-truncation	src/Strategic/spcinterp.cpp	145	41	error	cast from 'void (*)(TSpcInterp*, u32)' {aka 'void (*)(TSpcInterp*, unsigned int)'} to 'u32' {aka 'unsigned int'} loses precision [-fpermissive]	1	src/Strategic/spcinterp.cpp	bindSystemDataToSymbol("float", (u32)&spcFloat);
p64	ptr-truncation	src/Strategic/spcinterp.cpp	146	42	error	cast from 'void (*)(TSpcInterp*, u32)' {aka 'void (*)(TSpcInterp*, unsigned int)'} to 'u32' {aka 'unsigned int'} loses precision [-fpermissive]	1	src/Strategic/spcinterp.cpp	bindSystemDataToSymbol("typeof", (u32)&spcTypeof);
p64	ptr-truncation	src/System/EventWatcher.cpp	74	22	error	cast from 'JDrama::TNameRef*' to 'int' loses precision [-fpermissive]	1	src/System/EventWatcher.cpp	interp->push((int)ref);
p64	ptr-truncation	src/System/EventWatcher.cpp	296	33	error	cast from 'TBaseNPC*' to 'int' loses precision [-fpermissive]	1	src/System/EventWatcher.cpp	interp->push(!npc ? 0 : (int)npc);
p64	ptr-truncation	src/System/EventWatcher.cpp	1597	43	error	cast from 'void (*)(TSpcTypedInterp<TEventWatcher>*, u32)' {aka 'void (*)(TSpcTypedInterp<TEventWatcher>*, unsigned int)'} to 'u32' {aka 'unsigned int'} loses precision [-fpermissive]	1	src/System/EventWatcher.cpp	bindSystemDataToSymbol("getSystemFlag", (u32)&evGetSystemFlag);
p64	ptr-truncation	src/System/EventWatcher.cpp	1598	43	error	cast from 'void (*)(TSpcTypedInterp<TEventWatcher>*, u32)' {aka 'void (*)(TSpcTypedInterp<TEventWatcher>*, unsigned int)'} to 'u32' {aka 'unsigned int'} loses precision [-fpermissive]	1	src/System/EventWatcher.cpp	bindSystemDataToSymbol("setSystemFlag", (u32)&evSetSystemFlag);
p64	ptr-truncation	src/System/EventWatcher.cpp	1599	46	error	cast from 'void (*)(TSpcTypedInterp<TEventWatcher>*, u32)' {aka 'void (*)(TSpcTypedInterp<TEventWatcher>*, unsigned int)'} to 'u32' {aka 'unsigned int'} loses precision [-fpermissive]	1	src/System/EventWatcher.cpp	bindSystemDataToSymbol("getNameRefHandle", (u32)&evGetNameRefHandle);
p64	ptr-truncation	src/System/EventWatcher.cpp	1600	44	error	cast from 'void (*)(TSpcTypedInterp<TEventWatcher>*, u32)' {aka 'void (*)(TSpcTypedInterp<TEventWatcher>*, unsigned int)'} to 'u32' {aka 'unsigned int'} loses precision [-fpermissive]	1	src/System/EventWatcher.cpp	bindSystemDataToSymbol("getNameRefName", (u32)&evGetNameRefName);
p64	ptr-truncation	src/System/EventWatcher.cpp	1601	40	error	cast from 'void (*)(TSpcTypedInterp<TEventWatcher>*, u32)' {aka 'void (*)(TSpcTypedInterp<TEventWatcher>*, unsigned int)'} to 'u32' {aka 'unsigned int'} loses precision [-fpermissive]	1	src/System/EventWatcher.cpp	bindSystemDataToSymbol("getNPCType", (u32)&evGetNPCType);
p64	ptr-truncation	src/System/EventWatcher.cpp	1602	48	error	cast from 'void (*)(TSpcTypedInterp<TEventWatcher>*, u32)' {aka 'void (*)(TSpcTypedInterp<TEventWatcher>*, unsigned int)'} to 'u32' {aka 'unsigned int'} loses precision [-fpermissive]	1	src/System/EventWatcher.cpp	bindSystemDataToSymbol("setFlagNPCDontTalk", (u32)&evSetFlagNPCDontTalk);
p64	ptr-truncation	src/System/EventWatcher.cpp	1603	49	error	cast from 'void (*)(TSpcTypedInterp<TEventWatcher>*, u32)' {aka 'void (*)(TSpcTypedInterp<TEventWatcher>*, unsigned int)'} to 'u32' {aka 'unsigned int'} loses precision [-fpermissive]	1	src/System/EventWatcher.cpp	bindSystemDataToSymbol("setFlagNPCDontThrow", (u32)&evSetFlagNPCDontThrow);
p64	ptr-truncation	src/System/EventWatcher.cpp	1604	44	error	cast from 'void (*)(TSpcTypedInterp<TEventWatcher>*, u32)' {aka 'void (*)(TSpcTypedInterp<TEventWatcher>*, unsigned int)'} to 'u32' {aka 'unsigned int'} loses precision [-fpermissive]	1	src/System/EventWatcher.cpp	bindSystemDataToSymbol("setFlagNPCDead", (u32)&evSetFlagNPCDead);
p64	ptr-truncation	src/System/EventWatcher.cpp	1605	46	error	cast from 'void (*)(TSpcTypedInterp<TEventWatcher>*, u32)' {aka 'void (*)(TSpcTypedInterp<TEventWatcher>*, unsigned int)'} to 'u32' {aka 'unsigned int'} loses precision [-fpermissive]	1	src/System/EventWatcher.cpp	bindSystemDataToSymbol("isNearSameActors", (u32)&evIsNearSameActors);
p64	ptr-truncation	src/System/EventWatcher.cpp	1606	42	error	cast from 'void (*)(TSpcTypedInterp<TEventWatcher>*, u32)' {aka 'void (*)(TSpcTypedInterp<TEventWatcher>*, unsigned int)'} to 'u32' {aka 'unsigned int'} loses precision [-fpermissive]	1	src/System/EventWatcher.cpp	bindSystemDataToSymbol("isNearActors", (u32)&evIsNearActors);
p64	ptr-truncation	src/System/EventWatcher.cpp	1607	40	error	cast from 'void (*)(TSpcTypedInterp<TEventWatcher>*, u32)' {aka 'void (*)(TSpcTypedInterp<TEventWatcher>*, unsigned int)'} to 'u32' {aka 'unsigned int'} loses precision [-fpermissive]	1	src/System/EventWatcher.cpp	bindSystemDataToSymbol("getTalkNPC", (u32)&evGetTalkNPC);
p64	ptr-truncation	src/System/EventWatcher.cpp	1608	44	error	cast from 'void (*)(TSpcTypedInterp<TEventWatcher>*, u32)' {aka 'void (*)(TSpcTypedInterp<TEventWatcher>*, unsigned int)'} to 'u32' {aka 'unsigned int'} loses precision [-fpermissive]	1	src/System/EventWatcher.cpp	bindSystemDataToSymbol("getTalkNPCName", (u32)&evGetTalkNPCName);
p64	ptr-truncation	src/System/EventWatcher.cpp	1609	42	error	cast from 'void (*)(TSpcTypedInterp<TEventWatcher>*, u32)' {aka 'void (*)(TSpcTypedInterp<TEventWatcher>*, unsigned int)'} to 'u32' {aka 'unsigned int'} loses precision [-fpermissive]	1	src/System/EventWatcher.cpp	bindSystemDataToSymbol("setTalkMsgID", (u32)&evSetTalkMsgID);
p64	ptr-truncation	src/System/EventWatcher.cpp	1610	41	error	cast from 'void (*)(TSpcTypedInterp<TEventWatcher>*, u32)' {aka 'void (*)(TSpcTypedInterp<TEventWatcher>*, unsigned int)'} to 'u32' {aka 'unsigned int'} loses precision [-fpermissive]	1	src/System/EventWatcher.cpp	bindSystemDataToSymbol("getTalkMode", (u32)&evGetTalkMode);
p64	ptr-truncation	src/System/EventWatcher.cpp	1611	50	error	cast from 'void (*)(TSpcTypedInterp<TEventWatcher>*, u32)' {aka 'void (*)(TSpcTypedInterp<TEventWatcher>*, unsigned int)'} to 'u32' {aka 'unsigned int'} loses precision [-fpermissive]	1	src/System/EventWatcher.cpp	bindSystemDataToSymbol("getTalkSelectedValue", (u32)&evGetTalkSelectedValue);
p64	ptr-truncation	src/System/EventWatcher.cpp	1612	51	error	cast from 'void (*)(TSpcTypedInterp<TEventWatcher>*, u32)' {aka 'void (*)(TSpcTypedInterp<TEventWatcher>*, unsigned int)'} to 'u32' {aka 'unsigned int'} loses precision [-fpermissive]	1	src/System/EventWatcher.cpp	bindSystemDataToSymbol("setValue2TalkVariable", (u32)&evSetValue2TalkVariable);
p64	ptr-truncation	src/System/EventWatcher.cpp	1613	43	error	cast from 'void (*)(TSpcTypedInterp<TEventWatcher>*, u32)' {aka 'void (*)(TSpcTypedInterp<TEventWatcher>*, unsigned int)'} to 'u32' {aka 'unsigned int'} loses precision [-fpermissive]	1	src/System/EventWatcher.cpp	bindSystemDataToSymbol("isTalkModeNow", (u32)&evIsTalkModeNow);
p64	ptr-truncation	src/System/EventWatcher.cpp	1614	48	error	cast from 'void (*)(TSpcTypedInterp<TEventWatcher>*, u32)' {aka 'void (*)(TSpcTypedInterp<TEventWatcher>*, unsigned int)'} to 'u32' {aka 'unsigned int'} loses precision [-fpermissive]	1	src/System/EventWatcher.cpp	bindSystemDataToSymbol("setFlagNPCCanTaken", (u32)&evSetFlagNPCCanTaken);
p64	ptr-truncation	src/System/EventWatcher.cpp	1615	49	error	cast from 'void (*)(TSpcTypedInterp<TEventWatcher>*, u32)' {aka 'void (*)(TSpcTypedInterp<TEventWatcher>*, unsigned int)'} to 'u32' {aka 'unsigned int'} loses precision [-fpermissive]	1	src/System/EventWatcher.cpp	bindSystemDataToSymbol("pushNerve4LiveActor", (u32)&evPushNerve4LiveActor);
p64	ptr-truncation	src/System/EventWatcher.cpp	1616	47	error	cast from 'void (*)(TSpcTypedInterp<TEventWatcher>*, u32)' {aka 'void (*)(TSpcTypedInterp<TEventWatcher>*, unsigned int)'} to 'u32' {aka 'unsigned int'} loses precision [-fpermissive]	1	src/System/EventWatcher.cpp	bindSystemDataToSymbol("isOnLiveActorFlag", (u32)&evIsOnLiveActorFlag);
p64	ptr-truncation	src/System/EventWatcher.cpp	1617	47	error	cast from 'void (*)(TSpcTypedInterp<TEventWatcher>*, u32)' {aka 'void (*)(TSpcTypedInterp<TEventWatcher>*, unsigned int)'} to 'u32' {aka 'unsigned int'} loses precision [-fpermissive]	1	src/System/EventWatcher.cpp	bindSystemDataToSymbol("setHide4LiveActor", (u32)&evSetHide4LiveActor);
p64	ptr-truncation	src/System/EventWatcher.cpp	1618	47	error	cast from 'void (*)(TSpcTypedInterp<TEventWatcher>*, u32)' {aka 'void (*)(TSpcTypedInterp<TEventWatcher>*, unsigned int)'} to 'u32' {aka 'unsigned int'} loses precision [-fpermissive]	1	src/System/EventWatcher.cpp	bindSystemDataToSymbol("setDead4LiveActor", (u32)&evSetDead4LiveActor);
p64	ptr-truncation	src/System/EventWatcher.cpp	1619	42	error	cast from 'void (*)(TSpcTypedInterp<TEventWatcher>*, u32)' {aka 'void (*)(TSpcTypedInterp<TEventWatcher>*, unsigned int)'} to 'u32' {aka 'unsigned int'} loses precision [-fpermissive]	1	src/System/EventWatcher.cpp	bindSystemDataToSymbol("setTimeLimit", (u32)&evSetTimeLimit);
p64	ptr-truncation	src/System/EventWatcher.cpp	1620	46	error	cast from 'void (*)(TSpcTypedInterp<TEventWatcher>*, u32)' {aka 'void (*)(TSpcTypedInterp<TEventWatcher>*, unsigned int)'} to 'u32' {aka 'unsigned int'} loses precision [-fpermissive]	1	src/System/EventWatcher.cpp	bindSystemDataToSymbol("setAttentionTime", (u32)&evSetAttentionTime);
p64	ptr-truncation	src/System/EventWatcher.cpp	1621	55	error	cast from 'void (*)(TSpcTypedInterp<TEventWatcher>*, u32)' {aka 'void (*)(TSpcTypedInterp<TEventWatcher>*, unsigned int)'} to 'u32' {aka 'unsigned int'} loses precision [-fpermissive]	1	src/System/EventWatcher.cpp	bindSystemDataToSymbol("setPollutionIncreaseCount", (u32)&evSetPollutionIncreaseCount);
p64	ptr-truncation	src/System/EventWatcher.cpp	1622	41	error	cast from 'void (*)(TSpcTypedInterp<TEventWatcher>*, u32)' {aka 'void (*)(TSpcTypedInterp<TEventWatcher>*, unsigned int)'} to 'u32' {aka 'unsigned int'} loses precision [-fpermissive]	1	src/System/EventWatcher.cpp	bindSystemDataToSymbol("getRestTime", (u32)&evGetRestTime);
p64	ptr-truncation	src/System/EventWatcher.cpp	1623	47	error	cast from 'void (*)(TSpcTypedInterp<TEventWatcher>*, u32)' {aka 'void (*)(TSpcTypedInterp<TEventWatcher>*, unsigned int)'} to 'u32' {aka 'unsigned int'} loses precision [-fpermissive]	1	src/System/EventWatcher.cpp	bindSystemDataToSymbol("getPollutionLevel", (u32)&evGetPollutionLevel);
p64	ptr-truncation	src/System/EventWatcher.cpp	1624	42	error	cast from 'void (*)(TSpcTypedInterp<TEventWatcher>*, u32)' {aka 'void (*)(TSpcTypedInterp<TEventWatcher>*, unsigned int)'} to 'u32' {aka 'unsigned int'} loses precision [-fpermissive]	1	src/System/EventWatcher.cpp	bindSystemDataToSymbol("setNextStage", (u32)&evSetNextStage);
p64	ptr-truncation	src/System/EventWatcher.cpp	1625	43	error	cast from 'void (*)(TSpcTypedInterp<TEventWatcher>*, u32)' {aka 'void (*)(TSpcTypedInterp<TEventWatcher>*, unsigned int)'} to 'u32' {aka 'unsigned int'} loses precision [-fpermissive]	1	src/System/EventWatcher.cpp	bindSystemDataToSymbol("registerMovie", (u32)&evRegisterMovie);
p64	ptr-truncation	src/System/EventWatcher.cpp	1626	38	error	cast from 'void (*)(TSpcTypedInterp<TEventWatcher>*, u32)' {aka 'void (*)(TSpcTypedInterp<TEventWatcher>*, unsigned int)'} to 'u32' {aka 'unsigned int'} loses precision [-fpermissive]	1	src/System/EventWatcher.cpp	bindSystemDataToSymbol("gameOver", (u32)&evGameOver);
p64	ptr-truncation	src/System/EventWatcher.cpp	1627	49	error	cast from 'void (*)(TSpcTypedInterp<TEventWatcher>*, u32)' {aka 'void (*)(TSpcTypedInterp<TEventWatcher>*, unsigned int)'} to 'u32' {aka 'unsigned int'} loses precision [-fpermissive]	1	src/System/EventWatcher.cpp	bindSystemDataToSymbol("isGraffitoCoverage0", (u32)&evIsGraffitoCoverage0);
p64	ptr-truncation	src/System/EventWatcher.cpp	1628	51	error	cast from 'void (*)(TSpcTypedInterp<TEventWatcher>*, u32)' {aka 'void (*)(TSpcTypedInterp<TEventWatcher>*, unsigned int)'} to 'u32' {aka 'unsigned int'} loses precision [-fpermissive]	1	src/System/EventWatcher.cpp	bindSystemDataToSymbol("setGraffitoMultiplied", (u32)&evSetGraffitoMultiplied);
p64	ptr-truncation	src/System/EventWatcher.cpp	1629	44	error	cast from 'void (*)(TSpcTypedInterp<TEventWatcher>*, u32)' {aka 'void (*)(TSpcTypedInterp<TEventWatcher>*, unsigned int)'} to 'u32' {aka 'unsigned int'} loses precision [-fpermissive]	1	src/System/EventWatcher.cpp	bindSystemDataToSymbol("isBossDefeated", (u32)&evIsBossDefeated);
p64	ptr-truncation	src/System/EventWatcher.cpp	1630	50	error	cast from 'void (*)(TSpcTypedInterp<TEventWatcher>*, u32)' {aka 'void (*)(TSpcTypedInterp<TEventWatcher>*, unsigned int)'} to 'u32' {aka 'unsigned int'} loses precision [-fpermissive]	1	src/System/EventWatcher.cpp	bindSystemDataToSymbol("launchEventClearDemo", (u32)&evLaunchEventClearDemo);
p64	ptr-truncation	src/System/EventWatcher.cpp	1631	51	error	cast from 'void (*)(TSpcTypedInterp<TEventWatcher>*, u32)' {aka 'void (*)(TSpcTypedInterp<TEventWatcher>*, unsigned int)'} to 'u32' {aka 'unsigned int'} loses precision [-fpermissive]	1	src/System/EventWatcher.cpp	bindSystemDataToSymbol("isEMarioReachedToGoal", (u32)&evIsEMarioReachedToGoal);
p64	ptr-truncation	src/System/EventWatcher.cpp	1632	55	error	cast from 'void (*)(TSpcTypedInterp<TEventWatcher>*, u32)' {aka 'void (*)(TSpcTypedInterp<TEventWatcher>*, unsigned int)'} to 'u32' {aka 'unsigned int'} loses precision [-fpermissive]	1	src/System/EventWatcher.cpp	bindSystemDataToSymbol("isEMarioDownWaitingToTalk", (u32)&evIsEMarioDownWaitingToTalk);
p64	ptr-truncation	src/System/EventWatcher.cpp	1633	48	error	cast from 'void (*)(TSpcTypedInterp<TEventWatcher>*, u32)' {aka 'void (*)(TSpcTypedInterp<TEventWatcher>*, unsigned int)'} to 'u32' {aka 'unsigned int'} loses precision [-fpermissive]	1	src/System/EventWatcher.cpp	bindSystemDataToSymbol("startEMarioRunAway", (u32)&evStartEMarioRunAway);
p64	ptr-truncation	src/System/EventWatcher.cpp	1634	52	error	cast from 'void (*)(TSpcTypedInterp<TEventWatcher>*, u32)' {aka 'void (*)(TSpcTypedInterp<TEventWatcher>*, unsigned int)'} to 'u32' {aka 'unsigned int'} loses precision [-fpermissive]	1	src/System/EventWatcher.cpp	bindSystemDataToSymbol("startEMarioGateDrawing", (u32)&evStartEMarioGateDrawing);
p64	ptr-truncation	src/System/EventWatcher.cpp	1635	50	error	cast from 'void (*)(TSpcTypedInterp<TEventWatcher>*, u32)' {aka 'void (*)(TSpcTypedInterp<TEventWatcher>*, unsigned int)'} to 'u32' {aka 'unsigned int'} loses precision [-fpermissive]	1	src/System/EventWatcher.cpp	bindSystemDataToSymbol("startEMarioDisappear", (u32)&evStartEMarioDisappear);
p64	ptr-truncation	src/System/EventWatcher.cpp	1636	48	error	cast from 'void (*)(TSpcTypedInterp<TEventWatcher>*, u32)' {aka 'void (*)(TSpcTypedInterp<TEventWatcher>*, unsigned int)'} to 'u32' {aka 'unsigned int'} loses precision [-fpermissive]	1	src/System/EventWatcher.cpp	bindSystemDataToSymbol("startOpenModelGate", (u32)&evStartOpenModelGate);
p64	ptr-truncation	src/System/EventWatcher.cpp	1637	51	error	cast from 'void (*)(TSpcTypedInterp<TEventWatcher>*, u32)' {aka 'void (*)(TSpcTypedInterp<TEventWatcher>*, unsigned int)'} to 'u32' {aka 'unsigned int'} loses precision [-fpermissive]	1	src/System/EventWatcher.cpp	bindSystemDataToSymbol("isMapEventFinishedAll", (u32)&evIsMapEventFinishedAll);
p64	ptr-truncation	src/System/EventWatcher.cpp	1638	43	error	cast from 'void (*)(TSpcTypedInterp<TEventWatcher>*, u32)' {aka 'void (*)(TSpcTypedInterp<TEventWatcher>*, unsigned int)'} to 'u32' {aka 'unsigned int'} loses precision [-fpermissive]	1	src/System/EventWatcher.cpp	bindSystemDataToSymbol("raiseBuilding", (u32)&evRaiseBuilding);
p64	ptr-truncation	src/System/EventWatcher.cpp	1639	44	error	cast from 'void (*)(TSpcTypedInterp<TEventWatcher>*, u32)' {aka 'void (*)(TSpcTypedInterp<TEventWatcher>*, unsigned int)'} to 'u32' {aka 'unsigned int'} loses precision [-fpermissive]	1	src/System/EventWatcher.cpp	bindSystemDataToSymbol("forceCloseTalk", (u32)&evForceCloseTalk);
p64	ptr-truncation	src/System/EventWatcher.cpp	1640	41	error	cast from 'void (*)(TSpcTypedInterp<TEventWatcher>*, u32)' {aka 'void (*)(TSpcTypedInterp<TEventWatcher>*, unsigned int)'} to 'u32' {aka 'unsigned int'} loses precision [-fpermissive]	1	src/System/EventWatcher.cpp	bindSystemDataToSymbol("insertTimer", (u32)&evInsertTimer);
p64	ptr-truncation	src/System/EventWatcher.cpp	1641	40	error	cast from 'void (*)(TSpcTypedInterp<TEventWatcher>*, u32)' {aka 'void (*)(TSpcTypedInterp<TEventWatcher>*, unsigned int)'} to 'u32' {aka 'unsigned int'} loses precision [-fpermissive]	1	src/System/EventWatcher.cpp	bindSystemDataToSymbol("startTimer", (u32)&evStartTimer);
p64	ptr-truncation	src/System/EventWatcher.cpp	1642	43	error	cast from 'void (*)(TSpcTypedInterp<TEventWatcher>*, u32)' {aka 'void (*)(TSpcTypedInterp<TEventWatcher>*, unsigned int)'} to 'u32' {aka 'unsigned int'} loses precision [-fpermissive]	1	src/System/EventWatcher.cpp	bindSystemDataToSymbol("startMonteman", (u32)&evStartMonteman);
p64	ptr-truncation	src/System/EventWatcher.cpp	1643	39	error	cast from 'void (*)(TSpcTypedInterp<TEventWatcher>*, u32)' {aka 'void (*)(TSpcTypedInterp<TEventWatcher>*, unsigned int)'} to 'u32' {aka 'unsigned int'} loses precision [-fpermissive]	1	src/System/EventWatcher.cpp	bindSystemDataToSymbol("stopTimer", (u32)&evStopTimer);
p64	ptr-truncation	src/System/EventWatcher.cpp	1644	47	error	cast from 'void (*)(TSpcTypedInterp<TEventWatcher>*, u32)' {aka 'void (*)(TSpcTypedInterp<TEventWatcher>*, unsigned int)'} to 'u32' {aka 'unsigned int'} loses precision [-fpermissive]	1	src/System/EventWatcher.cpp	bindSystemDataToSymbol("monteManReachFlag", (u32)&evMonteManReachFlag);
p64	ptr-truncation	src/System/EventWatcher.cpp	1645	37	error	cast from 'void (*)(TSpcTypedInterp<TEventWatcher>*, u32)' {aka 'void (*)(TSpcTypedInterp<TEventWatcher>*, unsigned int)'} to 'u32' {aka 'unsigned int'} loses precision [-fpermissive]	1	src/System/EventWatcher.cpp	bindSystemDataToSymbol("getTime", (u32)&evGetTime);
p64	ptr-truncation	src/System/EventWatcher.cpp	1646	39	error	cast from 'void (*)(TSpcTypedInterp<TEventWatcher>*, u32)' {aka 'void (*)(TSpcTypedInterp<TEventWatcher>*, unsigned int)'} to 'u32' {aka 'unsigned int'} loses precision [-fpermissive]	1	src/System/EventWatcher.cpp	bindSystemDataToSymbol("killShine", (u32)&evKillShine);
p64	ptr-truncation	src/System/EventWatcher.cpp	1647	45	error	cast from 'void (*)(TSpcTypedInterp<TEventWatcher>*, u32)' {aka 'void (*)(TSpcTypedInterp<TEventWatcher>*, unsigned int)'} to 'u32' {aka 'unsigned int'} loses precision [-fpermissive]	1	src/System/EventWatcher.cpp	bindSystemDataToSymbol("killMushroom1up", (u32)&evKillMushroom1up);
p64	ptr-truncation	src/System/EventWatcher.cpp	1648	47	error	cast from 'void (*)(TSpcTypedInterp<TEventWatcher>*, u32)' {aka 'void (*)(TSpcTypedInterp<TEventWatcher>*, unsigned int)'} to 'u32' {aka 'unsigned int'} loses precision [-fpermissive]	1	src/System/EventWatcher.cpp	bindSystemDataToSymbol("appearMushroom1up", (u32)&evAppearMushroom1up);
p64	ptr-truncation	src/System/EventWatcher.cpp	1649	48	error	cast from 'void (*)(TSpcTypedInterp<TEventWatcher>*, u32)' {aka 'void (*)(TSpcTypedInterp<TEventWatcher>*, unsigned int)'} to 'u32' {aka 'unsigned int'} loses precision [-fpermissive]	1	src/System/EventWatcher.cpp	bindSystemDataToSymbol("appearShineFromNPC", (u32)&evAppearShineFromNPC);
p64	ptr-truncation	src/System/EventWatcher.cpp	1650	59	error	cast from 'void (*)(TSpcTypedInterp<TEventWatcher>*, u32)' {aka 'void (*)(TSpcTypedInterp<TEventWatcher>*, unsigned int)'} to 'u32' {aka 'unsigned int'} loses precision [-fpermissive]	1	src/System/EventWatcher.cpp	bindSystemDataToSymbol("appearShineFromNPCWithoutDemo", (u32)&evAppearShineFromNPCWithoutDemo);
p64	ptr-truncation	src/System/EventWatcher.cpp	1651	54	error	cast from 'void (*)(TSpcTypedInterp<TEventWatcher>*, u32)' {aka 'void (*)(TSpcTypedInterp<TEventWatcher>*, unsigned int)'} to 'u32' {aka 'unsigned int'} loses precision [-fpermissive]	1	src/System/EventWatcher.cpp	bindSystemDataToSymbol("appearShineFromKageMario", (u32)&evAppearShineFromKageMario);
p64	ptr-truncation	src/System/EventWatcher.cpp	1652	41	error	cast from 'void (*)(TSpcTypedInterp<TEventWatcher>*, u32)' {aka 'void (*)(TSpcTypedInterp<TEventWatcher>*, unsigned int)'} to 'u32' {aka 'unsigned int'} loses precision [-fpermissive]	1	src/System/EventWatcher.cpp	bindSystemDataToSymbol("appearShine", (u32)&evAppearShine);
p64	ptr-truncation	src/System/EventWatcher.cpp	1653	51	error	cast from 'void (*)(TSpcTypedInterp<TEventWatcher>*, u32)' {aka 'void (*)(TSpcTypedInterp<TEventWatcher>*, unsigned int)'} to 'u32' {aka 'unsigned int'} loses precision [-fpermissive]	1	src/System/EventWatcher.cpp	bindSystemDataToSymbol("appearShineForWoodBox", (u32)&evAppearShineForWoodBox);
p64	ptr-truncation	src/System/EventWatcher.cpp	1654	42	error	cast from 'void (*)(TSpcTypedInterp<TEventWatcher>*, u32)' {aka 'void (*)(TSpcTypedInterp<TEventWatcher>*, unsigned int)'} to 'u32' {aka 'unsigned int'} loses precision [-fpermissive]	1	src/System/EventWatcher.cpp	bindSystemDataToSymbol("changeNozzle", (u32)&evChangeNozzle);
p64	ptr-truncation	src/System/EventWatcher.cpp	1655	47	error	cast from 'void (*)(TSpcTypedInterp<TEventWatcher>*, u32)' {aka 'void (*)(TSpcTypedInterp<TEventWatcher>*, unsigned int)'} to 'u32' {aka 'unsigned int'} loses precision [-fpermissive]	1	src/System/EventWatcher.cpp	bindSystemDataToSymbol("startMarioTalking", (u32)&evStartMarioTalking);
p64	ptr-truncation	src/System/EventWatcher.cpp	1656	42	error	cast from 'void (*)(TSpcTypedInterp<TEventWatcher>*, u32)' {aka 'void (*)(TSpcTypedInterp<TEventWatcher>*, unsigned int)'} to 'u32' {aka 'unsigned int'} loses precision [-fpermissive]	1	src/System/EventWatcher.cpp	bindSystemDataToSymbol("isInsideCube", (u32)&evIsInsideCube);
p64	ptr-truncation	src/System/EventWatcher.cpp	1657	45	error	cast from 'void (*)(TSpcTypedInterp<TEventWatcher>*, u32)' {aka 'void (*)(TSpcTypedInterp<TEventWatcher>*, unsigned int)'} to 'u32' {aka 'unsigned int'} loses precision [-fpermissive]	1	src/System/EventWatcher.cpp	bindSystemDataToSymbol("setMarioWaiting", (u32)&evSetMarioWaiting);
p64	ptr-truncation	src/System/EventWatcher.cpp	1658	43	error	cast from 'void (*)(TSpcTypedInterp<TEventWatcher>*, u32)' {aka 'void (*)(TSpcTypedInterp<TEventWatcher>*, unsigned int)'} to 'u32' {aka 'unsigned int'} loses precision [-fpermissive]	1	src/System/EventWatcher.cpp	bindSystemDataToSymbol("setTransScale", (u32)&evSetTransScale);
p64	ptr-truncation	src/System/EventWatcher.cpp	1659	40	error	cast from 'void (*)(TSpcTypedInterp<TEventWatcher>*, u32)' {aka 'void (*)(TSpcTypedInterp<TEventWatcher>*, unsigned int)'} to 'u32' {aka 'unsigned int'} loses precision [-fpermissive]	1	src/System/EventWatcher.cpp	bindSystemDataToSymbol("setEventID", (u32)&evSetEventID);
p64	ptr-truncation	src/System/EventWatcher.cpp	1660	38	error	cast from 'void (*)(TSpcTypedInterp<TEventWatcher>*, u32)' {aka 'void (*)(TSpcTypedInterp<TEventWatcher>*, unsigned int)'} to 'u32' {aka 'unsigned int'} loses precision [-fpermissive]	1	src/System/EventWatcher.cpp	bindSystemDataToSymbol("startBGM", (u32)&evStartBGM);
p64	ptr-truncation	src/System/EventWatcher.cpp	1661	37	error	cast from 'void (*)(TSpcTypedInterp<TEventWatcher>*, u32)' {aka 'void (*)(TSpcTypedInterp<TEventWatcher>*, unsigned int)'} to 'u32' {aka 'unsigned int'} loses precision [-fpermissive]	1	src/System/EventWatcher.cpp	bindSystemDataToSymbol("stopBGM", (u32)&evStopBGM);
p64	ptr-truncation	src/System/EventWatcher.cpp	1662	39	error	cast from 'void (*)(TSpcTypedInterp<TEventWatcher>*, u32)' {aka 'void (*)(TSpcTypedInterp<TEventWatcher>*, unsigned int)'} to 'u32' {aka 'unsigned int'} loses precision [-fpermissive]	1	src/System/EventWatcher.cpp	bindSystemDataToSymbol("startMiss", (u32)&evStartMiss);
p64	ptr-truncation	src/System/EventWatcher.cpp	1663	37	error	cast from 'void (*)(TSpcTypedInterp<TEventWatcher>*, u32)' {aka 'void (*)(TSpcTypedInterp<TEventWatcher>*, unsigned int)'} to 'u32' {aka 'unsigned int'} loses precision [-fpermissive]	1	src/System/EventWatcher.cpp	bindSystemDataToSymbol("startSE", (u32)&evStartSE);
p64	ptr-truncation	src/System/EventWatcher.cpp	1664	42	error	cast from 'void (*)(TSpcTypedInterp<TEventWatcher>*, u32)' {aka 'void (*)(TSpcTypedInterp<TEventWatcher>*, unsigned int)'} to 'u32' {aka 'unsigned int'} loses precision [-fpermissive]	1	src/System/EventWatcher.cpp	bindSystemDataToSymbol("startEventSE", (u32)&evStartEventSE);
p64	ptr-truncation	src/System/EventWatcher.cpp	1665	44	error	cast from 'void (*)(TSpcTypedInterp<TEventWatcher>*, u32)' {aka 'void (*)(TSpcTypedInterp<TEventWatcher>*, unsigned int)'} to 'u32' {aka 'unsigned int'} loses precision [-fpermissive]	1	src/System/EventWatcher.cpp	bindSystemDataToSymbol("changeSunglass", (u32)&evChangeSunglass);
p64	ptr-truncation	src/System/EventWatcher.cpp	1666	42	error	cast from 'void (*)(TSpcTypedInterp<TEventWatcher>*, u32)' {aka 'void (*)(TSpcTypedInterp<TEventWatcher>*, unsigned int)'} to 'u32' {aka 'unsigned int'} loses precision [-fpermissive]	1	src/System/EventWatcher.cpp	bindSystemDataToSymbol("setCollision", (u32)&evSetCollision);
p64	ptr-truncation	src/System/EventWatcher.cpp	1667	39	error	cast from 'void (*)(TSpcTypedInterp<TEventWatcher>*, u32)' {aka 'void (*)(TSpcTypedInterp<TEventWatcher>*, unsigned int)'} to 'u32' {aka 'unsigned int'} loses precision [-fpermissive]	1	src/System/EventWatcher.cpp	bindSystemDataToSymbol("warpMario", (u32)&evWarpMario);
p64	ptr-truncation	src/System/EventWatcher.cpp	1668	51	error	cast from 'void (*)(TSpcTypedInterp<TEventWatcher>*, u32)' {aka 'void (*)(TSpcTypedInterp<TEventWatcher>*, unsigned int)'} to 'u32' {aka 'unsigned int'} loses precision [-fpermissive]	1	src/System/EventWatcher.cpp	bindSystemDataToSymbol("startAppearJetBalloon", (u32)&evStartAppearJetBalloon);
p64	ptr-truncation	src/System/EventWatcher.cpp	1669	53	error	cast from 'void (*)(TSpcTypedInterp<TEventWatcher>*, u32)' {aka 'void (*)(TSpcTypedInterp<TEventWatcher>*, unsigned int)'} to 'u32' {aka 'unsigned int'} loses precision [-fpermissive]	1	src/System/EventWatcher.cpp	bindSystemDataToSymbol("appear8RedCoinsAndTimer", (u32)&evAppear8RedCoinsAndTimer);
p64	ptr-truncation	src/System/EventWatcher.cpp	1670	46	error	cast from 'void (*)(TSpcTypedInterp<TEventWatcher>*, u32)' {aka 'void (*)(TSpcTypedInterp<TEventWatcher>*, unsigned int)'} to 'u32' {aka 'unsigned int'} loses precision [-fpermissive]	1	src/System/EventWatcher.cpp	bindSystemDataToSymbol("warpFrontToMario", (u32)&evWarpFrontToMario);
p64	ptr-truncation	src/System/EventWatcher.cpp	1671	43	error	cast from 'void (*)(TSpcTypedInterp<TEventWatcher>*, u32)' {aka 'void (*)(TSpcTypedInterp<TEventWatcher>*, unsigned int)'} to 'u32' {aka 'unsigned int'} loses precision [-fpermissive]	1	src/System/EventWatcher.cpp	bindSystemDataToSymbol("appearReadyGo", (u32)&evAppearReadyGo);
p64	ptr-truncation	src/System/EventWatcher.cpp	1672	47	error	cast from 'void (*)(TSpcTypedInterp<TEventWatcher>*, u32)' {aka 'void (*)(TSpcTypedInterp<TEventWatcher>*, unsigned int)'} to 'u32' {aka 'unsigned int'} loses precision [-fpermissive]	1	src/System/EventWatcher.cpp	bindSystemDataToSymbol("onNeutralMarioKey", (u32)&evOnNeutralMarioKey);
p64	ptr-truncation	src/System/EventWatcher.cpp	1673	43	error	cast from 'void (*)(TSpcTypedInterp<TEventWatcher>*, u32)' {aka 'void (*)(TSpcTypedInterp<TEventWatcher>*, unsigned int)'} to 'u32' {aka 'unsigned int'} loses precision [-fpermissive]	1	src/System/EventWatcher.cpp	bindSystemDataToSymbol("invalidatePad", (u32)&evInvalidatePad);
p64	ptr-truncation	src/System/EventWatcher.cpp	1674	46	error	cast from 'void (*)(TSpcTypedInterp<TEventWatcher>*, u32)' {aka 'void (*)(TSpcTypedInterp<TEventWatcher>*, unsigned int)'} to 'u32' {aka 'unsigned int'} loses precision [-fpermissive]	1	src/System/EventWatcher.cpp	bindSystemDataToSymbol("startMontemanBGM", (u32)&evStartMontemanBGM);
p64	ptr-truncation	src/System/EventWatcher.cpp	1675	50	error	cast from 'void (*)(TSpcTypedInterp<TEventWatcher>*, u32)' {aka 'void (*)(TSpcTypedInterp<TEventWatcher>*, unsigned int)'} to 'u32' {aka 'unsigned int'} loses precision [-fpermissive]	1	src/System/EventWatcher.cpp	bindSystemDataToSymbol("startMontemanFanfare", (u32)&evStartMontemanFanfare);
p64	ptr-truncation	src/System/EventWatcher.cpp	1676	42	error	cast from 'void (*)(TSpcTypedInterp<TEventWatcher>*, u32)' {aka 'void (*)(TSpcTypedInterp<TEventWatcher>*, unsigned int)'} to 'u32' {aka 'unsigned int'} loses precision [-fpermissive]	1	src/System/EventWatcher.cpp	bindSystemDataToSymbol("checkWoodBox", (u32)&evCheckWoodBox);
p64	ptr-truncation	src/System/EventWatcher.cpp	1677	44	error	cast from 'void (*)(TSpcTypedInterp<TEventWatcher>*, u32)' {aka 'void (*)(TSpcTypedInterp<TEventWatcher>*, unsigned int)'} to 'u32' {aka 'unsigned int'} loses precision [-fpermissive]	1	src/System/EventWatcher.cpp	bindSystemDataToSymbol("refreshWoodBox", (u32)&evRefreshWoodBox);
p64	ptr-truncation	src/System/EventWatcher.cpp	1678	41	error	cast from 'void (*)(TSpcTypedInterp<TEventWatcher>*, u32)' {aka 'void (*)(TSpcTypedInterp<TEventWatcher>*, unsigned int)'} to 'u32' {aka 'unsigned int'} loses precision [-fpermissive]	1	src/System/EventWatcher.cpp	bindSystemDataToSymbol("killWoodBox", (u32)&evKillWoodBox);
p64	ptr-truncation	src/System/EventWatcher.cpp	1679	46	error	cast from 'void (*)(TSpcTypedInterp<TEventWatcher>*, u32)' {aka 'void (*)(TSpcTypedInterp<TEventWatcher>*, unsigned int)'} to 'u32' {aka 'unsigned int'} loses precision [-fpermissive]	1	src/System/EventWatcher.cpp	bindSystemDataToSymbol("maniCoinFallDown", (u32)&evManiCoinDown);
p64	ptr-truncation	src/System/EventWatcher.cpp	1680	48	error	cast from 'void (*)(TSpcTypedInterp<TEventWatcher>*, u32)' {aka 'void (*)(TSpcTypedInterp<TEventWatcher>*, unsigned int)'} to 'u32' {aka 'unsigned int'} loses precision [-fpermissive]	1	src/System/EventWatcher.cpp	bindSystemDataToSymbol("eggYoshiStartFruit", (u32)&evEggYoshiStartFruit);
p64	ptr-truncation	src/System/EventWatcher.cpp	1681	39	error	cast from 'void (*)(TSpcTypedInterp<TEventWatcher>*, u32)' {aka 'void (*)(TSpcTypedInterp<TEventWatcher>*, unsigned int)'} to 'u32' {aka 'unsigned int'} loses precision [-fpermissive]	1	src/System/EventWatcher.cpp	bindSystemDataToSymbol("putNozzle", (u32)&evPutNozzle);
p64	ptr-truncation	src/System/EventWatcher.cpp	1682	49	error	cast from 'void (*)(TSpcTypedInterp<TEventWatcher>*, u32)' {aka 'void (*)(TSpcTypedInterp<TEventWatcher>*, unsigned int)'} to 'u32' {aka 'unsigned int'} loses precision [-fpermissive]	1	src/System/EventWatcher.cpp	bindSystemDataToSymbol("startMareBottleDemo", (u32)&evStartMareBottleDemo);
p64	ptr-truncation	src/System/EventWatcher.cpp	1683	52	error	cast from 'void (*)(TSpcTypedInterp<TEventWatcher>*, u32)' {aka 'void (*)(TSpcTypedInterp<TEventWatcher>*, unsigned int)'} to 'u32' {aka 'unsigned int'} loses precision [-fpermissive]	1	src/System/EventWatcher.cpp	bindSystemDataToSymbol("isFinishMareBottleDemo", (u32)&evIsFinishMareBottleDemo);
p64	ptr-truncation	src/System/EventWatcher.cpp	1684	46	error	cast from 'void (*)(TSpcTypedInterp<TEventWatcher>*, u32)' {aka 'void (*)(TSpcTypedInterp<TEventWatcher>*, unsigned int)'} to 'u32' {aka 'unsigned int'} loses precision [-fpermissive]	1	src/System/EventWatcher.cpp	bindSystemDataToSymbol("isInsideFastCube", (u32)&evIsInsideFastCube);
p64	ptr-truncation	src/System/EventWatcher.cpp	1685	51	error	cast from 'void (*)(TSpcTypedInterp<TEventWatcher>*, u32)' {aka 'void (*)(TSpcTypedInterp<TEventWatcher>*, unsigned int)'} to 'u32' {aka 'unsigned int'} loses precision [-fpermissive]	1	src/System/EventWatcher.cpp	bindSystemDataToSymbol("setEventForWaterMelon", (u32)&evSetEventForWaterMelon);
p64	ptr-truncation	src/System/EventWatcher.cpp	1686	51	error	cast from 'void (*)(TSpcTypedInterp<TEventWatcher>*, u32)' {aka 'void (*)(TSpcTypedInterp<TEventWatcher>*, unsigned int)'} to 'u32' {aka 'unsigned int'} loses precision [-fpermissive]	1	src/System/EventWatcher.cpp	bindSystemDataToSymbol("isWaterMelonIsReached", (u32)&evIsWaterMelonIsReached);
p64	ptr-truncation	src/THPPlayer/THPPlayer.c	337	13	error	cast from 'OSMessage' {aka 'void*'} to 'BOOL' {aka 'int'} loses precision [-fpermissive]	1	src/THPPlayer/THPPlayer.c	if ((BOOL)msg) {
p64	ptr-width-flags	include/JSystem/J3D/J3DGraphBase/J3DPacket.hpp	184	31	error	right operand of shift expression '(1 << 63)' is greater than or equal to the precision 32 of the left operand [-fpermissive]	193	src/Animal/AnimalBase.cpp	DIFF_FLAG = 1 << DIFF_BIT,
p64	ptr-width-flags	include/JSystem/J3D/J3DGraphBase/J3DPacket.hpp	184	34	error	enumerator value for 'DIFF_FLAG' is not an integer constant	193	src/Animal/AnimalBase.cpp	DIFF_FLAG = 1 << DIFF_BIT,
p64	ref-binding	src/Enemy/bombhei.cpp	282	41	error	binding reference of type 'JGeometry::TVec3<float>&' to 'const JGeometry::TVec3<float>' discards qualifiers	1	src/Enemy/bombhei.cpp	smoke->generate(*BombheiPosition(this), mScaling);
p64	ref-binding	src/Enemy/tobiPuku.cpp	898	44	error	binding reference of type 'JGeometry::TVec3<float>&' to 'const JGeometry::TVec3<float>' discards qualifiers	1	src/Enemy/tobiPuku.cpp	enemy->generate(getPosition(), mScaling);
p64	ref-binding	src/GC2D/GCConsole2.cpp	833	71	error	cannot bind non-const lvalue reference of type 'TBoundPane*&' to an rvalue of type 'TBoundPane*'	1	src/GC2D/GCConsole2.cpp	changeCoinNum(console->unkD4[0], console->unkE0,
p64	ref-binding	src/GC2D/GCConsole2.cpp	839	71	error	cannot bind non-const lvalue reference of type 'TBoundPane*&' to an rvalue of type 'TBoundPane*'	1	src/GC2D/GCConsole2.cpp	changeCoinNum(console->unkD4[1], console->unkE0, rest / 10,
p64	ref-binding	src/GC2D/GCConsole2.cpp	844	63	error	cannot bind non-const lvalue reference of type 'TBoundPane*&' to an rvalue of type 'TBoundPane*'	1	src/GC2D/GCConsole2.cpp	changeCoinNum(console->unkD4[2], console->unkE0, rest % 10,
p64	ref-binding	src/GC2D/GCConsole2.cpp	848	71	error	cannot bind non-const lvalue reference of type 'TBoundPane*&' to an rvalue of type 'TBoundPane*'	1	src/GC2D/GCConsole2.cpp	changeCoinNum(console->unkD4[0], console->unkE0,
p64	ref-binding	src/GC2D/GCConsole2.cpp	851	63	error	cannot bind non-const lvalue reference of type 'TBoundPane*&' to an rvalue of type 'TBoundPane*'	1	src/GC2D/GCConsole2.cpp	changeCoinNum(console->unkD4[1], console->unkE0,
p64	ref-binding	src/GC2D/MovieRumble.cpp	120	58	error	cannot bind non-const lvalue reference of type 'long int&' to a value of type 's32' {aka 'int'}	1	src/GC2D/MovieRumble.cpp	toolData->GetValue(group, "start_frame", unk1C);
p64	ref-binding	src/GC2D/MovieRumble.cpp	121	56	error	cannot bind non-const lvalue reference of type 'long int&' to a value of type 's32' {aka 'int'}	1	src/GC2D/MovieRumble.cpp	toolData->GetValue(group, "end_frame", unk20);
p64	ref-binding	src/System/MarDirectorInitECT.cpp	121	25	error	binding reference of type 'GXTexObj&' {aka '_GXTexObj&'} to 'const GXTexObj' {aka 'const _GXTexObj'} discards qualifiers	1	src/System/MarDirectorInitECT.cpp	GXTexObj& obj = *MarDirectorInitECTUnk60(mirrorCam);
p64	size_t-width	src/JSystem/JKernel/JKRHeap.cpp	255	7	error	'operator new' takes type 'size_t' ('long unsigned int') as first parameter [-fpermissive]	1	src/JSystem/JKernel/JKRHeap.cpp	void* operator new(u32 byteCount)
p64	size_t-width	src/JSystem/JKernel/JKRHeap.cpp	259	7	error	'operator new' takes type 'size_t' ('long unsigned int') as first parameter [-fpermissive]	1	src/JSystem/JKernel/JKRHeap.cpp	void* operator new(u32 byteCount, int alignment)
p64	size_t-width	src/JSystem/JKernel/JKRHeap.cpp	263	7	error	'operator new' takes type 'size_t' ('long unsigned int') as first parameter [-fpermissive]	1	src/JSystem/JKernel/JKRHeap.cpp	void* operator new(u32 byteCount, JKRHeap* heap, int alignment)
p64	size_t-width	src/JSystem/JKernel/JKRHeap.cpp	268	7	error	'operator new' takes type 'size_t' ('long unsigned int') as first parameter [-fpermissive]	1	src/JSystem/JKernel/JKRHeap.cpp	void* operator new[](u32 byteCount)
p64	size_t-width	src/JSystem/JKernel/JKRHeap.cpp	272	7	error	'operator new' takes type 'size_t' ('long unsigned int') as first parameter [-fpermissive]	1	src/JSystem/JKernel/JKRHeap.cpp	void* operator new[](u32 byteCount, int alignment)
p64	size_t-width	src/JSystem/JKernel/JKRHeap.cpp	276	7	error	'operator new' takes type 'size_t' ('long unsigned int') as first parameter [-fpermissive]	1	src/JSystem/JKernel/JKRHeap.cpp	void* operator new[](u32 byteCount, JKRHeap* heap, int alignment)
p64	two-phase-lookup	include/JSystem/JGeometry/JGQuat4.hpp	62	20	error	'set' was not declared in this scope, and no declarations were found by argument-dependent lookup at the point of instantiation	11	src/Animal/AnimalBase.cpp	set(a.x * b.w + a.w * b.x + a.y * b.z - a.z * b.y,
p64	two-phase-lookup	include/Camera/cameralib.hpp	86	44	error	'CLBTwoDegreeGeneralInbetween' was not declared in this scope, and no declarations were found by argument-dependent lookup at the point of instantiation	2	src/Camera/CameraNormal.cpp	return CLBTwoDegreeGeneralInbetween(param_1, param_2, param_3,
p64	two-phase-lookup	include/JSystem/JGeometry/JGQuat4.hpp	49	20	error	'set' was not declared in this scope, and no declarations were found by argument-dependent lookup at the point of instantiation	2	src/Enemy/BathtubKiller.cpp	set(_x, _y, _z, _w);
p64	two-phase-lookup	include/JSystem/JSupport/JSUList.hpp	180	60	error	'append' was not declared in this scope, and no declarations were found by argument-dependent lookup at the point of instantiation	2	src/JSystem/J2D/J2DPane.cpp	bool appendChild(JSUTree<T>* child) { return append(child); }
p64	two-phase-lookup	include/JSystem/JSupport/JSUList.hpp	182	60	error	'remove' was not declared in this scope, and no declarations were found by argument-dependent lookup at the point of instantiation	2	src/GC2D/GCConsole2.cpp	bool removeChild(JSUTree<T>* child) { return remove(child); }
p64	u32-long-spelling	include/JSystem/JKernel/JKRArchive.hpp	121	21	error	conflicting return type specified for 'virtual s32 JKRArchive::getResSize(const void*) const'	19	src/GC2D/Guide.cpp	virtual s32 getResSize(const void*) const;
p64	u32-long-spelling	include/JSystem/JKernel/JKRFileCache.hpp	35	21	error	conflicting return type specified for 'virtual s32 JKRFileCache::getResSize(const void*) const'	1	src/JSystem/JKernel/JKRFileCache.cpp	virtual s32 getResSize(const void*) const;
p64	u32-long-spelling	src/Camera/sunmgr.cpp	112	6	error	no declaration matches 'void TSunMgr::perform(u32, JDrama::TGraphics*)'	1	src/Camera/sunmgr.cpp	void TSunMgr::perform(u32 cue, JDrama::TGraphics* graphics)
p64	u32-long-spelling	src/GC2D/CardSave.cpp	81	12	error	no declaration matches 'TEProgress TCardSave::changeMode(s32)'	1	src/GC2D/CardSave.cpp	TEProgress TCardSave::changeMode(s32 param_1)
p64	u32-long-spelling	src/GC2D/CardSave.cpp	359	6	error	no declaration matches 'void TCardSave::changeMessage(u32, u32, int)'	1	src/GC2D/CardSave.cpp	void TCardSave::changeMessage(u32, u32, int) { }
p64	u32-long-spelling	src/GC2D/CardSave.cpp	380	6	error	no declaration matches 'void TCardSave::perform(u32, JDrama::TGraphics*)'	1	src/GC2D/CardSave.cpp	void TCardSave::perform(u32 cue, JDrama::TGraphics* graphics)
p64	u32-long-spelling	src/GC2D/CardSave.cpp	398	6	error	no declaration matches 'void TCardSave::setMessage(J2DTextBox*, s32, u32)'	1	src/GC2D/CardSave.cpp	void TCardSave::setMessage(J2DTextBox* text_box, s32 param_2, u32 param_3)
p64	u32-long-spelling	src/GC2D/CardSave.cpp	407	6	error	no declaration matches 'void TCardSave::setMessageC(J2DTextBox*, s32, u32)'	1	src/GC2D/CardSave.cpp	void TCardSave::setMessageC(J2DTextBox* text_box, s32 message_id, u32 size)
p64	u32-long-spelling	src/GC2D/CardSave.cpp	1663	6	error	no declaration matches 'void TCardSave::changePattern(J2DPicture*, s16, u32)'	1	src/GC2D/CardSave.cpp	void TCardSave::changePattern(J2DPicture*, s16, u32) { }
p64	u32-long-spelling	src/GC2D/MovieRumble.cpp	120	35	error	no matching function for call to 'GetValue(int&, const char [12], s32&)'	1	src/GC2D/MovieRumble.cpp	toolData->GetValue(group, "start_frame", unk1C);
p64	u32-long-spelling	src/GC2D/MovieRumble.cpp	120	58	error	cannot bind rvalue '(const char*)((long int)((TMovieRumble*)this)->TMovieRumble::unk1C)' to 'const char*&'	1	src/GC2D/MovieRumble.cpp	toolData->GetValue(group, "start_frame", unk1C);
p64	u32-long-spelling	src/GC2D/MovieRumble.cpp	121	35	error	no matching function for call to 'GetValue(int&, const char [10], s32&)'	1	src/GC2D/MovieRumble.cpp	toolData->GetValue(group, "end_frame", unk20);
p64	u32-long-spelling	src/GC2D/MovieRumble.cpp	121	56	error	cannot bind rvalue '(const char*)((long int)((TMovieRumble*)this)->TMovieRumble::unk20)' to 'const char*&'	1	src/GC2D/MovieRumble.cpp	toolData->GetValue(group, "end_frame", unk20);
p64	u32-long-spelling	src/JSystem/JKernel/JKRExpHeap.cpp	1030	1	error	no declaration matches 'JKRExpHeap::CMemBlock* JKRExpHeap::CMemBlock::allocBack(long unsigned int, unsigned char, unsigned char, unsigned char, unsigned char)'	1	src/JSystem/JKernel/JKRExpHeap.cpp	JKRExpHeap::CMemBlock::allocBack(unsigned long size, unsigned char groupID,
p64	u32-long-spelling	src/JSystem/JKernel/JKRFileFinder.cpp	5	1	error	no declaration matches 'JKRArcFinder::JKRArcFinder(JKRArchive*, long int, long int)'	1	src/JSystem/JKernel/JKRFileFinder.cpp	JKRArcFinder::JKRArcFinder(JKRArchive* archive, long startindex, long entries)
p64	u32-long-spelling	src/Map/MapDraw.cpp	100	6	error	no declaration matches 'void TMap::draw(long unsigned int, JDrama::TGraphics*) const'	1	src/Map/MapDraw.cpp	void TMap::draw(unsigned long, JDrama::TGraphics*) const { }
p64	u32-long-spelling	src/Map/MapEvent.cpp	24	6	error	no declaration matches 'void TMapEvent::perform(u32, JDrama::TGraphics*)'	1	src/Map/MapEvent.cpp	void TMapEvent::perform(u32 cue, JDrama::TGraphics* graphics)
p64	u32-long-spelling	src/Map/PollutionLayer.cpp	111	6	error	no declaration matches 'void TPollutionLayerWave::perform(u32, JDrama::TGraphics*)'	1	src/Map/PollutionLayer.cpp	void TPollutionLayerWave::perform(u32 cue, JDrama::TGraphics* graphics)
p64	u32-long-spelling	src/MarioUtil/ToolData.cpp	22	24	error	no matching function for call to 'Koga::ToolData::getValue(int&, s32&, long int*) const'	1	src/MarioUtil/ToolData.cpp	return getValue(entryIndex, itemIndex, &pValueOut);
p64	u32-long-spelling	src/MoveBG/MapObjGrass.cpp	247	6	error	no declaration matches 'void TMapObjGrassManager::entryGrassGroup(TMapObjGrassGroup*, s32)'	1	src/MoveBG/MapObjGrass.cpp	void TMapObjGrassManager::entryGrassGroup(TMapObjGrassGroup* param_1,
p64	u32-long-spelling	src/MoveBG/MapObjTown.cpp	547	6	error	no declaration matches 'void THideObjInfo::action(s32)'	1	src/MoveBG/MapObjTown.cpp	void THideObjInfo::action(s32 param_1)
p64	u32-long-spelling	src/NPC/NpcBase.cpp	900	6	error	no declaration matches 'void TBaseNPC::setBalloonMessage(u32, s32)'	1	src/NPC/NpcBase.cpp	void TBaseNPC::setBalloonMessage(u32 param_1, s32 param_2)
p64	u32-long-spelling	src/System/MarNameRefGen.cpp	237	28	error	invalid new-expression of abstract class type 'TCardSave'	1	src/System/MarNameRefGen.cpp	return new TCardSave;
p64	u32-long-spelling	src/System/MarNameRefGen_Map.cpp	37	28	error	invalid new-expression of abstract class type 'TSunMgr'	1	src/System/MarNameRefGen_Map.cpp	return new TSunMgr;
p64	u32-long-spelling	src/System/MovieDirector.cpp	258	56	error	invalid new-expression of abstract class type 'TCardSave'	1	src/System/MovieDirector.cpp	unk24 = new TCardSave("card save", true);
host64	access-control	src/Enemy/elecNokonoko.cpp	82	56	error	'typedef const class TNerveBase<TLiveActor>* TSpineBase<TLiveActor>::Nerve' is private within this context	1	src/Enemy/elecNokonoko.cpp	TSpineBase<TLiveActor>::Nerve nerve)
host64	access-control	src/Enemy/elecNokonoko.cpp	91	59	error	'typedef const class TNerveBase<TLiveActor>* TSpineBase<TLiveActor>::Nerve' is private within this context	1	src/Enemy/elecNokonoko.cpp	TSpineBase<TLiveActor>::Nerve nerve)
host64	asm-function	src/JSystem/J3D/J3DGraphBase/J3DTransform.cpp	33	5	error	expected '(' before 'bool'	1	src/JSystem/J3D/J3DGraphBase/J3DTransform.cpp	asm bool J3DPSCalcInverseTranspose(register MtxPtr src, register ROMtxPtr dst)
host64	asm-function	src/JSystem/J3D/J3DGraphBase/J3DTransform.cpp	391	5	error	expected '(' before 'void'	1	src/JSystem/J3D/J3DGraphBase/J3DTransform.cpp	asm void J3DPSMtx33CopyFrom34(register MtxPtr src, register ROMtxPtr dst)
host64	asm-function	src/JSystem/J3D/J3DGraphBase/J3DTransform.cpp	414	5	error	expected '(' before 'void'	1	src/JSystem/J3D/J3DGraphBase/J3DTransform.cpp	asm void J3DPSMtxArrayCopy(register MtxPtr src, register MtxPtr dst,
host64	asm-function	src/JSystem/J3D/J3DGraphBase/J3DTransform.cpp	539	5	error	expected '(' before 'void'	1	src/JSystem/J3D/J3DGraphBase/J3DTransform.cpp	asm void J3DPSMtxArrayConcat(register Mtx fst, register Mtx snd,
host64	asm-function	src/MarioUtil/MathUtil.cpp	474	5	error	expected '(' before 'f32'	1	src/MarioUtil/MathUtil.cpp	asm f32 MsVECMag2(register Vec* v)
host64	asm-function	src/MarioUtil/MathUtil.cpp	491	5	error	expected '(' before 'void'	1	src/MarioUtil/MathUtil.cpp	asm void MsVECNormalize(register Vec* v1, register Vec* v2)
host64	case-include	include/JSystem/J3D/J3DGraphBase/J3DMaterial.hpp	7	10	fatal error	JSystem/J3d/J3DGraphBase/Blocks/J3DTevBlocks.hpp: No such file or directory	41	src/Camera/lensflare.cpp	#include <JSystem/J3d/J3DGraphBase/Blocks/J3DTevBlocks.hpp>
host64	case-include	src/Enemy/beam.cpp	1	10	fatal error	Enemy/beam.hpp: No such file or directory	1	src/Enemy/beam.cpp	#include <Enemy/beam.hpp>
host64	case-include	src/Enemy/hamukuri.cpp	26	10	fatal error	MSound/MSoundSe.hpp: No such file or directory	1	src/Enemy/hamukuri.cpp	#include <MSound/MSoundSe.hpp>
host64	case-include	src/GC2D/MessageUtil.cpp	1	10	fatal error	GC2d/MessageUtil.hpp: No such file or directory	1	src/GC2D/MessageUtil.cpp	#include <GC2d/MessageUtil.hpp>
host64	case-include	src/Map/MapEventSink.cpp	21	10	fatal error	Jsystem/JDrama/JDRNameRefGen.hpp: No such file or directory	1	src/Map/MapEventSink.cpp	#include <Jsystem/JDrama/JDRNameRefGen.hpp>
host64	case-include	src/System/MarNameRefGen_Enemy.cpp	54	10	fatal error	Enemy/beam.hpp: No such file or directory	1	src/System/MarNameRefGen_Enemy.cpp	#include <Enemy/beam.hpp>
host64	conflicting-redecl	src/Map/MapDraw.cpp	15	5	error	ambiguating new declaration of 'int SMSGetGameRenderHeight()'	1	src/Map/MapDraw.cpp	int SMSGetGameRenderHeight();
host64	conflicting-redecl	src/Map/MapDraw.cpp	16	5	error	ambiguating new declaration of 'int SMSGetGameRenderWidth()'	1	src/Map/MapDraw.cpp	int SMSGetGameRenderWidth();
host64	conflicting-redecl	src/Map/MapDraw.cpp	77	32	error	'SMSGetGameRenderWidth' was not declared in this scope	1	src/Map/MapDraw.cpp	GXPosition2s16(sVar1 + SMSGetGameRenderWidth(), -sVar1);
host64	conflicting-redecl	src/Map/MapDraw.cpp	80	32	error	'SMSGetGameRenderHeight' was not declared in this scope	1	src/Map/MapDraw.cpp	sVar1 + SMSGetGameRenderHeight());
host64	explicit-msl-include	include/PowerPC_EABI_Support/Msl/MSL_C/MSL_Common/string.h	10	11	error	expected constructor, destructor, or type conversion before '(' token	1	src/MoveBG/MapObjTown.cpp	__declspec(section ".init") void* memcpy(void* dest, const void* src, size_t n);
host64	explicit-msl-include	include/PowerPC_EABI_Support/Msl/MSL_C/MSL_Common/string.h	11	11	error	expected constructor, destructor, or type conversion before '(' token	1	src/MoveBG/MapObjTown.cpp	__declspec(section ".init") void __fill_mem(void* dest, int val, size_t count);
host64	explicit-msl-include	include/PowerPC_EABI_Support/Msl/MSL_C/MSL_Common/string.h	16	11	error	expected constructor, destructor, or type conversion before '(' token	1	src/MoveBG/MapObjTown.cpp	__declspec(section ".init") void* memset(void* dest, int val, size_t count);
host64	explicit-msl-include	include/PowerPC_EABI_Support/Msl/MSL_C/MSL_Common/string.h	20	7	error	ambiguating new declaration of 'void* memchr(const void*, int, size_t)'	1	src/MoveBG/MapObjTown.cpp	void* memchr(const void* ptr, int ch, size_t count);
host64	explicit-msl-include	include/PowerPC_EABI_Support/Msl/MSL_C/MSL_Common/string.h	22	7	error	ambiguating new declaration of 'char* strrchr(const char*, int)'	1	src/MoveBG/MapObjTown.cpp	char* strrchr(const char* str, int c);
host64	explicit-msl-include	include/PowerPC_EABI_Support/Msl/MSL_C/MSL_Common/string.h	23	7	error	ambiguating new declaration of 'char* strchr(const char*, int)'	1	src/MoveBG/MapObjTown.cpp	char* strchr(const char* str, int c);
host64	explicit-msl-include	include/PowerPC_EABI_Support/Msl/MSL_C/MSL_Common/string.h	30	7	error	ambiguating new declaration of 'char* strstr(const char*, const char*)'	1	src/MoveBG/MapObjTown.cpp	char* strstr(const char* str, const char* pat);
host64	gnu-keyword	include/Strategic/spcinterp.hpp	98	20	error	expected primary-expression before ')' token	23	src/Enemy/bossManta.cpp	u32 typeof() const { return mType; }
host64	gnu-keyword	include/Strategic/spcinterp.hpp	98	28	error	expected unqualified-id before '{' token	23	src/Enemy/bossManta.cpp	u32 typeof() const { return mType; }
host64	gnu-keyword	src/Strategic/spcinterp.cpp	100	34	error	expected unqualified-id before 'typeof'	1	src/Strategic/spcinterp.cpp	u32 type = interp->pop().typeof();
host64	gnu-keyword	src/Strategic/spcinterp.cpp	243	18	error	expected unqualified-id before 'typeof'	1	src/Strategic/spcinterp.cpp	if (arg1.typeof() == TSpcSlice::TYPE_FLOAT
host64	gnu-keyword	src/Strategic/spcinterp.cpp	243	18	error	expected ')' before 'typeof'	1	src/Strategic/spcinterp.cpp	if (arg1.typeof() == TSpcSlice::TYPE_FLOAT
host64	gnu-keyword	src/Strategic/spcinterp.cpp	258	18	error	expected unqualified-id before 'typeof'	1	src/Strategic/spcinterp.cpp	if (arg1.typeof() == TSpcSlice::TYPE_FLOAT
host64	gnu-keyword	src/Strategic/spcinterp.cpp	258	18	error	expected ')' before 'typeof'	1	src/Strategic/spcinterp.cpp	if (arg1.typeof() == TSpcSlice::TYPE_FLOAT
host64	gnu-keyword	src/Strategic/spcinterp.cpp	273	18	error	expected unqualified-id before 'typeof'	1	src/Strategic/spcinterp.cpp	if (arg1.typeof() == TSpcSlice::TYPE_FLOAT
host64	gnu-keyword	src/Strategic/spcinterp.cpp	273	18	error	expected ')' before 'typeof'	1	src/Strategic/spcinterp.cpp	if (arg1.typeof() == TSpcSlice::TYPE_FLOAT
host64	gnu-keyword	src/Strategic/spcinterp.cpp	291	18	error	expected unqualified-id before 'typeof'	1	src/Strategic/spcinterp.cpp	if (arg1.typeof() == TSpcSlice::TYPE_FLOAT
host64	gnu-keyword	src/Strategic/spcinterp.cpp	291	18	error	expected ')' before 'typeof'	1	src/Strategic/spcinterp.cpp	if (arg1.typeof() == TSpcSlice::TYPE_FLOAT
host64	gnu-keyword	src/System/EventWatcher.cpp	100	23	error	expected unqualified-id before 'typeof'	1	src/System/EventWatcher.cpp	switch (slice.typeof()) {
host64	gnu-keyword	src/System/EventWatcher.cpp	100	23	error	expected ')' before 'typeof'	1	src/System/EventWatcher.cpp	switch (slice.typeof()) {
host64	host-libc-clash	include/JSystem/JSupport/JSUStreamEnum.hpp	10	27	error	expected identifier before '(' token	1	src/System/CardManager.cpp	enum EIoState { GOOD = 0, EOF = 1 };
host64	host-libc-clash	include/JSystem/JSupport/JSUStreamEnum.hpp	10	27	error	expected '}' before '(' token	1	src/System/CardManager.cpp	enum EIoState { GOOD = 0, EOF = 1 };
host64	host-libc-clash	include/JSystem/JSupport/JSUStreamEnum.hpp	10	27	error	expected unqualified-id before '-' token	1	src/System/CardManager.cpp	enum EIoState { GOOD = 0, EOF = 1 };
host64	host-libc-clash	include/JSystem/JSupport/JSUStreamEnum.hpp	10	27	error	expected ')' before '-' token	1	src/System/CardManager.cpp	enum EIoState { GOOD = 0, EOF = 1 };
host64	host-libc-clash	include/JSystem/JSupport/JSUStreamEnum.hpp	10	35	error	expected declaration before '}' token	1	src/System/CardManager.cpp	enum EIoState { GOOD = 0, EOF = 1 };
host64	host-libc-clash	include/fake_tgmath.h	22	33	error	'float sqrt(float)' conflicts with a previous declaration	1	src/Map/MapWire.cpp	extern inline float sqrt(float x)
host64	host-libc-clash	include/fake_tgmath.h	38	33	error	'float fabs(float)' conflicts with a previous declaration	1	src/Map/MapWire.cpp	extern inline float fabs(float x)
host64	host-libc-clash	include/fake_tgmath.h	48	27	error	'float floor(float)' conflicts with a previous declaration	1	src/Map/MapWire.cpp	inline float floor(float x)
host64	implicit-conv	include/M3DUtil/MActorData.hpp	82	35	error	cannot convert 'J3DAnmBase**' to 'void**'	182	src/Animal/AnimalBase.cpp	sortByFileNameRaw(mAnimations);
host64	implicit-conv	include/JSystem/JSupport/JSUList.hpp	182	61	error	cannot convert 'JSUTree<J2DPane>*' to 'const char*'	1	src/GC2D/GCConsole2.cpp	bool removeChild(JSUTree<T>* child) { return remove(child); }
host64	jump-over-init	src/Enemy/gesso.cpp	675	14	error	jump to case label	1	src/Enemy/gesso.cpp	case STATE_ROLLING:
host64	jump-over-init	src/Enemy/gesso.cpp	678	14	error	jump to case label	1	src/Enemy/gesso.cpp	case STATE_BEAM_CHILLING:
host64	jump-over-init	src/JSystem/JAudio/JASystem/JASTrack.cpp	809	1	error	jump to label 'bail'	1	src/JSystem/JAudio/JASystem/JASTrack.cpp	bail:
host64	jump-over-init	src/Player/MarioAutodemo.cpp	37	14	error	jump to case label	1	src/Player/MarioAutodemo.cpp	case 1:
host64	jump-over-init	src/Player/MarioAutodemo.cpp	41	9	error	jump to case label	1	src/Player/MarioAutodemo.cpp	default:
host64	jump-over-init	src/System/MarDirectorDirect.cpp	515	14	error	jump to case label	1	src/System/MarDirectorDirect.cpp	case STATE_UNK4:
host64	jump-over-init	src/System/MarDirectorDirect.cpp	521	14	error	jump to case label	1	src/System/MarDirectorDirect.cpp	case STATE_UNK5:
host64	jump-over-init	src/System/MarDirectorDirect.cpp	528	14	error	jump to case label	1	src/System/MarDirectorDirect.cpp	case STATE_UNK10:
host64	jump-over-init	src/System/MarDirectorDirect.cpp	542	14	error	jump to case label	1	src/System/MarDirectorDirect.cpp	case STATE_UNK11:
host64	libc-decl	include/Enemy/KoopaNerve.hpp	17	25	error	'fmodf' is not a member of 'std'; did you mean 'modf'?	1	src/Enemy/Koopa.cpp	return l + std::fmodf((r - l) + (t - l), r - l);
host64	libc-decl	include/M3DUtil/MActorData.hpp	72	41	error	'snprintf' was not declared in this scope	1	src/M3DUtil/MActorData.cpp	snprintf(tmp, 0xff, "%s%s", directory, mAnmNames[i]);
host64	libc-decl	include/M3DUtil/MActorData.hpp	73	41	error	'snprintf' was not declared in this scope, and no declarations were found by argument-dependent lookup at the point of instantiation	1	src/M3DUtil/MActorData.cpp	snprintf(buf, 0xff, "%s%s", tmp, extension);
host64	libc-decl	include/M3DUtil/MActorData.hpp	75	41	error	'snprintf' was not declared in this scope	1	src/M3DUtil/MActorData.cpp	snprintf(buf, 0xff, "%s%s", mAnmNames[i], extension);
host64	libc-decl	src/Enemy/BathtubPeach.cpp	93	25	error	'fmodf' is not a member of 'std'; did you mean 'modf'?	1	src/Enemy/BathtubPeach.cpp	return l + std::fmodf((r - l) + (t - l), r - l);
host64	libc-decl	src/Enemy/bossManta.cpp	1218	17	error	'snprintf' was not declared in this scope	1	src/Enemy/bossManta.cpp	snprintf(name, 0x40, "palmOugi %d", i);
host64	libc-decl	src/Enemy/enemyMario.cpp	173	17	error	'snprintf' was not declared in this scope	1	src/Enemy/enemyMario.cpp	snprintf(buffer, 0xff, "/mario/bas/ma_%s.bas", marioAnimeFiles[i].unk4);
host64	libc-decl	src/Enemy/enemyMario.cpp	412	17	error	'snprintf' was not declared in this scope	1	src/Enemy/enemyMario.cpp	snprintf(linkDataPath, sizeof(linkDataPath),
host64	libc-decl	src/Enemy/enemyMario.cpp	415	17	error	'snprintf' was not declared in this scope	1	src/Enemy/enemyMario.cpp	snprintf(linkDataPath, sizeof(linkDataPath),
host64	libc-decl	src/Enemy/enemyMario.cpp	456	41	error	'snprintf' was not declared in this scope	1	src/Enemy/enemyMario.cpp	snprintf(replayFileNames[linkCount], 3, "%c%c",
host64	libc-decl	src/Enemy/enemyMario.cpp	468	17	error	'snprintf' was not declared in this scope	1	src/Enemy/enemyMario.cpp	snprintf(graphName, sizeof(graphName), "mariomodoki%d", mPadIndex);
host64	libc-decl	src/Enemy/enemyMario.cpp	484	33	error	'snprintf' was not declared in this scope	1	src/Enemy/enemyMario.cpp	snprintf(replayPath, sizeof(replayPath),
host64	libc-decl	src/Enemy/enemyMario.cpp	488	33	error	'snprintf' was not declared in this scope	1	src/Enemy/enemyMario.cpp	snprintf(replayPath, sizeof(replayPath),
host64	libc-decl	src/Enemy/enemyMario.cpp	550	33	error	'snprintf' was not declared in this scope	1	src/Enemy/enemyMario.cpp	snprintf(runAwayPath, sizeof(runAwayPath),
host64	libc-decl	src/Enemy/enemyMario.cpp	1722	33	error	'sqrtf' is not a member of 'std'; did you mean 'sqrt'?	1	src/Enemy/enemyMario.cpp	mDistanceToMario = std::sqrtf(dx * dx + dz * dz);
host64	libc-decl	src/Enemy/enemyMario.cpp	1747	35	error	'sqrtf' is not a member of 'std'; did you mean 'sqrt'?	1	src/Enemy/enemyMario.cpp	unk108->mStickDist = std::sqrtf(unk108->mStickH * unk108->mStickH
host64	libc-decl	src/Enemy/gatekeeper.cpp	604	9	error	'snprintf' was not declared in this scope	1	src/Enemy/gatekeeper.cpp	snprintf(mDemoName, 0x100, "%s出現カメラ", mName);
host64	libc-decl	src/Enemy/gatekeeper.cpp	613	9	error	'snprintf' was not declared in this scope	1	src/Enemy/gatekeeper.cpp	snprintf(mDemoName, 0x100, "%s撃沈カメラ", mName);
host64	libc-decl	src/Enemy/koopajr.cpp	77	25	error	'fmodf' is not a member of 'std'; did you mean 'modf'?	1	src/Enemy/koopajr.cpp	return l + std::fmodf((r - l) + (t - l), r - l);
host64	libc-decl	src/Enemy/koopajr.cpp	126	32	error	'fmodf' is not a member of 'std'; did you mean 'modf'?	1	src/Enemy/koopajr.cpp	mDirection = lo + std::fmodf(range + offset, range);
host64	libc-decl	src/Enemy/spline.cpp	32	26	error	'fabsf' is not a member of 'std'; did you mean 'fabs'?	1	src/Enemy/spline.cpp	if (std::fabsf(mTmpParamDeltas[i]) < 0.0001f) {
host64	libc-decl	src/Enemy/spline.cpp	42	26	error	'fabsf' is not a member of 'std'; did you mean 'fabs'?	1	src/Enemy/spline.cpp	if (std::fabsf(mTmp[i]) < 0.0001f)
host64	libc-decl	src/Enemy/wireTrap.cpp	49	25	error	'fmodf' is not a member of 'std'; did you mean 'modf'?	1	src/Enemy/wireTrap.cpp	return l + std::fmodf((r - l) + (t - l), r - l);
host64	libc-decl	src/GC2D/Option.cpp	199	63	error	'TAU' was not declared in this scope	1	src/GC2D/Option.cpp	f32 fVar2 = mAmplitude * JMASin(RAD_TO_DEG(progress * TAU));
host64	libc-decl	src/GC2D/Option.cpp	199	41	error	'RAD_TO_DEG' was not declared in this scope	1	src/GC2D/Option.cpp	f32 fVar2 = mAmplitude * JMASin(RAD_TO_DEG(progress * TAU));
host64	libc-decl	src/JSystem/J2D/J2DPane.cpp	255	45	error	'DEG_TO_RAD' was not declared in this scope	1	src/JSystem/J2D/J2DPane.cpp	MTXRotRad(rotate, mRotAxis, DEG_TO_RAD(r));
host64	libc-decl	src/JSystem/J2D/J2DPrint.cpp	21	15	error	'vsnprintf' was not declared in this scope	1	src/JSystem/J2D/J2DPrint.cpp	= vsnprintf(J2DPrint::mStrBuff, J2DPrint::mStrBuffSize, format, args);
host64	libc-decl	src/JSystem/J2D/J2DPrint.cpp	185	18	error	'vsnprintf' was not declared in this scope	1	src/JSystem/J2D/J2DPrint.cpp	s32 sz = vsnprintf(mStrBuff, mStrBuffSize, format, args);
host64	libc-decl	src/JSystem/J3D/J3DGraphAnimator/J3DCluster.cpp	297	26	error	'sqrtf' is not a member of 'std'; did you mean 'sqrt'?	1	src/JSystem/J3D/J3DGraphAnimator/J3DCluster.cpp	/ std::sqrtf(vec[0] * vec[0] + vec[1] * vec[1] + vec[2] * vec[2]);
host64	libc-decl	src/JSystem/JAudio/JAInterface/JAIGFrameSe.cpp	299	50	error	'sqrtf' is not a member of 'std'; did you mean 'sqrt'?	1	src/JSystem/JAudio/JAInterface/JAIGFrameSe.cpp	*dPtr     = std::sqrtf(*dPtr);
host64	libc-decl	src/JSystem/JAudio/JAInterface/JAIGFrameSequence.cpp	265	42	error	'sqrtf' is not a member of 'std'; did you mean 'sqrt'?	1	src/JSystem/JAudio/JAInterface/JAIGFrameSequence.cpp	pi->unk18 = std::sqrtf(pi->mCamSpacePos.x * pi->mCamSpacePos.x
host64	libc-decl	src/JSystem/JAudio/JAInterface/JAISound.cpp	244	38	error	'fabsf' is not a member of 'std'; did you mean 'fabs'?	1	src/JSystem/JAudio/JAInterface/JAISound.cpp	f32 distanceX = std::fabsf(info.mCamSpacePos.x);
host64	libc-decl	src/JSystem/JAudio/JAInterface/JAISound.cpp	245	38	error	'fabsf' is not a member of 'std'; did you mean 'fabs'?	1	src/JSystem/JAudio/JAInterface/JAISound.cpp	f32 distanceZ = std::fabsf(info.mCamSpacePos.z);
host64	libc-decl	src/JSystem/JAudio/JAInterface/JAISound.cpp	303	26	error	'sqrtf' is not a member of 'std'; did you mean 'sqrt'?	1	src/JSystem/JAudio/JAInterface/JAISound.cpp	f32 len   = std::sqrtf(lenSq);
host64	libc-decl	src/JSystem/JAudio/JAInterface/JAISound.cpp	310	27	error	'sqrtf' is not a member of 'std'; did you mean 'sqrt'?	1	src/JSystem/JAudio/JAInterface/JAISound.cpp	f32 len2   = std::sqrtf(lenSq2);
host64	libc-decl	src/JSystem/JAudio/JALibrary/JALCalc.cpp	75	49	error	'sqrtf' is not a member of 'std'; did you mean 'sqrt'?	1	src/JSystem/JAudio/JALibrary/JALCalc.cpp	f32 getDist(Vec* vec1, Vec* vec2) { return std::sqrtf(getDistPow(vec1, vec2)); }
host64	libc-decl	src/JSystem/JAudio/JALibrary/JALCalc.cpp	85	33	error	'powf' is not a member of 'std'; did you mean 'pow'?	1	src/JSystem/JAudio/JALibrary/JALCalc.cpp	float dy = std::powf(vec1->y, 2.0f);
host64	libc-decl	src/JSystem/JAudio/JALibrary/JALCalc.cpp	86	33	error	'powf' is not a member of 'std'; did you mean 'pow'?	1	src/JSystem/JAudio/JALibrary/JALCalc.cpp	float dx = std::powf(vec1->x, 2.0f);
host64	libc-decl	src/JSystem/JAudio/JALibrary/JALCalc.cpp	87	33	error	'powf' is not a member of 'std'; did you mean 'pow'?	1	src/JSystem/JAudio/JALibrary/JALCalc.cpp	float dz = std::powf(vec1->z, 2.0f);
host64	libc-decl	src/JSystem/JAudio/JASystem/JASOscillator.cpp	261	43	error	'fabsf' is not a member of 'std'; did you mean 'fabs'?	1	src/JSystem/JAudio/JASystem/JASOscillator.cpp	f32 valAbs = std::fabsf(
host64	libc-decl	src/JSystem/JDrama/JDRCamera.cpp	72	28	error	'DEG_TO_RAD' was not declared in this scope	1	src/JSystem/JDrama/JDRCamera.cpp	local_D4.setEularZ(DEG_TO_RAD(-unk40));
host64	libc-decl	src/JSystem/JDrama/JDRSmJ3DAct.cpp	52	31	error	'DEG_TO_RAD' was not declared in this scope	1	src/JSystem/JDrama/JDRSmJ3DAct.cpp	tmp.setEularZ(DEG_TO_RAD(getRotation().z));
host64	libc-decl	src/JSystem/JParticle/JPAMath.cpp	232	26	error	'sqrtf' is not a member of 'std'; did you mean 'sqrt'?	1	src/JSystem/JParticle/JPAMath.cpp	param_2.x = std::sqrtf(param_1[0][0] * param_1[0][0]
host64	libc-decl	src/JSystem/JParticle/JPAMath.cpp	235	26	error	'sqrtf' is not a member of 'std'; did you mean 'sqrt'?	1	src/JSystem/JParticle/JPAMath.cpp	param_2.y = std::sqrtf(param_1[0][1] * param_1[0][1]
host64	libc-decl	src/JSystem/JParticle/JPAMath.cpp	238	26	error	'sqrtf' is not a member of 'std'; did you mean 'sqrt'?	1	src/JSystem/JParticle/JPAMath.cpp	param_2.z = std::sqrtf(param_1[0][2] * param_1[0][2]
host64	libc-decl	src/JSystem/JUtility/JUTDirectPrint.cpp	151	9	error	'va_start' was not declared in this scope; did you mean 'start'?	1	src/JSystem/JUtility/JUTDirectPrint.cpp	va_start(args, format);
host64	libc-decl	src/JSystem/JUtility/JUTDirectPrint.cpp	182	9	error	'va_end' was not declared in this scope	1	src/JSystem/JUtility/JUTDirectPrint.cpp	va_end(args);
host64	libc-decl	src/JSystem/JUtility/JUTDirectPrint.cpp	197	9	error	'va_start' was not declared in this scope; did you mean 'start'?	1	src/JSystem/JUtility/JUTDirectPrint.cpp	va_start(args, format);
host64	libc-decl	src/JSystem/JUtility/JUTDirectPrint.cpp	228	9	error	'va_end' was not declared in this scope	1	src/JSystem/JUtility/JUTDirectPrint.cpp	va_end(args);
host64	libc-decl	src/JSystem/JUtility/JUTGamePad.cpp	353	23	error	'sqrtf' is not a member of 'std'; did you mean 'sqrt'?	1	src/JSystem/JUtility/JUTGamePad.cpp	mValue = std::sqrtf((mPosX * mPosX) + (mPosY * mPosY));
host64	libc-decl	src/M3DUtil/MActorData.cpp	155	23	error	'snprintf' was not declared in this scope	1	src/M3DUtil/MActorData.cpp	= snprintf(fullAnmPath, 0xff, "%s%s", "/", anm_folder);
host64	libc-decl	src/M3DUtil/MActorData.cpp	157	37	error	'snprintf' was not declared in this scope	1	src/M3DUtil/MActorData.cpp	fullAnmPathLength = snprintf(fullAnmPath, 0xff, "%s", anm_folder);
host64	libc-decl	src/M3DUtil/MActorData.cpp	163	9	error	'snprintf' was not declared in this scope	1	src/M3DUtil/MActorData.cpp	snprintf(anmFolder, 0xff, "%s%s", fullAnmPath, "/");
host64	libc-decl	src/M3DUtil/MActorData.cpp	244	9	error	'snprintf' was not declared in this scope	1	src/M3DUtil/MActorData.cpp	snprintf(simple_name, length, "%s", file_name);
host64	libc-decl	src/MSound/MAnmSound.cpp	103	29	error	'sqrtf' is not a member of 'std'; did you mean 'sqrt'?	1	src/MSound/MAnmSound.cpp	return std::sqrtf(std::powf(pos.x - mario->x, 2.0f)
host64	libc-decl	src/MSound/MAnmSound.cpp	103	40	error	'powf' is not a member of 'std'; did you mean 'pow'?	1	src/MSound/MAnmSound.cpp	return std::sqrtf(std::powf(pos.x - mario->x, 2.0f)
host64	libc-decl	src/MSound/MAnmSound.cpp	104	42	error	'powf' is not a member of 'std'; did you mean 'pow'?	1	src/MSound/MAnmSound.cpp	+ std::powf(pos.y - mario->y, 2.0f)
host64	libc-decl	src/MSound/MAnmSound.cpp	105	42	error	'powf' is not a member of 'std'; did you mean 'pow'?	1	src/MSound/MAnmSound.cpp	+ std::powf(pos.z - mario->z, 2.0f));
host64	libc-decl	src/MSound/MSound.cpp	824	34	error	'powf' is not a member of 'std'; did you mean 'pow'?	1	src/MSound/MSound.cpp	f32 fVar3 = dVar2 * std::powf(0.00020000001f, 1.0f / param_1);
host64	libc-decl	src/MSound/MSoundSE.cpp	513	21	error	'sqrtf' is not a member of 'std'; did you mean 'sqrt'?	1	src/MSound/MSoundSE.cpp	return std::sqrtf(vec.x * vec.x + vec.y * vec.y + vec.z * vec.z);
host64	libc-decl	src/MarioUtil/MtxUtil.cpp	348	17	error	'snprintf' was not declared in this scope	1	src/MarioUtil/MtxUtil.cpp	snprintf(path, 0x40, "/%s/MtxEffect%d.prm", prmLocation, mBoneIDs[i]);
host64	libc-decl	src/MoveBG/MapObjCorona.cpp	303	25	error	'fmodf' is not a member of 'std'; did you mean 'modf'?	1	src/MoveBG/MapObjCorona.cpp	return l + std::fmodf((r - l) + (t - l), r - l);
host64	libc-decl	src/MoveBG/MapObjHide.cpp	140	25	error	'snprintf' was not declared in this scope	1	src/MoveBG/MapObjHide.cpp	snprintf(mHiddenShineDemoName, nameLen + 0x13,
host64	libc-decl	src/MoveBG/MapObjHide.cpp	635	17	error	'snprintf' was not declared in this scope	1	src/MoveBG/MapObjHide.cpp	snprintf(buffer2, 0x40, "ふたご落書きＢ００");
host64	libc-decl	src/MoveBG/MapObjHide.cpp	650	9	error	'snprintf' was not declared in this scope	1	src/MoveBG/MapObjHide.cpp	snprintf(unk178, 0x19, "%sカメラ", getName());
host64	libc-decl	src/MoveBG/MapObjInit.cpp	11127	17	error	'snprintf' was not declared in this scope	1	src/MoveBG/MapObjInit.cpp	snprintf(buffer, 64, "%s.bmd", mMapObjData->unk0);
host64	libc-decl	src/MoveBG/MapObjLib.cpp	243	9	error	'snprintf' was not declared in this scope	1	src/MoveBG/MapObjLib.cpp	snprintf(buffer, 64, "/scene/map/map/building%02d.col", param_1);
host64	libc-decl	src/MoveBG/MapObjLib.cpp	253	9	error	'snprintf' was not declared in this scope	1	src/MoveBG/MapObjLib.cpp	snprintf(buffer, 64, "/scene/map/map/building%02d.col", param_1);
host64	libc-decl	src/MoveBG/MapObjLib.cpp	462	29	error	'tolower' is not a member of 'std'; did you mean 'tolower'?	1	src/MoveBG/MapObjLib.cpp	*out = std::tolower(*in);
host64	libc-decl	src/MoveBG/MapObjLib.cpp	789	21	error	'atan2f' is not a member of 'std'; did you mean 'atan2'?	1	src/MoveBG/MapObjLib.cpp	return std::atan2f(param_1.z - mPosition.z, param_1.x - mPosition.x);
host64	libc-decl	src/MoveBG/MapObjLib.cpp	794	21	error	'atan2f' is not a member of 'std'; did you mean 'atan2'?	1	src/MoveBG/MapObjLib.cpp	return std::atan2f(param_1.z - mPosition.z, param_1.x - mPosition.x);
host64	libc-decl	src/Player/MarioAutodemo.cpp	62	33	error	'sqrtf' is not a member of 'std'; did you mean 'sqrt'?	1	src/Player/MarioAutodemo.cpp	f32 dist = std::sqrtf(dx * dx + dz * dz);
host64	libc-decl	src/Player/MarioCheckCol.cpp	205	41	error	'sqrtf' is not a member of 'std'; did you mean 'sqrt'?	1	src/Player/MarioCheckCol.cpp	f32 dist = std::sqrtf(dx * dx + dz * dz);
host64	libc-decl	src/Player/MarioCheckCol.cpp	295	41	error	'sqrtf' is not a member of 'std'; did you mean 'sqrt'?	1	src/Player/MarioCheckCol.cpp	f32 dist = std::sqrtf(dx * dx + dz * dz);
host64	libc-decl	src/Player/MarioMove.cpp	767	43	error	'sqrtf' is not a member of 'std'; did you mean 'sqrt'?	1	src/Player/MarioMove.cpp	mForwardVel     = param_2 * -std::sqrtf(tmp.x * tmp.x + z * z);
host64	libc-decl	src/Player/MarioMove.cpp	2409	31	error	'sqrtf' is not a member of 'std'; did you mean 'sqrt'?	1	src/Player/MarioMove.cpp	f32 f4 = std::sqrtf(dx * dx + dz * dz);
host64	libc-decl	src/Player/MarioPhysics.cpp	55	34	error	'sqrtf' is not a member of 'std'; did you mean 'sqrt'?	1	src/Player/MarioPhysics.cpp	f32 velSq = std::sqrtf(mVel.x * mVel.x + mVel.z * mVel.z);
host64	libc-decl	src/Player/MarioPhysics.cpp	520	27	error	'sqrtf' is not a member of 'std'; did you mean 'sqrt'?	1	src/Player/MarioPhysics.cpp	f32 speed  = std::sqrtf(mVel.x * mVel.x + mVel.z * mVel.z);
host64	libc-decl	src/Player/MarioRun.cpp	518	24	error	'sqrtf' is not a member of 'std'; did you mean 'sqrt'?	1	src/Player/MarioRun.cpp	f32 mag = std::sqrtf(
host64	libc-decl	src/Player/ModelWaterManager.cpp	486	43	error	'sqrtf' is not a member of 'std'; did you mean 'sqrt'?	1	src/Player/ModelWaterManager.cpp	f32 horLen = std::sqrtf(horVelSq);
host64	libc-decl	src/System/MSoundMainSide.cpp	770	21	error	'sqrtf' is not a member of 'std'; did you mean 'sqrt'?	1	src/System/MSoundMainSide.cpp	return std::sqrtf((a.x - b.x) * (a.x - b.x) + (a.y - b.y) * (a.y - b.y)
host64	main-signature	src/main.cpp	6	1	error	'::main' must return 'int'	1	src/main.cpp	void main(void)
host64	overload-ambiguity	src/JSystem/JKernel/JKRDvdArchive.cpp	12	30	error	call of overloaded 'JKRArchive(int, JKRArchive::EMountMode)' is ambiguous	1	src/JSystem/JKernel/JKRDvdArchive.cpp	: JKRArchive(0, MOUNT_DVD)
host64	overload-ambiguity	src/JSystem/JKernel/JKRMemArchive.cpp	41	30	error	call of overloaded 'JKRArchive(int, JKRArchive::EMountMode)' is ambiguous	1	src/JSystem/JKernel/JKRMemArchive.cpp	: JKRArchive(0, MOUNT_MEM)
host64	ppc-intrinsic	include/JSystem/JGeometry/JGUtil.hpp	70	28	error	'__frsqrte' was not declared in this scope; did you mean '__sqrtl'?	344	src/Animal/AnimalBase.cpp	f32 root = __frsqrte(mag);
host64	ppc-intrinsic	include/JSystem/JGeometry/JGUtil.hpp	79	28	error	'__frsqrte' was not declared in this scope; did you mean '__sqrtl'?	344	src/Animal/AnimalBase.cpp	f32 root = __frsqrte(mag);
host64	ppc-intrinsic	include/dolphin/gd/GDLight.h	78	22	error	'__cntlzw' was not declared in this scope	300	src/Animal/AnimalBase.cpp	idx = 0x1F - __cntlzw(id);
host64	ppc-intrinsic	include/MarioUtil/MathUtil.hpp	371	32	error	'__frsqrte' was not declared in this scope; did you mean '__sqrtl'?	212	src/Animal/AnimalBase.cpp	double guess = __frsqrte((double)x);
host64	ppc-intrinsic	include/fake_tgmath.h	11	32	error	'__frsqrte' was not declared in this scope; did you mean '__sqrtl'?	1	src/Map/MapWire.cpp	double guess = __frsqrte((double)x); // returns an approximation to
host64	ppc-intrinsic	include/fake_tgmath.h	26	32	error	'__frsqrte' was not declared in this scope; did you mean '__sqrtl'?	1	src/Map/MapWire.cpp	double guess = __frsqrte((double)x); // returns an approximation to
host64	ppc-intrinsic	src/Enemy/bgtentacle.cpp	205	42	error	'__frsqrte' was not declared in this scope; did you mean '__sqrtl'?	1	src/Enemy/bgtentacle.cpp	volatile f32 f = fVar1 * __frsqrte(fVar1);
host64	ppc-intrinsic	src/Enemy/enemy.cpp	255	35	error	'__frsqrte' was not declared in this scope; did you mean '__sqrtl'?	1	src/Enemy/enemy.cpp	volatile f32 f = fVar32 * __frsqrte(fVar32);
host64	ppc-intrinsic	src/Enemy/feetinv.cpp	22	33	error	'__frsqrte' was not declared in this scope; did you mean '__sqrtl'?	1	src/Enemy/feetinv.cpp	volatile f32 f = sine * __frsqrte(sine);
host64	ppc-intrinsic	src/Enemy/feetinv.cpp	35	33	error	'__frsqrte' was not declared in this scope; did you mean '__sqrtl'?	1	src/Enemy/feetinv.cpp	volatile f32 f = sine * __frsqrte(sine);
host64	ppc-intrinsic	src/Enemy/walker.cpp	54	41	error	'__frsqrte' was not declared in this scope; did you mean '__sqrtl'?	1	src/Enemy/walker.cpp	volatile f32 tmp = f7 * __frsqrte(f7);
host64	ppc-intrinsic	src/JSystem/JParticle/JPAField.cpp	91	42	error	'__fres' was not declared in this scope; did you mean '__frexp'?	1	src/JSystem/JParticle/JPAField.cpp	diff   = __fres(diff);
host64	ppc-intrinsic	src/JSystem/JParticle/JPAField.cpp	98	42	error	'__fres' was not declared in this scope; did you mean '__frexp'?	1	src/JSystem/JParticle/JPAField.cpp	diff   = __fres(diff);
host64	ppc-intrinsic	src/JSystem/JParticle/JPAMath.cpp	8	33	error	'__frsqrte' was not declared in this scope; did you mean '__sqrtl'?	1	src/JSystem/JParticle/JPAMath.cpp	return x * (f32)__frsqrte(x);
host64	ppc-intrinsic	src/JSystem/JParticle/JPAMath.cpp	165	28	error	'__fres' was not declared in this scope; did you mean '__frexp'?	1	src/JSystem/JParticle/JPAMath.cpp	axis.scale(__fres(sin));
host64	ppc-intrinsic	src/MarioUtil/MathUtil.cpp	130	19	error	'__fres' was not declared in this scope; did you mean '__frexp'?	1	src/MarioUtil/MathUtil.cpp	f32 inv = __fres(param_1);
host64	ppc-intrinsic	src/MoveBG/MapObjLib.cpp	803	29	error	'__frsqrte' was not declared in this scope; did you mean '__sqrtl'?	1	src/MoveBG/MapObjLib.cpp	f64 guess = __frsqrte((f64)lenSq);
host64	ppc-intrinsic	src/Strategic/HitActor.cpp	11	30	error	'__frsqrte' was not declared in this scope; did you mean '__sqrtl'?	1	src/Strategic/HitActor.cpp	volatile f32 f = x * __frsqrte(x);
host64	ref-binding	src/Enemy/bombhei.cpp	282	41	error	binding reference of type 'JGeometry::TVec3<float>&' to 'const JGeometry::TVec3<float>' discards qualifiers	1	src/Enemy/bombhei.cpp	smoke->generate(*BombheiPosition(this), mScaling);
host64	ref-binding	src/Enemy/tobiPuku.cpp	898	44	error	binding reference of type 'JGeometry::TVec3<float>&' to 'const JGeometry::TVec3<float>' discards qualifiers	1	src/Enemy/tobiPuku.cpp	enemy->generate(getPosition(), mScaling);
host64	ref-binding	src/GC2D/GCConsole2.cpp	833	71	error	cannot bind non-const lvalue reference of type 'TBoundPane*&' to an rvalue of type 'TBoundPane*'	1	src/GC2D/GCConsole2.cpp	changeCoinNum(console->unkD4[0], console->unkE0,
host64	ref-binding	src/GC2D/GCConsole2.cpp	839	71	error	cannot bind non-const lvalue reference of type 'TBoundPane*&' to an rvalue of type 'TBoundPane*'	1	src/GC2D/GCConsole2.cpp	changeCoinNum(console->unkD4[1], console->unkE0, rest / 10,
host64	ref-binding	src/GC2D/GCConsole2.cpp	844	63	error	cannot bind non-const lvalue reference of type 'TBoundPane*&' to an rvalue of type 'TBoundPane*'	1	src/GC2D/GCConsole2.cpp	changeCoinNum(console->unkD4[2], console->unkE0, rest % 10,
host64	ref-binding	src/GC2D/GCConsole2.cpp	848	71	error	cannot bind non-const lvalue reference of type 'TBoundPane*&' to an rvalue of type 'TBoundPane*'	1	src/GC2D/GCConsole2.cpp	changeCoinNum(console->unkD4[0], console->unkE0,
host64	ref-binding	src/GC2D/GCConsole2.cpp	851	63	error	cannot bind non-const lvalue reference of type 'TBoundPane*&' to an rvalue of type 'TBoundPane*'	1	src/GC2D/GCConsole2.cpp	changeCoinNum(console->unkD4[1], console->unkE0,
host64	ref-binding	src/System/MarDirectorInitECT.cpp	121	25	error	binding reference of type 'GXTexObj&' {aka '_GXTexObj&'} to 'const GXTexObj' {aka 'const _GXTexObj'} discards qualifiers	1	src/System/MarDirectorInitECT.cpp	GXTexObj& obj = *MarDirectorInitECTUnk60(mirrorCam);
host64	two-phase-lookup	include/JSystem/JGeometry/JGQuat4.hpp	62	20	error	'set' was not declared in this scope, and no declarations were found by argument-dependent lookup at the point of instantiation	11	src/Animal/AnimalBase.cpp	set(a.x * b.w + a.w * b.x + a.y * b.z - a.z * b.y,
host64	two-phase-lookup	include/Camera/cameralib.hpp	86	44	error	'CLBTwoDegreeGeneralInbetween' was not declared in this scope, and no declarations were found by argument-dependent lookup at the point of instantiation	2	src/Camera/CameraNormal.cpp	return CLBTwoDegreeGeneralInbetween(param_1, param_2, param_3,
host64	two-phase-lookup	include/JSystem/JGeometry/JGQuat4.hpp	49	20	error	'set' was not declared in this scope, and no declarations were found by argument-dependent lookup at the point of instantiation	2	src/Enemy/BathtubKiller.cpp	set(_x, _y, _z, _w);
host64	two-phase-lookup	include/JSystem/JSupport/JSUList.hpp	180	60	error	'append' was not declared in this scope, and no declarations were found by argument-dependent lookup at the point of instantiation	1	src/JSystem/J2D/J2DPane.cpp	bool appendChild(JSUTree<T>* child) { return append(child); }
compat64	access-control	src/Enemy/elecNokonoko.cpp	82	56	error	'typedef const class TNerveBase<TLiveActor>* TSpineBase<TLiveActor>::Nerve' is private within this context	1	src/Enemy/elecNokonoko.cpp	TSpineBase<TLiveActor>::Nerve nerve)
compat64	access-control	src/Enemy/elecNokonoko.cpp	91	59	error	'typedef const class TNerveBase<TLiveActor>* TSpineBase<TLiveActor>::Nerve' is private within this context	1	src/Enemy/elecNokonoko.cpp	TSpineBase<TLiveActor>::Nerve nerve)
compat64	asm-function	src/JSystem/J3D/J3DGraphBase/J3DTransform.cpp	33	5	error	expected '(' before 'bool'	1	src/JSystem/J3D/J3DGraphBase/J3DTransform.cpp	asm bool J3DPSCalcInverseTranspose(register MtxPtr src, register ROMtxPtr dst)
compat64	asm-function	src/JSystem/J3D/J3DGraphBase/J3DTransform.cpp	391	5	error	expected '(' before 'void'	1	src/JSystem/J3D/J3DGraphBase/J3DTransform.cpp	asm void J3DPSMtx33CopyFrom34(register MtxPtr src, register ROMtxPtr dst)
compat64	asm-function	src/JSystem/J3D/J3DGraphBase/J3DTransform.cpp	414	5	error	expected '(' before 'void'	1	src/JSystem/J3D/J3DGraphBase/J3DTransform.cpp	asm void J3DPSMtxArrayCopy(register MtxPtr src, register MtxPtr dst,
compat64	asm-function	src/JSystem/J3D/J3DGraphBase/J3DTransform.cpp	539	5	error	expected '(' before 'void'	1	src/JSystem/J3D/J3DGraphBase/J3DTransform.cpp	asm void J3DPSMtxArrayConcat(register Mtx fst, register Mtx snd,
compat64	asm-function	src/MarioUtil/MathUtil.cpp	474	5	error	expected '(' before 'f32'	1	src/MarioUtil/MathUtil.cpp	asm f32 MsVECMag2(register Vec* v)
compat64	asm-function	src/MarioUtil/MathUtil.cpp	491	5	error	expected '(' before 'void'	1	src/MarioUtil/MathUtil.cpp	asm void MsVECNormalize(register Vec* v1, register Vec* v2)
compat64	conflicting-redecl	src/Map/MapDraw.cpp	15	5	error	ambiguating new declaration of 'int SMSGetGameRenderHeight()'	1	src/Map/MapDraw.cpp	int SMSGetGameRenderHeight();
compat64	conflicting-redecl	src/Map/MapDraw.cpp	16	5	error	ambiguating new declaration of 'int SMSGetGameRenderWidth()'	1	src/Map/MapDraw.cpp	int SMSGetGameRenderWidth();
compat64	conflicting-redecl	src/Map/MapDraw.cpp	77	32	error	'SMSGetGameRenderWidth' was not declared in this scope	1	src/Map/MapDraw.cpp	GXPosition2s16(sVar1 + SMSGetGameRenderWidth(), -sVar1);
compat64	conflicting-redecl	src/Map/MapDraw.cpp	80	32	error	'SMSGetGameRenderHeight' was not declared in this scope	1	src/Map/MapDraw.cpp	sVar1 + SMSGetGameRenderHeight());
compat64	explicit-msl-include	include/PowerPC_EABI_Support/Msl/MSL_C/MSL_Common/string.h	20	7	error	ambiguating new declaration of 'void* memchr(const void*, int, size_t)'	1	src/MoveBG/MapObjTown.cpp	void* memchr(const void* ptr, int ch, size_t count);
compat64	explicit-msl-include	include/PowerPC_EABI_Support/Msl/MSL_C/MSL_Common/string.h	22	7	error	ambiguating new declaration of 'char* strrchr(const char*, int)'	1	src/MoveBG/MapObjTown.cpp	char* strrchr(const char* str, int c);
compat64	explicit-msl-include	include/PowerPC_EABI_Support/Msl/MSL_C/MSL_Common/string.h	23	7	error	ambiguating new declaration of 'char* strchr(const char*, int)'	1	src/MoveBG/MapObjTown.cpp	char* strchr(const char* str, int c);
compat64	explicit-msl-include	include/PowerPC_EABI_Support/Msl/MSL_C/MSL_Common/string.h	30	7	error	ambiguating new declaration of 'char* strstr(const char*, const char*)'	1	src/MoveBG/MapObjTown.cpp	char* strstr(const char* str, const char* pat);
compat64	host-libc-clash	include/JSystem/JSupport/JSUStreamEnum.hpp	10	27	error	expected identifier before '(' token	1	src/System/CardManager.cpp	enum EIoState { GOOD = 0, EOF = 1 };
compat64	host-libc-clash	include/JSystem/JSupport/JSUStreamEnum.hpp	10	27	error	expected '}' before '(' token	1	src/System/CardManager.cpp	enum EIoState { GOOD = 0, EOF = 1 };
compat64	host-libc-clash	include/JSystem/JSupport/JSUStreamEnum.hpp	10	27	error	expected unqualified-id before '-' token	1	src/System/CardManager.cpp	enum EIoState { GOOD = 0, EOF = 1 };
compat64	host-libc-clash	include/JSystem/JSupport/JSUStreamEnum.hpp	10	27	error	expected ')' before '-' token	1	src/System/CardManager.cpp	enum EIoState { GOOD = 0, EOF = 1 };
compat64	host-libc-clash	include/JSystem/JSupport/JSUStreamEnum.hpp	10	35	error	expected declaration before '}' token	1	src/System/CardManager.cpp	enum EIoState { GOOD = 0, EOF = 1 };
compat64	host-libc-clash	include/fake_tgmath.h	22	33	error	'float sqrt(float)' conflicts with a previous declaration	1	src/Map/MapWire.cpp	extern inline float sqrt(float x)
compat64	host-libc-clash	include/fake_tgmath.h	38	33	error	'float fabs(float)' conflicts with a previous declaration	1	src/Map/MapWire.cpp	extern inline float fabs(float x)
compat64	host-libc-clash	include/fake_tgmath.h	48	27	error	'float floor(float)' conflicts with a previous declaration	1	src/Map/MapWire.cpp	inline float floor(float x)
compat64	implicit-conv	include/M3DUtil/MActorData.hpp	82	35	error	cannot convert 'J3DAnmBase**' to 'void**'	207	src/Animal/AnimalBase.cpp	sortByFileNameRaw(mAnimations);
compat64	implicit-conv	include/JSystem/JGadget/linklist.hpp	287	42	error	invalid conversion from 'const JUTConsole*' to 'JUTConsole*' [-fpermissive]	1	src/JSystem/JUtility/JUTConsole.cpp	T* p = operator->();
compat64	implicit-conv	include/JSystem/JSupport/JSUList.hpp	182	61	error	cannot convert 'JSUTree<J2DPane>*' to 'const char*'	1	src/GC2D/GCConsole2.cpp	bool removeChild(JSUTree<T>* child) { return remove(child); }
compat64	implicit-conv	src/Enemy/tinkoopa.cpp	1104	49	error	invalid conversion from 'const TNerveBase<TLiveActor>*' to 'TNerveBase<TLiveActor>*' [-fpermissive]	1	src/Enemy/tinkoopa.cpp	TNerveBase<TLiveActor>* nerve = &TNerveTinKoopaBreak::theNerve();
compat64	implicit-conv	src/Enemy/tinkoopa.cpp	1109	41	error	invalid conversion from 'const TNerveBase<TLiveActor>*' to 'TNerveBase<TLiveActor>*' [-fpermissive]	1	src/Enemy/tinkoopa.cpp	TNerveBase<TLiveActor>* nerve = &TNerveTinKoopaDamage::theNerve();
compat64	implicit-conv	src/GC2D/MovieRumble.cpp	120	58	error	invalid conversion from 's32' {aka 'int'} to 'const char*' [-fpermissive]	1	src/GC2D/MovieRumble.cpp	toolData->GetValue(group, "start_frame", unk1C);
compat64	implicit-conv	src/GC2D/MovieRumble.cpp	121	56	error	invalid conversion from 's32' {aka 'int'} to 'const char*' [-fpermissive]	1	src/GC2D/MovieRumble.cpp	toolData->GetValue(group, "end_frame", unk20);
compat64	implicit-conv	src/MoveBG/MapObjHide.cpp	626	32	error	invalid conversion from 'const char*' to 'char*' [-fpermissive]	1	src/MoveBG/MapObjHide.cpp	char* wrapName = strstr(mName, "ふたご落書きＡ");
compat64	jump-over-init	src/Enemy/gesso.cpp	675	14	error	jump to case label	1	src/Enemy/gesso.cpp	case STATE_ROLLING:
compat64	jump-over-init	src/Enemy/gesso.cpp	678	14	error	jump to case label	1	src/Enemy/gesso.cpp	case STATE_BEAM_CHILLING:
compat64	jump-over-init	src/JSystem/JAudio/JASystem/JASTrack.cpp	809	1	error	jump to label 'bail'	1	src/JSystem/JAudio/JASystem/JASTrack.cpp	bail:
compat64	jump-over-init	src/Player/MarioAutodemo.cpp	37	14	error	jump to case label	1	src/Player/MarioAutodemo.cpp	case 1:
compat64	jump-over-init	src/Player/MarioAutodemo.cpp	41	9	error	jump to case label	1	src/Player/MarioAutodemo.cpp	default:
compat64	jump-over-init	src/System/MarDirectorDirect.cpp	515	14	error	jump to case label	1	src/System/MarDirectorDirect.cpp	case STATE_UNK4:
compat64	jump-over-init	src/System/MarDirectorDirect.cpp	521	14	error	jump to case label	1	src/System/MarDirectorDirect.cpp	case STATE_UNK5:
compat64	jump-over-init	src/System/MarDirectorDirect.cpp	528	14	error	jump to case label	1	src/System/MarDirectorDirect.cpp	case STATE_UNK10:
compat64	jump-over-init	src/System/MarDirectorDirect.cpp	542	14	error	jump to case label	1	src/System/MarDirectorDirect.cpp	case STATE_UNK11:
compat64	libc-decl	include/M3DUtil/MActorData.hpp	72	33	error	there are no arguments to 'snprintf' that depend on a template parameter, so a declaration of 'snprintf' must be available [-fpermissive]	202	src/Animal/AnimalBase.cpp	snprintf(tmp, 0xff, "%s%s", directory, mAnmNames[i]);
compat64	libc-decl	include/M3DUtil/MActorData.hpp	73	33	error	there are no arguments to 'snprintf' that depend on a template parameter, so a declaration of 'snprintf' must be available [-fpermissive]	202	src/Animal/AnimalBase.cpp	snprintf(buf, 0xff, "%s%s", tmp, extension);
compat64	libc-decl	include/M3DUtil/MActorData.hpp	75	33	error	there are no arguments to 'snprintf' that depend on a template parameter, so a declaration of 'snprintf' must be available [-fpermissive]	202	src/Animal/AnimalBase.cpp	snprintf(buf, 0xff, "%s%s", mAnmNames[i], extension);
compat64	libc-decl	include/Enemy/KoopaNerve.hpp	17	25	error	'fmodf' is not a member of 'std'; did you mean 'modf'?	1	src/Enemy/Koopa.cpp	return l + std::fmodf((r - l) + (t - l), r - l);
compat64	libc-decl	include/M3DUtil/MActorData.hpp	72	41	error	'snprintf' was not declared in this scope	1	src/M3DUtil/MActorData.cpp	snprintf(tmp, 0xff, "%s%s", directory, mAnmNames[i]);
compat64	libc-decl	include/M3DUtil/MActorData.hpp	73	41	error	'snprintf' was not declared in this scope, and no declarations were found by argument-dependent lookup at the point of instantiation	1	src/M3DUtil/MActorData.cpp	snprintf(buf, 0xff, "%s%s", tmp, extension);
compat64	libc-decl	include/M3DUtil/MActorData.hpp	75	41	error	'snprintf' was not declared in this scope	1	src/M3DUtil/MActorData.cpp	snprintf(buf, 0xff, "%s%s", mAnmNames[i], extension);
compat64	libc-decl	src/Enemy/BathtubPeach.cpp	93	25	error	'fmodf' is not a member of 'std'; did you mean 'modf'?	1	src/Enemy/BathtubPeach.cpp	return l + std::fmodf((r - l) + (t - l), r - l);
compat64	libc-decl	src/Enemy/bossManta.cpp	1218	17	error	'snprintf' was not declared in this scope	1	src/Enemy/bossManta.cpp	snprintf(name, 0x40, "palmOugi %d", i);
compat64	libc-decl	src/Enemy/enemyMario.cpp	173	17	error	'snprintf' was not declared in this scope	1	src/Enemy/enemyMario.cpp	snprintf(buffer, 0xff, "/mario/bas/ma_%s.bas", marioAnimeFiles[i].unk4);
compat64	libc-decl	src/Enemy/enemyMario.cpp	412	17	error	'snprintf' was not declared in this scope	1	src/Enemy/enemyMario.cpp	snprintf(linkDataPath, sizeof(linkDataPath),
compat64	libc-decl	src/Enemy/enemyMario.cpp	415	17	error	'snprintf' was not declared in this scope	1	src/Enemy/enemyMario.cpp	snprintf(linkDataPath, sizeof(linkDataPath),
compat64	libc-decl	src/Enemy/enemyMario.cpp	456	41	error	'snprintf' was not declared in this scope	1	src/Enemy/enemyMario.cpp	snprintf(replayFileNames[linkCount], 3, "%c%c",
compat64	libc-decl	src/Enemy/enemyMario.cpp	468	17	error	'snprintf' was not declared in this scope	1	src/Enemy/enemyMario.cpp	snprintf(graphName, sizeof(graphName), "mariomodoki%d", mPadIndex);
compat64	libc-decl	src/Enemy/enemyMario.cpp	484	33	error	'snprintf' was not declared in this scope	1	src/Enemy/enemyMario.cpp	snprintf(replayPath, sizeof(replayPath),
compat64	libc-decl	src/Enemy/enemyMario.cpp	488	33	error	'snprintf' was not declared in this scope	1	src/Enemy/enemyMario.cpp	snprintf(replayPath, sizeof(replayPath),
compat64	libc-decl	src/Enemy/enemyMario.cpp	550	33	error	'snprintf' was not declared in this scope	1	src/Enemy/enemyMario.cpp	snprintf(runAwayPath, sizeof(runAwayPath),
compat64	libc-decl	src/Enemy/enemyMario.cpp	1722	33	error	'sqrtf' is not a member of 'std'; did you mean 'sqrt'?	1	src/Enemy/enemyMario.cpp	mDistanceToMario = std::sqrtf(dx * dx + dz * dz);
compat64	libc-decl	src/Enemy/enemyMario.cpp	1747	35	error	'sqrtf' is not a member of 'std'; did you mean 'sqrt'?	1	src/Enemy/enemyMario.cpp	unk108->mStickDist = std::sqrtf(unk108->mStickH * unk108->mStickH
compat64	libc-decl	src/Enemy/gatekeeper.cpp	604	9	error	'snprintf' was not declared in this scope	1	src/Enemy/gatekeeper.cpp	snprintf(mDemoName, 0x100, "%s出現カメラ", mName);
compat64	libc-decl	src/Enemy/gatekeeper.cpp	613	9	error	'snprintf' was not declared in this scope	1	src/Enemy/gatekeeper.cpp	snprintf(mDemoName, 0x100, "%s撃沈カメラ", mName);
compat64	libc-decl	src/Enemy/koopajr.cpp	77	25	error	'fmodf' is not a member of 'std'; did you mean 'modf'?	1	src/Enemy/koopajr.cpp	return l + std::fmodf((r - l) + (t - l), r - l);
compat64	libc-decl	src/Enemy/koopajr.cpp	126	32	error	'fmodf' is not a member of 'std'; did you mean 'modf'?	1	src/Enemy/koopajr.cpp	mDirection = lo + std::fmodf(range + offset, range);
compat64	libc-decl	src/Enemy/spline.cpp	32	26	error	'fabsf' is not a member of 'std'; did you mean 'fabs'?	1	src/Enemy/spline.cpp	if (std::fabsf(mTmpParamDeltas[i]) < 0.0001f) {
compat64	libc-decl	src/Enemy/spline.cpp	42	26	error	'fabsf' is not a member of 'std'; did you mean 'fabs'?	1	src/Enemy/spline.cpp	if (std::fabsf(mTmp[i]) < 0.0001f)
compat64	libc-decl	src/Enemy/wireTrap.cpp	49	25	error	'fmodf' is not a member of 'std'; did you mean 'modf'?	1	src/Enemy/wireTrap.cpp	return l + std::fmodf((r - l) + (t - l), r - l);
compat64	libc-decl	src/GC2D/Option.cpp	199	63	error	'TAU' was not declared in this scope	1	src/GC2D/Option.cpp	f32 fVar2 = mAmplitude * JMASin(RAD_TO_DEG(progress * TAU));
compat64	libc-decl	src/GC2D/Option.cpp	199	41	error	'RAD_TO_DEG' was not declared in this scope	1	src/GC2D/Option.cpp	f32 fVar2 = mAmplitude * JMASin(RAD_TO_DEG(progress * TAU));
compat64	libc-decl	src/JSystem/J2D/J2DPane.cpp	255	45	error	'DEG_TO_RAD' was not declared in this scope	1	src/JSystem/J2D/J2DPane.cpp	MTXRotRad(rotate, mRotAxis, DEG_TO_RAD(r));
compat64	libc-decl	src/JSystem/J2D/J2DPrint.cpp	21	15	error	'vsnprintf' was not declared in this scope	1	src/JSystem/J2D/J2DPrint.cpp	= vsnprintf(J2DPrint::mStrBuff, J2DPrint::mStrBuffSize, format, args);
compat64	libc-decl	src/JSystem/J2D/J2DPrint.cpp	185	18	error	'vsnprintf' was not declared in this scope	1	src/JSystem/J2D/J2DPrint.cpp	s32 sz = vsnprintf(mStrBuff, mStrBuffSize, format, args);
compat64	libc-decl	src/JSystem/J3D/J3DGraphAnimator/J3DCluster.cpp	297	26	error	'sqrtf' is not a member of 'std'; did you mean 'sqrt'?	1	src/JSystem/J3D/J3DGraphAnimator/J3DCluster.cpp	/ std::sqrtf(vec[0] * vec[0] + vec[1] * vec[1] + vec[2] * vec[2]);
compat64	libc-decl	src/JSystem/J3D/J3DGraphAnimator/J3DModel.cpp	1152	39	error	'sqrtf' is not a member of 'std'; did you mean 'sqrt'?	1	src/JSystem/J3D/J3DGraphAnimator/J3DModel.cpp	f32 sx = std::sqrtf(drawMtx[0][0] * drawMtx[0][0]
compat64	libc-decl	src/JSystem/J3D/J3DGraphAnimator/J3DModel.cpp	1155	39	error	'sqrtf' is not a member of 'std'; did you mean 'sqrt'?	1	src/JSystem/J3D/J3DGraphAnimator/J3DModel.cpp	f32 sy = std::sqrtf(drawMtx[0][1] * drawMtx[0][1]
compat64	libc-decl	src/JSystem/J3D/J3DGraphAnimator/J3DModel.cpp	1158	39	error	'sqrtf' is not a member of 'std'; did you mean 'sqrt'?	1	src/JSystem/J3D/J3DGraphAnimator/J3DModel.cpp	f32 sz = std::sqrtf(drawMtx[0][2] * drawMtx[0][2]
compat64	libc-decl	src/JSystem/J3D/J3DGraphAnimator/J3DModel.cpp	1191	39	error	'sqrtf' is not a member of 'std'; did you mean 'sqrt'?	1	src/JSystem/J3D/J3DGraphAnimator/J3DModel.cpp	f32 sx = std::sqrtf(drawMtx[0][0] * drawMtx[0][0]
compat64	libc-decl	src/JSystem/J3D/J3DGraphAnimator/J3DModel.cpp	1194	39	error	'sqrtf' is not a member of 'std'; did you mean 'sqrt'?	1	src/JSystem/J3D/J3DGraphAnimator/J3DModel.cpp	f32 sy = std::sqrtf(drawMtx[0][1] * drawMtx[0][1]
compat64	libc-decl	src/JSystem/J3D/J3DGraphAnimator/J3DModel.cpp	1197	39	error	'sqrtf' is not a member of 'std'; did you mean 'sqrt'?	1	src/JSystem/J3D/J3DGraphAnimator/J3DModel.cpp	f32 sz = std::sqrtf(drawMtx[0][2] * drawMtx[0][2]
compat64	libc-decl	src/JSystem/JAudio/JAInterface/JAIGFrameSe.cpp	299	50	error	'sqrtf' is not a member of 'std'; did you mean 'sqrt'?	1	src/JSystem/JAudio/JAInterface/JAIGFrameSe.cpp	*dPtr     = std::sqrtf(*dPtr);
compat64	libc-decl	src/JSystem/JAudio/JAInterface/JAIGFrameSequence.cpp	265	42	error	'sqrtf' is not a member of 'std'; did you mean 'sqrt'?	1	src/JSystem/JAudio/JAInterface/JAIGFrameSequence.cpp	pi->unk18 = std::sqrtf(pi->mCamSpacePos.x * pi->mCamSpacePos.x
compat64	libc-decl	src/JSystem/JAudio/JAInterface/JAISound.cpp	244	38	error	'fabsf' is not a member of 'std'; did you mean 'fabs'?	1	src/JSystem/JAudio/JAInterface/JAISound.cpp	f32 distanceX = std::fabsf(info.mCamSpacePos.x);
compat64	libc-decl	src/JSystem/JAudio/JAInterface/JAISound.cpp	245	38	error	'fabsf' is not a member of 'std'; did you mean 'fabs'?	1	src/JSystem/JAudio/JAInterface/JAISound.cpp	f32 distanceZ = std::fabsf(info.mCamSpacePos.z);
compat64	libc-decl	src/JSystem/JAudio/JAInterface/JAISound.cpp	303	26	error	'sqrtf' is not a member of 'std'; did you mean 'sqrt'?	1	src/JSystem/JAudio/JAInterface/JAISound.cpp	f32 len   = std::sqrtf(lenSq);
compat64	libc-decl	src/JSystem/JAudio/JAInterface/JAISound.cpp	310	27	error	'sqrtf' is not a member of 'std'; did you mean 'sqrt'?	1	src/JSystem/JAudio/JAInterface/JAISound.cpp	f32 len2   = std::sqrtf(lenSq2);
compat64	libc-decl	src/JSystem/JAudio/JALibrary/JALCalc.cpp	75	49	error	'sqrtf' is not a member of 'std'; did you mean 'sqrt'?	1	src/JSystem/JAudio/JALibrary/JALCalc.cpp	f32 getDist(Vec* vec1, Vec* vec2) { return std::sqrtf(getDistPow(vec1, vec2)); }
compat64	libc-decl	src/JSystem/JAudio/JALibrary/JALCalc.cpp	85	33	error	'powf' is not a member of 'std'; did you mean 'pow'?	1	src/JSystem/JAudio/JALibrary/JALCalc.cpp	float dy = std::powf(vec1->y, 2.0f);
compat64	libc-decl	src/JSystem/JAudio/JALibrary/JALCalc.cpp	86	33	error	'powf' is not a member of 'std'; did you mean 'pow'?	1	src/JSystem/JAudio/JALibrary/JALCalc.cpp	float dx = std::powf(vec1->x, 2.0f);
compat64	libc-decl	src/JSystem/JAudio/JALibrary/JALCalc.cpp	87	33	error	'powf' is not a member of 'std'; did you mean 'pow'?	1	src/JSystem/JAudio/JALibrary/JALCalc.cpp	float dz = std::powf(vec1->z, 2.0f);
compat64	libc-decl	src/JSystem/JAudio/JASystem/JASOscillator.cpp	261	43	error	'fabsf' is not a member of 'std'; did you mean 'fabs'?	1	src/JSystem/JAudio/JASystem/JASOscillator.cpp	f32 valAbs = std::fabsf(
compat64	libc-decl	src/JSystem/JDrama/JDRCamera.cpp	72	28	error	'DEG_TO_RAD' was not declared in this scope	1	src/JSystem/JDrama/JDRCamera.cpp	local_D4.setEularZ(DEG_TO_RAD(-unk40));
compat64	libc-decl	src/JSystem/JDrama/JDRSmJ3DAct.cpp	52	31	error	'DEG_TO_RAD' was not declared in this scope	1	src/JSystem/JDrama/JDRSmJ3DAct.cpp	tmp.setEularZ(DEG_TO_RAD(getRotation().z));
compat64	libc-decl	src/JSystem/JParticle/JPAMath.cpp	232	26	error	'sqrtf' is not a member of 'std'; did you mean 'sqrt'?	1	src/JSystem/JParticle/JPAMath.cpp	param_2.x = std::sqrtf(param_1[0][0] * param_1[0][0]
compat64	libc-decl	src/JSystem/JParticle/JPAMath.cpp	235	26	error	'sqrtf' is not a member of 'std'; did you mean 'sqrt'?	1	src/JSystem/JParticle/JPAMath.cpp	param_2.y = std::sqrtf(param_1[0][1] * param_1[0][1]
compat64	libc-decl	src/JSystem/JParticle/JPAMath.cpp	238	26	error	'sqrtf' is not a member of 'std'; did you mean 'sqrt'?	1	src/JSystem/JParticle/JPAMath.cpp	param_2.z = std::sqrtf(param_1[0][2] * param_1[0][2]
compat64	libc-decl	src/JSystem/JUtility/JUTDirectPrint.cpp	151	9	error	'va_start' was not declared in this scope; did you mean 'start'?	1	src/JSystem/JUtility/JUTDirectPrint.cpp	va_start(args, format);
compat64	libc-decl	src/JSystem/JUtility/JUTDirectPrint.cpp	182	9	error	'va_end' was not declared in this scope	1	src/JSystem/JUtility/JUTDirectPrint.cpp	va_end(args);
compat64	libc-decl	src/JSystem/JUtility/JUTDirectPrint.cpp	197	9	error	'va_start' was not declared in this scope; did you mean 'start'?	1	src/JSystem/JUtility/JUTDirectPrint.cpp	va_start(args, format);
compat64	libc-decl	src/JSystem/JUtility/JUTDirectPrint.cpp	228	9	error	'va_end' was not declared in this scope	1	src/JSystem/JUtility/JUTDirectPrint.cpp	va_end(args);
compat64	libc-decl	src/JSystem/JUtility/JUTGamePad.cpp	353	23	error	'sqrtf' is not a member of 'std'; did you mean 'sqrt'?	1	src/JSystem/JUtility/JUTGamePad.cpp	mValue = std::sqrtf((mPosX * mPosX) + (mPosY * mPosY));
compat64	libc-decl	src/M3DUtil/MActorData.cpp	155	23	error	'snprintf' was not declared in this scope	1	src/M3DUtil/MActorData.cpp	= snprintf(fullAnmPath, 0xff, "%s%s", "/", anm_folder);
compat64	libc-decl	src/M3DUtil/MActorData.cpp	157	37	error	'snprintf' was not declared in this scope	1	src/M3DUtil/MActorData.cpp	fullAnmPathLength = snprintf(fullAnmPath, 0xff, "%s", anm_folder);
compat64	libc-decl	src/M3DUtil/MActorData.cpp	163	9	error	'snprintf' was not declared in this scope	1	src/M3DUtil/MActorData.cpp	snprintf(anmFolder, 0xff, "%s%s", fullAnmPath, "/");
compat64	libc-decl	src/M3DUtil/MActorData.cpp	244	9	error	'snprintf' was not declared in this scope	1	src/M3DUtil/MActorData.cpp	snprintf(simple_name, length, "%s", file_name);
compat64	libc-decl	src/MSound/MAnmSound.cpp	103	29	error	'sqrtf' is not a member of 'std'; did you mean 'sqrt'?	1	src/MSound/MAnmSound.cpp	return std::sqrtf(std::powf(pos.x - mario->x, 2.0f)
compat64	libc-decl	src/MSound/MAnmSound.cpp	103	40	error	'powf' is not a member of 'std'; did you mean 'pow'?	1	src/MSound/MAnmSound.cpp	return std::sqrtf(std::powf(pos.x - mario->x, 2.0f)
compat64	libc-decl	src/MSound/MAnmSound.cpp	104	42	error	'powf' is not a member of 'std'; did you mean 'pow'?	1	src/MSound/MAnmSound.cpp	+ std::powf(pos.y - mario->y, 2.0f)
compat64	libc-decl	src/MSound/MAnmSound.cpp	105	42	error	'powf' is not a member of 'std'; did you mean 'pow'?	1	src/MSound/MAnmSound.cpp	+ std::powf(pos.z - mario->z, 2.0f));
compat64	libc-decl	src/MSound/MSound.cpp	824	34	error	'powf' is not a member of 'std'; did you mean 'pow'?	1	src/MSound/MSound.cpp	f32 fVar3 = dVar2 * std::powf(0.00020000001f, 1.0f / param_1);
compat64	libc-decl	src/MSound/MSoundSE.cpp	513	21	error	'sqrtf' is not a member of 'std'; did you mean 'sqrt'?	1	src/MSound/MSoundSE.cpp	return std::sqrtf(vec.x * vec.x + vec.y * vec.y + vec.z * vec.z);
compat64	libc-decl	src/Map/JointModel.cpp	21	9	error	'snprintf' was not declared in this scope	1	src/Map/JointModel.cpp	snprintf(path, 64, "/%s/%s.bmd", mManager->getFolder(), name);
compat64	libc-decl	src/Map/MapEventSink.cpp	314	25	error	'snprintf' was not declared in this scope	1	src/Map/MapEventSink.cpp	snprintf(buffer, 0x40, "バナナツリー（スケール） %d", i);
compat64	libc-decl	src/Map/MapEventSink.cpp	320	25	error	'snprintf' was not declared in this scope	1	src/Map/MapEventSink.cpp	snprintf(buffer, 0x40, "落書き内%02d", i);
compat64	libc-decl	src/Map/MapMirror.cpp	490	33	error	'snprintf' was not declared in this scope	1	src/Map/MapMirror.cpp	snprintf(acStack_130, 0x100, "/scene/map/mirror/mirror%s.bmd",
compat64	libc-decl	src/Map/MapMirror.cpp	493	33	error	'snprintf' was not declared in this scope	1	src/Map/MapMirror.cpp	snprintf(acStack_130, 0x100, "/scene/map/mirror/mirror%02d.bmd",
compat64	libc-decl	src/MarioUtil/MtxUtil.cpp	348	17	error	'snprintf' was not declared in this scope	1	src/MarioUtil/MtxUtil.cpp	snprintf(path, 0x40, "/%s/MtxEffect%d.prm", prmLocation, mBoneIDs[i]);
compat64	libc-decl	src/MoveBG/MapObjCorona.cpp	303	25	error	'fmodf' is not a member of 'std'; did you mean 'modf'?	1	src/MoveBG/MapObjCorona.cpp	return l + std::fmodf((r - l) + (t - l), r - l);
compat64	libc-decl	src/MoveBG/MapObjHide.cpp	140	25	error	'snprintf' was not declared in this scope	1	src/MoveBG/MapObjHide.cpp	snprintf(mHiddenShineDemoName, nameLen + 0x13,
compat64	libc-decl	src/MoveBG/MapObjHide.cpp	635	17	error	'snprintf' was not declared in this scope	1	src/MoveBG/MapObjHide.cpp	snprintf(buffer2, 0x40, "ふたご落書きＢ００");
compat64	libc-decl	src/MoveBG/MapObjHide.cpp	650	9	error	'snprintf' was not declared in this scope	1	src/MoveBG/MapObjHide.cpp	snprintf(unk178, 0x19, "%sカメラ", getName());
compat64	libc-decl	src/MoveBG/MapObjInit.cpp	11127	17	error	'snprintf' was not declared in this scope	1	src/MoveBG/MapObjInit.cpp	snprintf(buffer, 64, "%s.bmd", mMapObjData->unk0);
compat64	libc-decl	src/MoveBG/MapObjLib.cpp	243	9	error	'snprintf' was not declared in this scope	1	src/MoveBG/MapObjLib.cpp	snprintf(buffer, 64, "/scene/map/map/building%02d.col", param_1);
compat64	libc-decl	src/MoveBG/MapObjLib.cpp	253	9	error	'snprintf' was not declared in this scope	1	src/MoveBG/MapObjLib.cpp	snprintf(buffer, 64, "/scene/map/map/building%02d.col", param_1);
compat64	libc-decl	src/MoveBG/MapObjLib.cpp	462	29	error	'tolower' is not a member of 'std'; did you mean 'tolower'?	1	src/MoveBG/MapObjLib.cpp	*out = std::tolower(*in);
compat64	libc-decl	src/MoveBG/MapObjLib.cpp	789	21	error	'atan2f' is not a member of 'std'; did you mean 'atan2'?	1	src/MoveBG/MapObjLib.cpp	return std::atan2f(param_1.z - mPosition.z, param_1.x - mPosition.x);
compat64	libc-decl	src/MoveBG/MapObjLib.cpp	794	21	error	'atan2f' is not a member of 'std'; did you mean 'atan2'?	1	src/MoveBG/MapObjLib.cpp	return std::atan2f(param_1.z - mPosition.z, param_1.x - mPosition.x);
compat64	libc-decl	src/MoveBG/ModelGate.cpp	399	48	error	'sqrtf' is not a member of 'std'; did you mean 'sqrt'?	1	src/MoveBG/ModelGate.cpp	f32 len = std::sqrtf(dx * dx + dz * dz);
compat64	libc-decl	src/Player/MarioAutodemo.cpp	62	33	error	'sqrtf' is not a member of 'std'; did you mean 'sqrt'?	1	src/Player/MarioAutodemo.cpp	f32 dist = std::sqrtf(dx * dx + dz * dz);
compat64	libc-decl	src/Player/MarioCheckCol.cpp	205	41	error	'sqrtf' is not a member of 'std'; did you mean 'sqrt'?	1	src/Player/MarioCheckCol.cpp	f32 dist = std::sqrtf(dx * dx + dz * dz);
compat64	libc-decl	src/Player/MarioCheckCol.cpp	295	41	error	'sqrtf' is not a member of 'std'; did you mean 'sqrt'?	1	src/Player/MarioCheckCol.cpp	f32 dist = std::sqrtf(dx * dx + dz * dz);
compat64	libc-decl	src/Player/MarioDraw.cpp	423	41	error	'sqrtf' is not a member of 'std'; did you mean 'sqrt'?	1	src/Player/MarioDraw.cpp	f32 mult = std::sqrtf(x * x + z * z);
compat64	libc-decl	src/Player/MarioDraw.cpp	1279	17	error	'snprintf' was not declared in this scope	1	src/Player/MarioDraw.cpp	snprintf(buffer, 0xff, "/mario/bck/ma_%s.bck", marioAnimeFiles[i].unk4);
compat64	libc-decl	src/Player/MarioMove.cpp	767	43	error	'sqrtf' is not a member of 'std'; did you mean 'sqrt'?	1	src/Player/MarioMove.cpp	mForwardVel     = param_2 * -std::sqrtf(tmp.x * tmp.x + z * z);
compat64	libc-decl	src/Player/MarioMove.cpp	2409	31	error	'sqrtf' is not a member of 'std'; did you mean 'sqrt'?	1	src/Player/MarioMove.cpp	f32 f4 = std::sqrtf(dx * dx + dz * dz);
compat64	libc-decl	src/Player/MarioPhysics.cpp	55	34	error	'sqrtf' is not a member of 'std'; did you mean 'sqrt'?	1	src/Player/MarioPhysics.cpp	f32 velSq = std::sqrtf(mVel.x * mVel.x + mVel.z * mVel.z);
compat64	libc-decl	src/Player/MarioPhysics.cpp	520	27	error	'sqrtf' is not a member of 'std'; did you mean 'sqrt'?	1	src/Player/MarioPhysics.cpp	f32 speed  = std::sqrtf(mVel.x * mVel.x + mVel.z * mVel.z);
compat64	libc-decl	src/Player/MarioRun.cpp	518	24	error	'sqrtf' is not a member of 'std'; did you mean 'sqrt'?	1	src/Player/MarioRun.cpp	f32 mag = std::sqrtf(
compat64	libc-decl	src/Player/ModelWaterManager.cpp	486	43	error	'sqrtf' is not a member of 'std'; did you mean 'sqrt'?	1	src/Player/ModelWaterManager.cpp	f32 horLen = std::sqrtf(horVelSq);
compat64	libc-decl	src/System/MSoundMainSide.cpp	770	21	error	'sqrtf' is not a member of 'std'; did you mean 'sqrt'?	1	src/System/MSoundMainSide.cpp	return std::sqrtf((a.x - b.x) * (a.x - b.x) + (a.y - b.y) * (a.y - b.y)
compat64	main-signature	src/main.cpp	6	1	error	'::main' must return 'int'	1	src/main.cpp	void main(void)
compat64	ppc-intrinsic	include/JSystem/JGeometry/JGUtil.hpp	70	28	error	'__frsqrte' was not declared in this scope; did you mean '__sqrtl'?	378	src/Animal/AnimalBase.cpp	f32 root = __frsqrte(mag);
compat64	ppc-intrinsic	include/JSystem/JGeometry/JGUtil.hpp	79	28	error	'__frsqrte' was not declared in this scope; did you mean '__sqrtl'?	378	src/Animal/AnimalBase.cpp	f32 root = __frsqrte(mag);
compat64	ppc-intrinsic	include/MarioUtil/MathUtil.hpp	371	32	error	'__frsqrte' was not declared in this scope; did you mean '__sqrtl'?	240	src/Animal/AnimalBase.cpp	double guess = __frsqrte((double)x);
compat64	ppc-intrinsic	include/fake_tgmath.h	11	32	error	'__frsqrte' was not declared in this scope; did you mean '__sqrtl'?	1	src/Map/MapWire.cpp	double guess = __frsqrte((double)x); // returns an approximation to
compat64	ppc-intrinsic	include/fake_tgmath.h	26	32	error	'__frsqrte' was not declared in this scope; did you mean '__sqrtl'?	1	src/Map/MapWire.cpp	double guess = __frsqrte((double)x); // returns an approximation to
compat64	ppc-intrinsic	src/Enemy/bgtentacle.cpp	205	42	error	'__frsqrte' was not declared in this scope; did you mean '__sqrtl'?	1	src/Enemy/bgtentacle.cpp	volatile f32 f = fVar1 * __frsqrte(fVar1);
compat64	ppc-intrinsic	src/Enemy/enemy.cpp	255	35	error	'__frsqrte' was not declared in this scope; did you mean '__sqrtl'?	1	src/Enemy/enemy.cpp	volatile f32 f = fVar32 * __frsqrte(fVar32);
compat64	ppc-intrinsic	src/Enemy/feetinv.cpp	22	33	error	'__frsqrte' was not declared in this scope; did you mean '__sqrtl'?	1	src/Enemy/feetinv.cpp	volatile f32 f = sine * __frsqrte(sine);
compat64	ppc-intrinsic	src/Enemy/feetinv.cpp	35	33	error	'__frsqrte' was not declared in this scope; did you mean '__sqrtl'?	1	src/Enemy/feetinv.cpp	volatile f32 f = sine * __frsqrte(sine);
compat64	ppc-intrinsic	src/Enemy/walker.cpp	54	41	error	'__frsqrte' was not declared in this scope; did you mean '__sqrtl'?	1	src/Enemy/walker.cpp	volatile f32 tmp = f7 * __frsqrte(f7);
compat64	ppc-intrinsic	src/JSystem/JParticle/JPAField.cpp	91	42	error	'__fres' was not declared in this scope; did you mean '__frexp'?	1	src/JSystem/JParticle/JPAField.cpp	diff   = __fres(diff);
compat64	ppc-intrinsic	src/JSystem/JParticle/JPAField.cpp	98	42	error	'__fres' was not declared in this scope; did you mean '__frexp'?	1	src/JSystem/JParticle/JPAField.cpp	diff   = __fres(diff);
compat64	ppc-intrinsic	src/JSystem/JParticle/JPAMath.cpp	8	33	error	'__frsqrte' was not declared in this scope; did you mean '__sqrtl'?	1	src/JSystem/JParticle/JPAMath.cpp	return x * (f32)__frsqrte(x);
compat64	ppc-intrinsic	src/JSystem/JParticle/JPAMath.cpp	165	28	error	'__fres' was not declared in this scope; did you mean '__frexp'?	1	src/JSystem/JParticle/JPAMath.cpp	axis.scale(__fres(sin));
compat64	ppc-intrinsic	src/MarioUtil/MathUtil.cpp	130	19	error	'__fres' was not declared in this scope; did you mean '__frexp'?	1	src/MarioUtil/MathUtil.cpp	f32 inv = __fres(param_1);
compat64	ppc-intrinsic	src/MoveBG/MapObjLib.cpp	803	29	error	'__frsqrte' was not declared in this scope; did you mean '__sqrtl'?	1	src/MoveBG/MapObjLib.cpp	f64 guess = __frsqrte((f64)lenSq);
compat64	ppc-intrinsic	src/Strategic/HitActor.cpp	11	30	error	'__frsqrte' was not declared in this scope; did you mean '__sqrtl'?	1	src/Strategic/HitActor.cpp	volatile f32 f = x * __frsqrte(x);
compat64	ptr-truncation	include/JSystem/JSupport.hpp	11	29	error	cast from 'const void*' to 's32' {aka 'int'} loses precision [-fpermissive]	5	src/JSystem/J3D/J3DGraphLoader/J3DJointFactory.cpp	return (T*)((s32)ptr + offset);
compat64	ptr-truncation	include/JSystem/JSupport.hpp	21	29	error	cast from 'const void*' to 's32' {aka 'int'} loses precision [-fpermissive]	5	src/JSystem/J3D/J3DGraphLoader/J3DAnmLoader.cpp	return (T*)((s32)ptr + (s32)offset);
compat64	ptr-truncation	include/JSystem/JSupport.hpp	21	40	error	cast from 'const void*' to 's32' {aka 'int'} loses precision [-fpermissive]	5	src/JSystem/J3D/J3DGraphLoader/J3DAnmLoader.cpp	return (T*)((s32)ptr + (s32)offset);
compat64	ptr-truncation	include/JSystem/JKernel/JKRExpHeap.hpp	27	45	error	cast from 'void*' to 'u32' {aka 'unsigned int'} loses precision [-fpermissive]	3	src/JSystem/JKernel/JKRAram.cpp	return (CMemBlock*)((u32)data + -0x10);
compat64	ptr-truncation	include/dolphin/os.h	165	29	error	cast from 'void*' to 'u32' {aka 'unsigned int'} loses precision [-fpermissive]	1	src/JSystem/JKernel/JKRHeap.cpp	#define OSRoundUp32B(x)   (((u32)(x) + 32 - 1) & ~(32 - 1))
compat64	ptr-truncation	include/dolphin/os.h	166	29	error	cast from 'void*' to 'u32' {aka 'unsigned int'} loses precision [-fpermissive]	1	src/JSystem/JKernel/JKRHeap.cpp	#define OSRoundDown32B(x) (((u32)(x)) & ~(32 - 1))
compat64	ptr-truncation	include/dolphin/os.h	176	41	error	cast from 'void*' to 'u32' {aka 'unsigned int'} loses precision [-fpermissive]	1	src/JSystem/JRenderer.cpp	((void*)((u32)(OS_BASE_CACHED + (u32)(paddr))))
compat64	ptr-truncation	include/dolphin/os.h	176	41	error	cast from '<unnamed struct>*' to 'u32' {aka 'unsigned int'} loses precision [-fpermissive]	1	src/JSystem/dsptask.c	((void*)((u32)(OS_BASE_CACHED + (u32)(paddr))))
compat64	ptr-truncation	include/dolphin/os.h	176	41	error	cast from 'u8*' {aka 'unsigned char*'} to 'u32' {aka 'unsigned int'} loses precision [-fpermissive]	1	src/JSystem/dsptask.c	((void*)((u32)(OS_BASE_CACHED + (u32)(paddr))))
compat64	ptr-truncation	src/Camera/cameragc.cpp	302	46	error	cast from 'CPolarSubCamera*' to 'u32' {aka 'unsigned int'} loses precision [-fpermissive]	1	src/Camera/cameragc.cpp	&JetCoasterDemoCallBack, (u32)this, nullptr, JDrama::TFlagT<u16>());
compat64	ptr-truncation	src/Enemy/bosseel.cpp	2319	47	error	cast from 'TBossEel*' to 'u32' {aka 'unsigned int'} loses precision [-fpermissive]	1	src/Enemy/bosseel.cpp	&hoseiDiveCameraCallback, reinterpret_cast<u32>(this), nullptr,
compat64	ptr-truncation	src/Enemy/enemyinterp.cpp	70	44	error	cast from 'void (*)(TSpcTypedInterp<TLiveActor>*, u32)' {aka 'void (*)(TSpcTypedInterp<TLiveActor>*, unsigned int)'} to 'u32' {aka 'unsigned int'} loses precision [-fpermissive]	1	src/Enemy/enemyinterp.cpp	bindSystemDataToSymbol("setGraph", (u32)&einSetGraph);
compat64	ptr-truncation	src/Enemy/enemyinterp.cpp	71	53	error	cast from 'void (*)(TSpcTypedInterp<TLiveActor>*, u32)' {aka 'void (*)(TSpcTypedInterp<TLiveActor>*, unsigned int)'} to 'u32' {aka 'unsigned int'} loses precision [-fpermissive]	1	src/Enemy/enemyinterp.cpp	bindSystemDataToSymbol("walkToCurPathNode", (u32)&einWalkToCurPathNode);
compat64	ptr-truncation	src/Enemy/enemyinterp.cpp	73	32	error	cast from 'void (*)(TSpcTypedInterp<TLiveActor>*, u32)' {aka 'void (*)(TSpcTypedInterp<TLiveActor>*, unsigned int)'} to 'u32' {aka 'unsigned int'} loses precision [-fpermissive]	1	src/Enemy/enemyinterp.cpp	(u32)&einGoToRandomNextGraphNode);
compat64	ptr-truncation	src/Enemy/enemyinterp.cpp	75	32	error	cast from 'void (*)(TSpcTypedInterp<TLiveActor>*, u32)' {aka 'void (*)(TSpcTypedInterp<TLiveActor>*, unsigned int)'} to 'u32' {aka 'unsigned int'} loses precision [-fpermissive]	1	src/Enemy/enemyinterp.cpp	(u32)&einGetLengthToCurPathNode);
compat64	ptr-truncation	src/Enemy/enemyinterp.cpp	76	52	error	cast from 'void (*)(TSpcTypedInterp<TLiveActor>*, u32)' {aka 'void (*)(TSpcTypedInterp<TLiveActor>*, unsigned int)'} to 'u32' {aka 'unsigned int'} loses precision [-fpermissive]	1	src/Enemy/enemyinterp.cpp	bindSystemDataToSymbol("getLengthToMario", (u32)&einGetLengthToMario);
compat64	ptr-truncation	src/JSystem/J2D/J2DPrint.cpp	294	34	error	cast from 'const u8*' {aka 'const unsigned char*'} to 'u32' {aka 'unsigned int'} loses precision [-fpermissive]	1	src/JSystem/J2D/J2DPrint.cpp	if (r27 == 0 || ((u32)param_1 - (u32)local_c) > param_2) {
compat64	ptr-truncation	src/JSystem/J2D/J2DPrint.cpp	294	49	error	cast from 'const u8*' {aka 'const unsigned char*'} to 'u32' {aka 'unsigned int'} loses precision [-fpermissive]	1	src/JSystem/J2D/J2DPrint.cpp	if (r27 == 0 || ((u32)param_1 - (u32)local_c) > param_2) {
compat64	ptr-truncation	src/JSystem/J2D/J2DPrint.cpp	342	36	error	cast from 'const u8*' {aka 'const unsigned char*'} to 'u32' {aka 'unsigned int'} loses precision [-fpermissive]	1	src/JSystem/J2D/J2DPrint.cpp	} else if (r18 && ((u32)param_1 - (u32)local_c > (u32)param_2)) {
compat64	ptr-truncation	src/JSystem/J2D/J2DPrint.cpp	342	51	error	cast from 'const u8*' {aka 'const unsigned char*'} to 'u32' {aka 'unsigned int'} loses precision [-fpermissive]	1	src/JSystem/J2D/J2DPrint.cpp	} else if (r18 && ((u32)param_1 - (u32)local_c > (u32)param_2)) {
compat64	ptr-truncation	src/JSystem/J2D/J2DPrint.cpp	621	21	error	cast from 'char*' to 'u32' {aka 'unsigned int'} loses precision [-fpermissive]	1	src/JSystem/J2D/J2DPrint.cpp	if ((u32)local_28 - (u32)*param_1 != 8) {
compat64	ptr-truncation	src/JSystem/J2D/J2DPrint.cpp	621	37	error	cast from 'const u8*' {aka 'const unsigned char*'} to 'u32' {aka 'unsigned int'} loses precision [-fpermissive]	1	src/JSystem/J2D/J2DPrint.cpp	if ((u32)local_28 - (u32)*param_1 != 8) {
compat64	ptr-truncation	src/JSystem/J2D/J2DPrint.cpp	622	29	error	cast from 'char*' to 'u32' {aka 'unsigned int'} loses precision [-fpermissive]	1	src/JSystem/J2D/J2DPrint.cpp	if ((u32)local_28 - (u32)*param_1 == 6) {
compat64	ptr-truncation	src/JSystem/J2D/J2DPrint.cpp	622	45	error	cast from 'const u8*' {aka 'const unsigned char*'} to 'u32' {aka 'unsigned int'} loses precision [-fpermissive]	1	src/JSystem/J2D/J2DPrint.cpp	if ((u32)local_28 - (u32)*param_1 == 6) {
compat64	ptr-truncation	src/JSystem/J3D/J3DGraphBase/J3DDrawBuffer.cpp	66	24	error	cast from 'ResTIMG*' to 'u32' {aka 'unsigned int'} loses precision [-fpermissive]	1	src/JSystem/J3D/J3DGraphBase/J3DDrawBuffer.cpp	hash = (u32)texture->getResTIMG(texNo);
compat64	ptr-truncation	src/JSystem/J3D/J3DGraphBase/J3DTevs.cpp	49	19	error	cast from 'void*' to 'u32' {aka 'unsigned int'} loses precision [-fpermissive]	1	src/JSystem/J3D/J3DGraphBase/J3DTevs.cpp	GXCmd1u32((u32)ptr & 0x7fffffff);
compat64	ptr-truncation	src/JSystem/J3D/J3DGraphLoader/J3DAnmLoader.cpp	219	31	error	cast from 'void*' to 's32' {aka 'int'} loses precision [-fpermissive]	1	src/JSystem/J3D/J3DGraphLoader/J3DAnmLoader.cpp	= (void*)((s32)indexPtr0
compat64	ptr-truncation	src/JSystem/J3D/J3DGraphLoader/J3DAnmLoader.cpp	220	33	error	cast from 'void*' to 's32' {aka 'int'} loses precision [-fpermissive]	1	src/JSystem/J3D/J3DGraphLoader/J3DAnmLoader.cpp	+ (s32)dst->mAnmVtxColorIndexData[0][i].mpData * 2);
compat64	ptr-truncation	src/JSystem/J3D/J3DGraphLoader/J3DAnmLoader.cpp	223	31	error	cast from 'void*' to 's32' {aka 'int'} loses precision [-fpermissive]	1	src/JSystem/J3D/J3DGraphLoader/J3DAnmLoader.cpp	= (void*)((s32)indexPtr1
compat64	ptr-truncation	src/JSystem/J3D/J3DGraphLoader/J3DAnmLoader.cpp	224	33	error	cast from 'void*' to 's32' {aka 'int'} loses precision [-fpermissive]	1	src/JSystem/J3D/J3DGraphLoader/J3DAnmLoader.cpp	+ (s32)dst->mAnmVtxColorIndexData[1][i].mpData * 2);
compat64	ptr-truncation	src/JSystem/J3D/J3DGraphLoader/J3DAnmLoader.cpp	437	31	error	cast from 'void*' to 's32' {aka 'int'} loses precision [-fpermissive]	1	src/JSystem/J3D/J3DGraphLoader/J3DAnmLoader.cpp	= (void*)((s32)indexPtr0
compat64	ptr-truncation	src/JSystem/J3D/J3DGraphLoader/J3DAnmLoader.cpp	438	33	error	cast from 'void*' to 's32' {aka 'int'} loses precision [-fpermissive]	1	src/JSystem/J3D/J3DGraphLoader/J3DAnmLoader.cpp	+ (s32)dst->mAnmVtxColorIndexData[0][i].mpData * 2);
compat64	ptr-truncation	src/JSystem/J3D/J3DGraphLoader/J3DAnmLoader.cpp	441	31	error	cast from 'void*' to 's32' {aka 'int'} loses precision [-fpermissive]	1	src/JSystem/J3D/J3DGraphLoader/J3DAnmLoader.cpp	= (void*)((s32)indexPtr1
compat64	ptr-truncation	src/JSystem/J3D/J3DGraphLoader/J3DAnmLoader.cpp	442	33	error	cast from 'void*' to 's32' {aka 'int'} loses precision [-fpermissive]	1	src/JSystem/J3D/J3DGraphLoader/J3DAnmLoader.cpp	+ (s32)dst->mAnmVtxColorIndexData[1][i].mpData * 2);
compat64	ptr-truncation	src/JSystem/J3D/J3DGraphLoader/J3DJointFactory.cpp	8	26	error	cast from 'J3DJointInitData*' to 'u32' {aka 'unsigned int'} loses precision [-fpermissive]	1	src/JSystem/J3D/J3DGraphLoader/J3DJointFactory.cpp	&jointBlock, (u32)jointBlock.mpJointInitData);
compat64	ptr-truncation	src/JSystem/J3D/J3DGraphLoader/J3DJointFactory.cpp	10	55	error	cast from 'u16*' {aka 'short unsigned int*'} to 'u32' {aka 'unsigned int'} loses precision [-fpermissive]	1	src/JSystem/J3D/J3DGraphLoader/J3DJointFactory.cpp	= JSUConvertOffsetToPtr<u16>(&jointBlock, (u32)jointBlock.mpIndexTable);
compat64	ptr-truncation	src/JSystem/J3D/J3DGraphLoader/J3DMaterialFactory.cpp	19	17	error	cast from 'void*' to 'u32' {aka 'unsigned int'} loses precision [-fpermissive]	1	src/JSystem/J3D/J3DGraphLoader/J3DMaterialFactory.cpp	&& ((u32)block.mpIndInitData - (u32)block.mpNameTable) > 4)
compat64	ptr-truncation	src/JSystem/J3D/J3DGraphLoader/J3DMaterialFactory.cpp	19	44	error	cast from 'void*' to 'u32' {aka 'unsigned int'} loses precision [-fpermissive]	1	src/JSystem/J3D/J3DGraphLoader/J3DMaterialFactory.cpp	&& ((u32)block.mpIndInitData - (u32)block.mpNameTable) > 4)
compat64	ptr-truncation	src/JSystem/J3D/J3DGraphLoader/J3DModelLoader.cpp	151	35	error	cast from 'u16*' {aka 'short unsigned int*'} to 'u32' {aka 'unsigned int'} loses precision [-fpermissive]	1	src/JSystem/J3D/J3DGraphLoader/J3DModelLoader.cpp	mpShapeBlock, (u32)mpShapeBlock->mpIndexTable);
compat64	ptr-truncation	src/JSystem/J3D/J3DGraphLoader/J3DModelLoader.cpp	154	39	error	cast from 'J3DShapeInitData*' to 'u32' {aka 'unsigned int'} loses precision [-fpermissive]	1	src/JSystem/J3D/J3DGraphLoader/J3DModelLoader.cpp	mpShapeBlock, (u32)mpShapeBlock->mpShapeInitData);
compat64	ptr-truncation	src/JSystem/J3D/J3DGraphLoader/J3DModelLoader.cpp	243	24	error	cast from 'void*' to 'u32' {aka 'unsigned int'} loses precision [-fpermissive]	1	src/JSystem/J3D/J3DGraphLoader/J3DModelLoader.cpp	= ((u32)nrm_end - (u32)vertex_data.mVtxNormArray) / 12 + 1;
compat64	ptr-truncation	src/JSystem/J3D/J3DGraphLoader/J3DModelLoader.cpp	243	39	error	cast from 'void*' to 'u32' {aka 'unsigned int'} loses precision [-fpermissive]	1	src/JSystem/J3D/J3DGraphLoader/J3DModelLoader.cpp	= ((u32)nrm_end - (u32)vertex_data.mVtxNormArray) / 12 + 1;
compat64	ptr-truncation	src/JSystem/J3D/J3DGraphLoader/J3DModelLoader.cpp	246	41	error	cast from 'void*' to 'u32' {aka 'unsigned int'} loses precision [-fpermissive]	1	src/JSystem/J3D/J3DGraphLoader/J3DModelLoader.cpp	= (i_block->mSize - (u32)i_block->mpVtxNrmArray) / 12 + 1;
compat64	ptr-truncation	src/JSystem/J3D/J3DGraphLoader/J3DModelLoader.cpp	260	24	error	cast from 'void*' to 'u32' {aka 'unsigned int'} loses precision [-fpermissive]	1	src/JSystem/J3D/J3DGraphLoader/J3DModelLoader.cpp	= ((u32)color0_end - (u32)vertex_data.mVtxColorArray[0]) / 4 + 1;
compat64	ptr-truncation	src/JSystem/J3D/J3DGraphLoader/J3DModelLoader.cpp	260	42	error	cast from 'GXColor*' {aka '_GXColor*'} to 'u32' {aka 'unsigned int'} loses precision [-fpermissive]	1	src/JSystem/J3D/J3DGraphLoader/J3DModelLoader.cpp	= ((u32)color0_end - (u32)vertex_data.mVtxColorArray[0]) / 4 + 1;
compat64	ptr-truncation	src/JSystem/J3D/J3DGraphLoader/J3DModelLoader.cpp	263	41	error	cast from 'void*' to 'u32' {aka 'unsigned int'} loses precision [-fpermissive]	1	src/JSystem/J3D/J3DGraphLoader/J3DModelLoader.cpp	= (i_block->mSize - (u32)i_block->mpVtxColorArray[0]) / 4 + 1;
compat64	ptr-truncation	src/JSystem/J3D/J3DGraphLoader/J3DModelLoader.cpp	334	55	error	cast from 'J3DMaterial*' to 'u32' {aka 'unsigned int'} loses precision [-fpermissive]	1	src/JSystem/J3D/J3DGraphLoader/J3DModelLoader.cpp	mpModelData->unk38[i].unk18 = (u32)&mpModelData->unk38[i] >> 4;
compat64	ptr-truncation	src/JSystem/J3D/J3DGraphLoader/J3DModelLoader.cpp	376	55	error	cast from 'J3DMaterial*' to 'u32' {aka 'unsigned int'} loses precision [-fpermissive]	1	src/JSystem/J3D/J3DGraphLoader/J3DModelLoader.cpp	mpModelData->unk38[i].unk18 = (u32)&mpModelData->unk38[i] >> 4;
compat64	ptr-truncation	src/JSystem/J3D/J3DGraphLoader/J3DModelLoader.cpp	454	23	error	cast from 'J3DMaterial**' to 'u32' {aka 'unsigned int'} loses precision [-fpermissive]	1	src/JSystem/J3D/J3DGraphLoader/J3DModelLoader.cpp	= (u32)mpMaterialTable->mMaterials + factory.getMaterialID(i);
compat64	ptr-truncation	src/JSystem/J3D/J3DGraphLoader/J3DModelLoader.cpp	476	24	error	cast from 'J3DMaterial**' to 'u32' {aka 'unsigned int'} loses precision [-fpermissive]	1	src/JSystem/J3D/J3DGraphLoader/J3DModelLoader.cpp	= ((u32)mpMaterialTable->mMaterials) + factory.getMaterialID(i);
compat64	ptr-truncation	src/JSystem/J3D/J3DGraphLoader/J3DShapeFactory.cpp	9	21	error	cast from 'J3DShapeInitData*' to 'u32' {aka 'unsigned int'} loses precision [-fpermissive]	1	src/JSystem/J3D/J3DGraphLoader/J3DShapeFactory.cpp	&block, (u32)block.mpShapeInitData);
compat64	ptr-truncation	src/JSystem/J3D/J3DGraphLoader/J3DShapeFactory.cpp	10	60	error	cast from 'u16*' {aka 'short unsigned int*'} to 'u32' {aka 'unsigned int'} loses precision [-fpermissive]	1	src/JSystem/J3D/J3DGraphLoader/J3DShapeFactory.cpp	mpIndexTable  = JSUConvertOffsetToPtr<u16>(&block, (u32)block.mpIndexTable);
compat64	ptr-truncation	src/JSystem/J3D/J3DGraphLoader/J3DShapeFactory.cpp	12	21	error	cast from 'GXVtxDescList*' {aka '_GXVtxDescList*'} to 'u32' {aka 'unsigned int'} loses precision [-fpermissive]	1	src/JSystem/J3D/J3DGraphLoader/J3DShapeFactory.cpp	&block, (u32)block.mpVtxDescList);
compat64	ptr-truncation	src/JSystem/J3D/J3DGraphLoader/J3DShapeFactory.cpp	13	57	error	cast from 'u16*' {aka 'short unsigned int*'} to 'u32' {aka 'unsigned int'} loses precision [-fpermissive]	1	src/JSystem/J3D/J3DGraphLoader/J3DShapeFactory.cpp	mpMtxTable = JSUConvertOffsetToPtr<u16>(&block, (u32)block.mpMtxTable);
compat64	ptr-truncation	src/JSystem/J3D/J3DGraphLoader/J3DShapeFactory.cpp	15	49	error	cast from 'u8*' {aka 'unsigned char*'} to 'u32' {aka 'unsigned int'} loses precision [-fpermissive]	1	src/JSystem/J3D/J3DGraphLoader/J3DShapeFactory.cpp	= JSUConvertOffsetToPtr<u8>(&block, (u32)block.mpDisplayListData);
compat64	ptr-truncation	src/JSystem/J3D/J3DGraphLoader/J3DShapeFactory.cpp	17	21	error	cast from 'J3DShapeMtxInitData*' to 'u32' {aka 'unsigned int'} loses precision [-fpermissive]	1	src/JSystem/J3D/J3DGraphLoader/J3DShapeFactory.cpp	&block, (u32)block.mpMtxInitData);
compat64	ptr-truncation	src/JSystem/J3D/J3DGraphLoader/J3DShapeFactory.cpp	19	21	error	cast from 'J3DShapeDrawInitData*' to 'u32' {aka 'unsigned int'} loses precision [-fpermissive]	1	src/JSystem/J3D/J3DGraphLoader/J3DShapeFactory.cpp	&block, (u32)block.mpDrawInitData);
compat64	ptr-truncation	src/JSystem/JAudio/JASystem/JASAiCtrl.cpp	46	27	error	cast from 's16*' {aka 'short int*'} to 'u32' {aka 'unsigned int'} loses precision [-fpermissive]	1	src/JSystem/JAudio/JASystem/JASAiCtrl.cpp	AIInitDMA(u32(dac[2]), getDacSize() * 2);
compat64	ptr-truncation	src/JSystem/JAudio/JASystem/JASAiCtrl.cpp	117	35	error	cast from 's16*' {aka 'short int*'} to 'u32' {aka 'unsigned int'} loses precision [-fpermissive]	1	src/JSystem/JAudio/JASystem/JASAiCtrl.cpp	AIInitDMA((u32)useRspMadep, getDacSize() * 2);
compat64	ptr-truncation	src/JSystem/JAudio/JASystem/JASBankMgr.cpp	158	42	error	cast from 'const void*' to 'u32' {aka 'unsigned int'} loses precision [-fpermissive]	1	src/JSystem/JAudio/JASystem/JASBankMgr.cpp	chan->unk14            = (u32)wave;
compat64	ptr-truncation	src/JSystem/JAudio/JASystem/JASCalc.cpp	69	26	error	cast from 'u8*' {aka 'unsigned char*'} to 'u32' {aka 'unsigned int'} loses precision [-fpermissive]	1	src/JSystem/JAudio/JASystem/JASCalc.cpp	u8 endbitsSrc = (reinterpret_cast<u32>(bsrc) & 0x03);
compat64	ptr-truncation	src/JSystem/JAudio/JASystem/JASCalc.cpp	70	26	error	cast from 'u8*' {aka 'unsigned char*'} to 'u32' {aka 'unsigned int'} loses precision [-fpermissive]	1	src/JSystem/JAudio/JASystem/JASCalc.cpp	u8 enbitsDst  = (reinterpret_cast<u32>(bdest) & 0x03);
compat64	ptr-truncation	src/JSystem/JAudio/JASystem/JASCalc.cpp	115	36	error	cast from 'void*' to 'u32' {aka 'unsigned int'} loses precision [-fpermissive]	1	src/JSystem/JAudio/JASystem/JASCalc.cpp	if ((size & 0x1f) == 0 && (reinterpret_cast<u32>(dest) & 0x1f) == 0) {
compat64	ptr-truncation	src/JSystem/JAudio/JASystem/JASCalc.cpp	120	29	error	cast from 'u8*' {aka 'unsigned char*'} to 'u32' {aka 'unsigned int'} loses precision [-fpermissive]	1	src/JSystem/JAudio/JASystem/JASCalc.cpp	u8 alignedbitsDst = reinterpret_cast<u32>(bdest) & 0x3;
compat64	ptr-truncation	src/JSystem/JAudio/JASystem/JASDSPBuf.cpp	69	61	error	cast from 's16*' {aka 'short int*'} to 'u32' {aka 'unsigned int'} loses precision [-fpermissive]	1	src/JSystem/JAudio/JASystem/JASDSPBuf.cpp	DsyncFrame2(Kernel::getSubFrames(), u32(dsp_buf[write_buffer]),
compat64	ptr-truncation	src/JSystem/JAudio/JASystem/JASDSPBuf.cpp	70	37	error	cast from 's16*' {aka 'short int*'} to 'u32' {aka 'unsigned int'} loses precision [-fpermissive]	1	src/JSystem/JAudio/JASystem/JASDSPBuf.cpp	u32(&dsp_buf[write_buffer][frameSamples]));
compat64	ptr-truncation	src/JSystem/JAudio/JASystem/JASDSPInterface.cpp	75	33	error	cast from 'JASystem::DSPInterface::DSPBuffer*' to 'u32' {aka 'unsigned int'} loses precision [-fpermissive]	1	src/JSystem/JAudio/JASystem/JASDSPInterface.cpp	DsetupTable(64, (u32)CH_BUF, (u32)&DSPRES_FILTER, (u32)&DSPADPCM_FILTER,
compat64	ptr-truncation	src/JSystem/JAudio/JASystem/JASDSPInterface.cpp	75	46	error	cast from 'u32 (*)[]' {aka 'unsigned int (*)[]'} to 'u32' {aka 'unsigned int'} loses precision [-fpermissive]	1	src/JSystem/JAudio/JASystem/JASDSPInterface.cpp	DsetupTable(64, (u32)CH_BUF, (u32)&DSPRES_FILTER, (u32)&DSPADPCM_FILTER,
compat64	ptr-truncation	src/JSystem/JAudio/JASystem/JASDSPInterface.cpp	75	67	error	cast from 'u32 (*)[]' {aka 'unsigned int (*)[]'} to 'u32' {aka 'unsigned int'} loses precision [-fpermissive]	1	src/JSystem/JAudio/JASystem/JASDSPInterface.cpp	DsetupTable(64, (u32)CH_BUF, (u32)&DSPRES_FILTER, (u32)&DSPADPCM_FILTER,
compat64	ptr-truncation	src/JSystem/JAudio/JASystem/JASDSPInterface.cpp	76	29	error	cast from 'JASystem::DSPInterface::FXBuffer*' to 'u32' {aka 'unsigned int'} loses precision [-fpermissive]	1	src/JSystem/JAudio/JASystem/JASDSPInterface.cpp	(u32)FX_BUF);
compat64	ptr-truncation	src/JSystem/JAudio/JASystem/JASDvdThread.cpp	244	67	error	cast from 'void*' to 'u32' {aka 'unsigned int'} loses precision [-fpermissive]	1	src/JSystem/JAudio/JASystem/JASDvdThread.cpp	ARQPostRequest(&req[arq_index], 0x12345678, 0, 1, (u32)buf,
compat64	ptr-truncation	src/JSystem/JAudio/JASystem/JASDvdThread.cpp	245	32	error	cast from 'void*' to 'u32' {aka 'unsigned int'} loses precision [-fpermissive]	1	src/JSystem/JAudio/JASystem/JASDvdThread.cpp	(u32)call->unk24, batchSize, &aramDmaFinish);
compat64	ptr-truncation	src/JSystem/JAudio/JASystem/JASDvdThread.cpp	290	30	error	cast from 'JASystem::Dvd::TDvdCall*' to 'u32' {aka 'unsigned int'} loses precision [-fpermissive]	1	src/JSystem/JAudio/JASystem/JASDvdThread.cpp	ARQPostRequest(&req, (u32)call, ARQ_TYPE_ARAM_TO_MRAM, ARQ_PRIORITY_HIGH,
compat64	ptr-truncation	src/JSystem/JAudio/JASystem/JASDvdThread.cpp	291	37	error	cast from 'void*' to 'u32' {aka 'unsigned int'} loses precision [-fpermissive]	1	src/JSystem/JAudio/JASystem/JASDvdThread.cpp	call->unk28, (u32)call->unk24, call->unk2C, &aramDmaFinish2);
compat64	ptr-truncation	src/JSystem/JAudio/JASystem/JASDvdThread.cpp	305	30	error	cast from 'JASystem::Dvd::TDvdCall*' to 'u32' {aka 'unsigned int'} loses precision [-fpermissive]	1	src/JSystem/JAudio/JASystem/JASDvdThread.cpp	ARQPostRequest(&req, (u32)call, ARQ_TYPE_MRAM_TO_ARAM, ARQ_PRIORITY_HIGH,
compat64	ptr-truncation	src/JSystem/JAudio/JASystem/JASDvdThread.cpp	306	24	error	cast from 'void*' to 'u32' {aka 'unsigned int'} loses precision [-fpermissive]	1	src/JSystem/JAudio/JASystem/JASDvdThread.cpp	(u32)call->unk24, call->unk28, call->unk2C, &aramDmaFinish2);
compat64	ptr-truncation	src/JSystem/JAudio/JASystem/JASDvdThread.cpp	327	23	error	cast from 'void*' to 'u32' {aka 'unsigned int'} loses precision [-fpermissive]	1	src/JSystem/JAudio/JASystem/JASDvdThread.cpp	call->unk28 = (u32)src;
compat64	ptr-truncation	src/JSystem/JAudio/JASystem/JASDvdThread.cpp	348	23	error	cast from 'void*' to 'u32' {aka 'unsigned int'} loses precision [-fpermissive]	1	src/JSystem/JAudio/JASystem/JASDvdThread.cpp	call->unk28 = (u32)src;
compat64	ptr-truncation	src/JSystem/JAudio/JASystem/JASHeapCtrl.cpp	332	50	error	cast from 'u8*' {aka 'unsigned char*'} to 'u32' {aka 'unsigned int'} loses precision [-fpermissive]	1	src/JSystem/JAudio/JASystem/JASHeapCtrl.cpp	mStart = (u8*)ALIGN_NEXT((u32)mem_start, 0x20);
compat64	ptr-truncation	src/JSystem/JAudio/JASystem/JASHeapCtrl.cpp	334	46	error	cast from 'u8*' {aka 'unsigned char*'} to 'u32' {aka 'unsigned int'} loses precision [-fpermissive]	1	src/JSystem/JAudio/JASystem/JASHeapCtrl.cpp	mSize  = mem_size - ((u32)mem_start & 0x1F);
compat64	ptr-truncation	src/JSystem/JAudio/JASystem/JASWaveArcLoader.cpp	22	34	error	cast from 'void*' to 'u32' {aka 'unsigned int'} loses precision [-fpermissive]	1	src/JSystem/JAudio/JASystem/JASWaveArcLoader.cpp	sAramHeap.initMotherHeap((u32)var1, local_8, 0);
compat64	ptr-truncation	src/JSystem/JKernel/JKRAram.cpp	101	25	error	cast from 'u8*' {aka 'unsigned char*'} to 'u32' {aka 'unsigned int'} loses precision [-fpermissive]	1	src/JSystem/JKernel/JKRAram.cpp	if (!IS_ALIGNED((u32)addr, 0x20) && !IS_ALIGNED(size, 0x20)) {
compat64	ptr-truncation	src/JSystem/JKernel/JKRAram.cpp	158	39	error	cast from 'void*' to 'u32' {aka 'unsigned int'} loses precision [-fpermissive]	1	src/JSystem/JKernel/JKRAram.cpp	JKRAramPcs(0, (u32)allocatedMem, bufSize, alignedSize, block);
compat64	ptr-truncation	src/JSystem/JKernel/JKRAram.cpp	172	31	error	cast from 'u8*' {aka 'unsigned char*'} to 'u32' {aka 'unsigned int'} loses precision [-fpermissive]	1	src/JSystem/JKernel/JKRAram.cpp	JKRAramPcs(0, (u32)buf, bufSize, alignedSize, block);
compat64	ptr-truncation	src/JSystem/JKernel/JKRAram.cpp	222	46	error	cast from 'u8*' {aka 'unsigned char*'} to 'u32' {aka 'unsigned int'} loses precision [-fpermissive]	1	src/JSystem/JKernel/JKRAram.cpp	u8* bufPtr = (u8*)ALIGN_NEXT((u32)buffer, 32);
compat64	ptr-truncation	src/JSystem/JKernel/JKRAram.cpp	223	40	error	cast from 'u8*' {aka 'unsigned char*'} to 'u32' {aka 'unsigned int'} loses precision [-fpermissive]	1	src/JSystem/JKernel/JKRAram.cpp	JKRAramPcs(1, address, (u32)bufPtr, 32, nullptr);
compat64	ptr-truncation	src/JSystem/JKernel/JKRAram.cpp	249	40	error	cast from 'u8*' {aka 'unsigned char*'} to 'u32' {aka 'unsigned int'} loses precision [-fpermissive]	1	src/JSystem/JKernel/JKRAram.cpp	JKRAramPcs(1, address, (u32)szpSpace, p3, nullptr);
compat64	ptr-truncation	src/JSystem/JKernel/JKRAram.cpp	275	40	error	cast from 'u8*' {aka 'unsigned char*'} to 'u32' {aka 'unsigned int'} loses precision [-fpermissive]	1	src/JSystem/JKernel/JKRAram.cpp	JKRAramPcs(1, address, (u32)rv, p3, nullptr);
compat64	ptr-truncation	src/JSystem/JKernel/JKRAram.cpp	494	47	error	cast from 'u8*' {aka 'unsigned char*'} to 'u32' {aka 'unsigned int'} loses precision [-fpermissive]	1	src/JSystem/JKernel/JKRAram.cpp	JKRAramPcs(1, srcAddress + srcOffset, (u32)buffer, ALIGN_NEXT(length, 0x20),
compat64	ptr-truncation	src/JSystem/JKernel/JKRAram.cpp	520	55	error	cast from 'u8*' {aka 'unsigned char*'} to 'u32' {aka 'unsigned int'} loses precision [-fpermissive]	1	src/JSystem/JKernel/JKRAram.cpp	JKRAramPcs(1, (u32)(srcAddress + srcOffset), ((u32)dest + left),
compat64	ptr-truncation	src/JSystem/JKernel/JKRAramPiece.cpp	132	39	error	cast from 'JKRAMCommand*' to 'u32' {aka 'unsigned int'} loses precision [-fpermissive]	1	src/JSystem/JKernel/JKRAramPiece.cpp	(*command->mCallback)((u32)command);
compat64	ptr-truncation	src/JSystem/JKernel/JKRAramStream.cpp	108	39	error	cast from 'u8*' {aka 'unsigned char*'} to 'u32' {aka 'unsigned int'} loses precision [-fpermissive]	1	src/JSystem/JKernel/JKRAramStream.cpp	JKRAramPcs(0, (u32)buffer, destination, length, nullptr);
compat64	ptr-truncation	src/JSystem/JKernel/JKRAramStream.cpp	208	47	error	cast from 'u8*' {aka 'unsigned char*'} to 'u32' {aka 'unsigned int'} loses precision [-fpermissive]	1	src/JSystem/JKernel/JKRAramStream.cpp	transBuffer = (u8*)ALIGN_NEXT((u32)buffer, 0x20);
compat64	ptr-truncation	src/JSystem/JKernel/JKRDecomp.cpp	46	47	error	cast from 'JKRDecompCommand*' to 'u32' {aka 'unsigned int'} loses precision [-fpermissive]	1	src/JSystem/JKernel/JKRDecomp.cpp	(*command->mCallback)((u32)command);
compat64	ptr-truncation	src/JSystem/JKernel/JKRDvdAramRipper.cpp	135	54	error	cast from 'u8 (*)[64]' {aka 'unsigned char (*)[64]'} to 'u32' {aka 'unsigned int'} loses precision [-fpermissive]	1	src/JSystem/JKernel/JKRDvdAramRipper.cpp	u8* bufPtr = (u8*)ALIGN_NEXT((u32)&buffer, 0x20);
compat64	ptr-truncation	src/JSystem/JKernel/JKRDvdAramRipper.cpp	212	44	error	cast from 'JKRADCommand*' to 'u32' {aka 'unsigned int'} loses precision [-fpermissive]	1	src/JSystem/JKernel/JKRDvdAramRipper.cpp	command->mCallback((u32)command);
compat64	ptr-truncation	src/JSystem/JKernel/JKRDvdAramRipper.cpp	476	36	error	cast from 'u8*' {aka 'unsigned char*'} to 'u32' {aka 'unsigned int'} loses precision [-fpermissive]	1	src/JSystem/JKernel/JKRDvdAramRipper.cpp	JKRAramPiece::orderSync(0, (u32)dmaBuf, param_1, size, nullptr);
compat64	ptr-truncation	src/JSystem/JKernel/JKRDvdArchive.cpp	115	39	error	cast from 'u32*' {aka 'unsigned int*'} to 'int' loses precision [-fpermissive]	1	src/JSystem/JKernel/JKRDvdArchive.cpp	mDirectories = (SDIDirEntry*)((int)&mArcInfoBlock->num_nodes
compat64	ptr-truncation	src/JSystem/JKernel/JKRDvdArchive.cpp	117	40	error	cast from 'u32*' {aka 'unsigned int*'} to 'int' loses precision [-fpermissive]	1	src/JSystem/JKernel/JKRDvdArchive.cpp	mFileEntries = (SDIFileEntry*)((int)&mArcInfoBlock->num_nodes
compat64	ptr-truncation	src/JSystem/JKernel/JKRDvdArchive.cpp	119	32	error	cast from 'u32*' {aka 'unsigned int*'} to 'int' loses precision [-fpermissive]	1	src/JSystem/JKernel/JKRDvdArchive.cpp	mStrTable    = (char*)((int)&mArcInfoBlock->num_nodes
compat64	ptr-truncation	src/JSystem/JKernel/JKRDvdFile.cpp	153	16	error	cast from 'OSMessage' {aka 'void*'} to 's32' {aka 'int'} loses precision [-fpermissive]	1	src/JSystem/JKernel/JKRDvdFile.cpp	return (s32)m;
compat64	ptr-truncation	src/JSystem/JKernel/JKRDvdRipper.cpp	58	46	error	cast from 'u8*' {aka 'unsigned char*'} to 'u32' {aka 'unsigned int'} loses precision [-fpermissive]	1	src/JSystem/JKernel/JKRDvdRipper.cpp	u8* bufPtr = (u8*)ALIGN_NEXT((u32)buffer, 32);
compat64	ptr-truncation	src/JSystem/JKernel/JKRDvdRipper.cpp	128	54	error	cast from 'u8*' {aka 'unsigned char*'} to 'u32' {aka 'unsigned int'} loses precision [-fpermissive]	1	src/JSystem/JKernel/JKRDvdRipper.cpp	u8* bufPtr = (u8*)ALIGN_NEXT((u32)buffer, 32);
compat64	ptr-truncation	src/JSystem/JKernel/JKRExpHeap.cpp	238	44	error	cast from 'void*' to 'u32' {aka 'unsigned int'} loses precision [-fpermissive]	1	src/JSystem/JKernel/JKRExpHeap.cpp	u32 aligned   = ALIGN_NEXT((u32)content, align);
compat64	ptr-truncation	src/JSystem/JKernel/JKRExpHeap.cpp	239	43	error	cast from 'void*' to 'u32' {aka 'unsigned int'} loses precision [-fpermissive]	1	src/JSystem/JKernel/JKRExpHeap.cpp	u32 offset    = aligned - (u32)content;
compat64	ptr-truncation	src/JSystem/JKernel/JKRExpHeap.cpp	300	53	error	cast from 'JKRExpHeap::CMemBlock*' to 'u32' {aka 'unsigned int'} loses precision [-fpermissive]	1	src/JSystem/JKernel/JKRExpHeap.cpp	newUsedBlock = (CMemBlock*)((u32)foundBlock + foundOffset);
compat64	ptr-truncation	src/JSystem/JKernel/JKRExpHeap.cpp	391	21	error	cast from 'void*' to 'u32' {aka 'unsigned int'} loses precision [-fpermissive]	1	src/JSystem/JKernel/JKRExpHeap.cpp	(u32)block->getContent() + block->mAllocatedSpace - size, align);
compat64	ptr-truncation	src/JSystem/JKernel/JKRExpHeap.cpp	392	28	error	cast from 'void*' to 'u32' {aka 'unsigned int'} loses precision [-fpermissive]	1	src/JSystem/JKernel/JKRExpHeap.cpp	usedSize = (u32)block->getContent() + block->mAllocatedSpace - start;
compat64	ptr-truncation	src/JSystem/JKernel/JKRExpHeap.cpp	702	29	error	cast from 'JKRExpHeap::CMemBlock*' to 'u32' {aka 'unsigned int'} loses precision [-fpermissive]	1	src/JSystem/JKernel/JKRExpHeap.cpp	if ((u32)block + block->mAllocatedSpace + sizeof(CMemBlock)
compat64	ptr-truncation	src/JSystem/JKernel/JKRExpHeap.cpp	703	31	error	cast from 'JKRExpHeap::CMemBlock*' to 'u32' {aka 'unsigned int'} loses precision [-fpermissive]	1	src/JSystem/JKernel/JKRExpHeap.cpp	> (u32)block->mNext) {
compat64	ptr-truncation	src/JSystem/JKernel/JKRExpHeap.cpp	852	27	error	cast from 'JKRExpHeap::CMemBlock*' to 'u32' {aka 'unsigned int'} loses precision [-fpermissive]	1	src/JSystem/JKernel/JKRExpHeap.cpp	u32 endAddr     = (u32)(block + 1) + block->mAllocatedSpace;
compat64	ptr-truncation	src/JSystem/JKernel/JKRExpHeap.cpp	854	27	error	cast from 'JKRExpHeap::CMemBlock*' to 'u32' {aka 'unsigned int'} loses precision [-fpermissive]	1	src/JSystem/JKernel/JKRExpHeap.cpp	u32 nextAddr    = (u32)next - (next->mFlags & 0x7f);
compat64	ptr-truncation	src/JSystem/JKernel/JKRExpHeap.cpp	1019	62	error	cast from 'JKRExpHeap::CMemBlock*' to 'u32' {aka 'unsigned int'} loses precision [-fpermissive]	1	src/JSystem/JKernel/JKRExpHeap.cpp	block                  = (CMemBlock*)(size + (u32)this);
compat64	ptr-truncation	src/JSystem/JKernel/JKRExpHeap.cpp	1084	46	error	cast from 'JKRExpHeap::CMemBlock*' to 'u32' {aka 'unsigned int'} loses precision [-fpermissive]	1	src/JSystem/JKernel/JKRExpHeap.cpp	checkCode += (u32)block * 3;
compat64	ptr-truncation	src/JSystem/JKernel/JKRExpHeap.cpp	1087	38	error	cast from 'JKRExpHeap::CMemBlock*' to 'u32' {aka 'unsigned int'} loses precision [-fpermissive]	1	src/JSystem/JKernel/JKRExpHeap.cpp	checkCode += (u32)block * 3;
compat64	ptr-truncation	src/JSystem/JKernel/JKRHeap.cpp	74	28	error	cast from 'void*' to 'u32' {aka 'unsigned int'} loses precision [-fpermissive]	1	src/JSystem/JKernel/JKRHeap.cpp	*outUserRamSize  = (u32)arenaHi - (u32)arenaLo;
compat64	ptr-truncation	src/JSystem/JKernel/JKRHeap.cpp	74	43	error	cast from 'void*' to 'u32' {aka 'unsigned int'} loses precision [-fpermissive]	1	src/JSystem/JKernel/JKRHeap.cpp	*outUserRamSize  = (u32)arenaHi - (u32)arenaLo;
compat64	ptr-truncation	src/JSystem/JKernel/JKRHeap.cpp	198	21	error	cast from 'void*' to 'u32' {aka 'unsigned int'} loses precision [-fpermissive]	1	src/JSystem/JKernel/JKRHeap.cpp	u32 begin = (u32)memory;
compat64	ptr-truncation	src/JSystem/JKernel/JKRHeap.cpp	199	21	error	cast from 'void*' to 'u32' {aka 'unsigned int'} loses precision [-fpermissive]	1	src/JSystem/JKernel/JKRHeap.cpp	u32 end   = (u32)memory + size;
compat64	ptr-truncation	src/JSystem/JKernel/JKRHeap.cpp	206	28	error	cast from 'void*' to 'u32' {aka 'unsigned int'} loses precision [-fpermissive]	1	src/JSystem/JKernel/JKRHeap.cpp	dispose_subroutine((u32)begin, (u32)end);
compat64	ptr-truncation	src/JSystem/JKernel/JKRHeap.cpp	206	40	error	cast from 'void*' to 'u32' {aka 'unsigned int'} loses precision [-fpermissive]	1	src/JSystem/JKernel/JKRHeap.cpp	dispose_subroutine((u32)begin, (u32)end);
compat64	ptr-truncation	src/JSystem/JKernel/JKRMemArchive.cpp	27	18	error	cast from 'void*' to 's32' {aka 'int'} loses precision [-fpermissive]	1	src/JSystem/JKernel/JKRMemArchive.cpp	: JKRArchive((s32)buffer, MOUNT_MEM) // WTF?
compat64	ptr-truncation	src/JSystem/JKernel/JKRMemArchive.cpp	85	33	error	cast from 'void*' to 's32' {aka 'int'} loses precision [-fpermissive]	1	src/JSystem/JKernel/JKRMemArchive.cpp	if (check_mount_already((s32)param_1)) {
compat64	ptr-truncation	src/JSystem/JKernel/JKRMemArchive.cpp	88	19	error	cast from 'void*' to 's32' {aka 'int'} loses precision [-fpermissive]	1	src/JSystem/JKernel/JKRMemArchive.cpp	fixedInit((s32)param_1);
compat64	ptr-truncation	src/JSystem/JKernel/JKRMemArchive.cpp	151	38	error	cast from 'JKRArchive::SArcHeader*' to 'u32' {aka 'unsigned int'} loses precision [-fpermissive]	1	src/JSystem/JKernel/JKRMemArchive.cpp	mArchiveData = (u8*)((u32)mArcHeader + mArcHeader->header_length
compat64	ptr-truncation	src/JSystem/JKernel/JKRMemArchive.cpp	171	31	error	cast from 'JKRArchive::SArcHeader*' to 'u32' {aka 'unsigned int'} loses precision [-fpermissive]	1	src/JSystem/JKernel/JKRMemArchive.cpp	mArchiveData = (u8*)(((u32)mArcHeader + mArcHeader->header_length)
compat64	ptr-truncation	src/JSystem/JKernel/JKRSolidHeap.cpp	52	26	error	cast from 'void*' to 'u32' {aka 'unsigned int'} loses precision [-fpermissive]	1	src/JSystem/JKernel/JKRSolidHeap.cpp	u32 headerSize = (u32)mStart - (u32)this;
compat64	ptr-truncation	src/JSystem/JKernel/JKRSolidHeap.cpp	52	40	error	cast from 'JKRSolidHeap*' to 'u32' {aka 'unsigned int'} loses precision [-fpermissive]	1	src/JSystem/JKernel/JKRSolidHeap.cpp	u32 headerSize = (u32)mStart - (u32)this;
compat64	ptr-truncation	src/JSystem/JKernel/JKRSolidHeap.cpp	53	37	error	cast from 'void*' to 'u32' {aka 'unsigned int'} loses precision [-fpermissive]	1	src/JSystem/JKernel/JKRSolidHeap.cpp	u32 newSize    = ALIGN_NEXT((u32)mCurStart - (u32)mStart, 0x20);
compat64	ptr-truncation	src/JSystem/JKernel/JKRSolidHeap.cpp	53	54	error	cast from 'void*' to 'u32' {aka 'unsigned int'} loses precision [-fpermissive]	1	src/JSystem/JKernel/JKRSolidHeap.cpp	u32 newSize    = ALIGN_NEXT((u32)mCurStart - (u32)mStart, 0x20);
compat64	ptr-truncation	src/JSystem/JKernel/JKRSolidHeap.cpp	57	37	error	cast from 'void*' to 'u32' {aka 'unsigned int'} loses precision [-fpermissive]	1	src/JSystem/JKernel/JKRSolidHeap.cpp	mEnd      = (void*)((u32)mStart + mSize);
compat64	ptr-truncation	src/JSystem/JKernel/JKRSolidHeap.cpp	89	48	error	cast from 'void*' to 'u32' {aka 'unsigned int'} loses precision [-fpermissive]	1	src/JSystem/JKernel/JKRSolidHeap.cpp	char* alignedStart = (char*)ALIGN_NEXT((u32)mCurStart, align);
compat64	ptr-truncation	src/JSystem/JKernel/JKRSolidHeap.cpp	111	46	error	cast from 'void*' to 'u32' {aka 'unsigned int'} loses precision [-fpermissive]	1	src/JSystem/JKernel/JKRSolidHeap.cpp	char* alignedEnd = (char*)ALIGN_PREV((u32)mCurEnd - size, align);
compat64	ptr-truncation	src/JSystem/JKernel/JKRThread.cpp	20	32	error	cast from 'void*' to 'u32' {aka 'unsigned int'} loses precision [-fpermissive]	1	src/JSystem/JKernel/JKRThread.cpp	(void*)((u32)mStackMemory + mStackSize), mStackSize,
compat64	ptr-truncation	src/JSystem/JKernel/JKRThread.cpp	34	25	error	cast from 'u32*' {aka 'unsigned int*'} to 'u32' {aka 'unsigned int'} loses precision [-fpermissive]	1	src/JSystem/JKernel/JKRThread.cpp	mStackSize    = (u32)threadRecord->stackEnd - (u32)threadRecord->stackBase;
compat64	ptr-truncation	src/JSystem/JKernel/JKRThread.cpp	34	55	error	cast from 'u8*' {aka 'unsigned char*'} to 'u32' {aka 'unsigned int'} loses precision [-fpermissive]	1	src/JSystem/JKernel/JKRThread.cpp	mStackSize    = (u32)threadRecord->stackEnd - (u32)threadRecord->stackBase;
compat64	ptr-truncation	src/JSystem/JRenderer.cpp	283	24	error	cast from 'void*' to 'u32' {aka 'unsigned int'} loses precision [-fpermissive]	1	src/JSystem/JRenderer.cpp	(u32) ((u32)OSPhysicalToCached(image) >> 5) |
compat64	ptr-truncation	src/JSystem/JRenderer.cpp	319	24	error	cast from 'void*' to 'u32' {aka 'unsigned int'} loses precision [-fpermissive]	1	src/JSystem/JRenderer.cpp	(u32) ((u32)OSPhysicalToCached(tlut) >> 5) |
compat64	ptr-truncation	src/JSystem/JUtility/JUTDirectFile.cpp	36	40	error	cast from 'u8*' {aka 'unsigned char*'} to 'u32' {aka 'unsigned int'} loses precision [-fpermissive]	1	src/JSystem/JUtility/JUTDirectFile.cpp	mSectorStart = (u8*)ALIGN_NEXT((u32)mBuffer, DVD_MIN_TRANSFER_SIZE);
compat64	ptr-truncation	src/JSystem/JUtility/JUTException.cpp	618	42	error	cast from 'void*' to 'u32' {aka 'unsigned int'} loses precision [-fpermissive]	1	src/JSystem/JUtility/JUTException.cpp	void* begin  = (void*)ALIGN_PREV((u32)end - size, 32);
compat64	ptr-truncation	src/JSystem/JUtility/JUTException.cpp	619	42	error	cast from 'void*' to 's32' {aka 'int'} loses precision [-fpermissive]	1	src/JSystem/JUtility/JUTException.cpp	void* object = (void*)ALIGN_PREV((s32)begin - sizeof(JUTExternalFB), 32);
compat64	ptr-truncation	src/JSystem/JUtility/JUTTexture.cpp	57	36	error	cast from 'const ResTIMG*' to 'int' loses precision [-fpermissive]	1	src/JSystem/JUtility/JUTTexture.cpp	mTexData = (void*)((int)mTexInfo + mTexInfo->imageDataOffset);
compat64	ptr-truncation	src/JSystem/JUtility/JUTTexture.cpp	60	44	error	cast from 'const ResTIMG*' to 'int' loses precision [-fpermissive]	1	src/JSystem/JUtility/JUTTexture.cpp	mTexData = (void*)((int)mTexInfo + 0x20);
compat64	ptr-truncation	src/MSound/MSound.cpp	101	40	error	cast from 'void*' to 'u32' {aka 'unsigned int'} loses precision [-fpermissive]	1	src/MSound/MSound.cpp	u32 addr                     = (u32)base;
compat64	ptr-truncation	src/Map/MapCollisionEntry.cpp	83	38	error	cast from 's16*' {aka 'short int*'} to 'int' loses precision [-fpermissive]	1	src/Map/MapCollisionEntry.cpp	= (s16*)((int)mCollisionGroups[i].mIndices + (u8*)hdr);
compat64	ptr-truncation	src/Map/MapCollisionEntry.cpp	85	37	error	cast from 'u8*' {aka 'unsigned char*'} to 'int' loses precision [-fpermissive]	1	src/Map/MapCollisionEntry.cpp	= (u8*)((int)mCollisionGroups[i].unkC + (u8*)hdr);
compat64	ptr-truncation	src/Map/MapCollisionEntry.cpp	87	37	error	cast from 'u8*' {aka 'unsigned char*'} to 'int' loses precision [-fpermissive]	1	src/Map/MapCollisionEntry.cpp	= (u8*)((int)mCollisionGroups[i].unk10 + (u8*)hdr);
compat64	ptr-truncation	src/Map/MapCollisionEntry.cpp	91	46	error	cast from 's16*' {aka 'short int*'} to 'int' loses precision [-fpermissive]	1	src/Map/MapCollisionEntry.cpp	= (s16*)((int)mCollisionGroups[i].mAdditionalDatas
compat64	ptr-truncation	src/Map/MapMakeList.cpp	259	23	error	cast from 'TBGCheckListWarp*' to 'u32' {aka 'unsigned int'} loses precision [-fpermissive]	1	src/Map/MapMakeList.cpp	u32 offset = ((u32)l - (u32)r);
compat64	ptr-truncation	src/Map/MapMakeList.cpp	259	32	error	cast from 'TBGCheckListWarp*' to 'u32' {aka 'unsigned int'} loses precision [-fpermissive]	1	src/Map/MapMakeList.cpp	u32 offset = ((u32)l - (u32)r);
compat64	ptr-truncation	src/Map/MapMirror.cpp	447	23	error	cast from 'const ResTIMG*' to 'u32' {aka 'unsigned int'} loses precision [-fpermissive]	1	src/Map/MapMirror.cpp	= (u32)&source + source.imageDataOffset - (u32)&target;
compat64	ptr-truncation	src/Map/MapMirror.cpp	447	63	error	cast from 'ResTIMG*' to 'u32' {aka 'unsigned int'} loses precision [-fpermissive]	1	src/Map/MapMirror.cpp	= (u32)&source + source.imageDataOffset - (u32)&target;
compat64	ptr-truncation	src/Map/PollutionManager.cpp	154	63	error	cast from 'TPollutionManager::TPollutionInfo*' to 'u32' {aka 'unsigned int'} loses precision [-fpermissive]	1	src/Map/PollutionManager.cpp	= (TPollutionLayerInfo*)((u8*)info->mLayerInfos + (u32)info);
compat64	ptr-truncation	src/Map/PollutionManager.cpp	157	46	error	cast from 'TPollutionManager::TPollutionInfo*' to 'u32' {aka 'unsigned int'} loses precision [-fpermissive]	1	src/Map/PollutionManager.cpp	mLayerInfos[i].mHeightMap += (u32)info;
compat64	ptr-truncation	src/MarioUtil/PacketUtil.cpp	354	29	error	cast from 'PacketUserData_MatColor*' to 'u32' {aka 'unsigned int'} loses precision [-fpermissive]	1	src/MarioUtil/PacketUtil.cpp	packet->setUserArea((u32)userData);
compat64	ptr-truncation	src/MarioUtil/PacketUtil.cpp	369	29	error	cast from 'PacketUserData_OneTevColor*' to 'u32' {aka 'unsigned int'} loses precision [-fpermissive]	1	src/MarioUtil/PacketUtil.cpp	packet->setUserArea((u32)userData);
compat64	ptr-truncation	src/MarioUtil/PacketUtil.cpp	387	29	error	cast from 'PacketUserData_TwoTevColor*' to 'u32' {aka 'unsigned int'} loses precision [-fpermissive]	1	src/MarioUtil/PacketUtil.cpp	packet->setUserArea((u32)userData);
compat64	ptr-truncation	src/MarioUtil/PacketUtil.cpp	408	29	error	cast from 'PacketUserData_ThreeTevColor*' to 'u32' {aka 'unsigned int'} loses precision [-fpermissive]	1	src/MarioUtil/PacketUtil.cpp	packet->setUserArea((u32)userData);
compat64	ptr-truncation	src/MarioUtil/PacketUtil.cpp	423	29	error	cast from 'PacketUserData_DisplayList*' to 'u32' {aka 'unsigned int'} loses precision [-fpermissive]	1	src/MarioUtil/PacketUtil.cpp	packet->setUserArea((u32)userData);
compat64	ptr-truncation	src/MarioUtil/PacketUtil.cpp	447	29	error	cast from 'PacketUserData_Fog*' to 'u32' {aka 'unsigned int'} loses precision [-fpermissive]	1	src/MarioUtil/PacketUtil.cpp	packet->setUserArea((u32)userData);
compat64	ptr-truncation	src/MarioUtil/PacketUtil.cpp	462	29	error	cast from 'PacketUserData_OneTevKColor*' to 'u32' {aka 'unsigned int'} loses precision [-fpermissive]	1	src/MarioUtil/PacketUtil.cpp	packet->setUserArea((u32)userData);
compat64	ptr-truncation	src/MarioUtil/PacketUtil.cpp	480	29	error	cast from 'PacketUserData_TwoTevKColor*' to 'u32' {aka 'unsigned int'} loses precision [-fpermissive]	1	src/MarioUtil/PacketUtil.cpp	packet->setUserArea((u32)userData);
compat64	ptr-truncation	src/MarioUtil/PacketUtil.cpp	515	29	error	cast from 'PacketUserData_OneTevKColorAndFog*' to 'u32' {aka 'unsigned int'} loses precision [-fpermissive]	1	src/MarioUtil/PacketUtil.cpp	packet->setUserArea((u32)userData);
compat64	ptr-truncation	src/MarioUtil/PacketUtil.cpp	534	29	error	cast from 'PacketUserData_OneTevColorAndOneTevKColor*' to 'u32' {aka 'unsigned int'} loses precision [-fpermissive]	1	src/MarioUtil/PacketUtil.cpp	packet->setUserArea((u32)userData);
compat64	ptr-truncation	src/MarioUtil/PacketUtil.cpp	557	29	error	cast from 'PacketUserData_TwoTevColorAndOneTevKColor*' to 'u32' {aka 'unsigned int'} loses precision [-fpermissive]	1	src/MarioUtil/PacketUtil.cpp	packet->setUserArea((u32)userData);
compat64	ptr-truncation	src/MoveBG/Item.cpp	875	74	error	cast from 'TShine*' to 'u32' {aka 'unsigned int'} loses precision [-fpermissive]	1	src/MoveBG/Item.cpp	param_1, &mPosition, -1, 0.0f, true, appearWithTimeCallback, (u32)this,
compat64	ptr-truncation	src/MoveBG/MapObjLib.cpp	828	16	error	cast from 'TTakeActor*' to 'int' loses precision [-fpermissive]	1	src/MoveBG/MapObjLib.cpp	return (int)((TTakeActor*)actor)->mHolder;
compat64	ptr-truncation	src/MoveBG/MapObjMamma.cpp	908	49	error	cast from 'JGeometry::TVec3<float>*' to 'u32' {aka 'unsigned int'} loses precision [-fpermissive]	1	src/MoveBG/MapObjMamma.cpp	startCameraShakeSE, (u32)&mPosition, nullptr,
compat64	ptr-truncation	src/MoveBG/MapObjPinna.cpp	979	29	error	cast from 'TFerrisWheel*' to 'u32' {aka 'unsigned int'} loses precision [-fpermissive]	1	src/MoveBG/MapObjPinna.cpp	reinterpret_cast<u32>(wheel), nullptr,
compat64	ptr-truncation	src/MoveBG/ModelGate.cpp	353	31	error	cast from 'u8*' {aka 'unsigned char*'} to 'u32' {aka 'unsigned int'} loses precision [-fpermissive]	1	src/MoveBG/ModelGate.cpp	= (u32)set->ytexture - (u32)&tex->mResources[0];
compat64	ptr-truncation	src/MoveBG/ModelGate.cpp	353	52	error	cast from 'ResTIMG*' to 'u32' {aka 'unsigned int'} loses precision [-fpermissive]	1	src/MoveBG/ModelGate.cpp	= (u32)set->ytexture - (u32)&tex->mResources[0];
compat64	ptr-truncation	src/MoveBG/ModelGate.cpp	355	31	error	cast from 'u8*' {aka 'unsigned char*'} to 'u32' {aka 'unsigned int'} loses precision [-fpermissive]	1	src/MoveBG/ModelGate.cpp	= (u32)set->utexture - (u32)&tex->mResources[1];
compat64	ptr-truncation	src/MoveBG/ModelGate.cpp	355	52	error	cast from 'ResTIMG*' to 'u32' {aka 'unsigned int'} loses precision [-fpermissive]	1	src/MoveBG/ModelGate.cpp	= (u32)set->utexture - (u32)&tex->mResources[1];
compat64	ptr-truncation	src/MoveBG/ModelGate.cpp	357	31	error	cast from 'u8*' {aka 'unsigned char*'} to 'u32' {aka 'unsigned int'} loses precision [-fpermissive]	1	src/MoveBG/ModelGate.cpp	= (u32)set->vtexture - (u32)&tex->mResources[2];
compat64	ptr-truncation	src/MoveBG/ModelGate.cpp	357	52	error	cast from 'ResTIMG*' to 'u32' {aka 'unsigned int'} loses precision [-fpermissive]	1	src/MoveBG/ModelGate.cpp	= (u32)set->vtexture - (u32)&tex->mResources[2];
compat64	ptr-truncation	src/NPC/NpcEvent.cpp	94	22	error	cast from 'JDrama::TViewObj*' to 'int' loses precision [-fpermissive]	1	src/NPC/NpcEvent.cpp	interp->push((int)JDrama::TNameRefGen::search<JDrama::TViewObj>(name));
compat64	ptr-truncation	src/NPC/NpcEvent.cpp	414	64	error	cast from 'void (*)(TSpcTypedInterp<TEventWatcher>*, u32)' {aka 'void (*)(TSpcTypedInterp<TEventWatcher>*, unsigned int)'} to 'u32' {aka 'unsigned int'} loses precision [-fpermissive]	1	src/NPC/NpcEvent.cpp	param_1->bindSystemDataToSymbol("getAddressFromViewObjName", (u32)&evGetAddressFromViewObjName);
compat64	ptr-truncation	src/NPC/NpcEvent.cpp	415	56	error	cast from 'void (*)(TSpcTypedInterp<TEventWatcher>*, u32)' {aka 'void (*)(TSpcTypedInterp<TEventWatcher>*, unsigned int)'} to 'u32' {aka 'unsigned int'} loses precision [-fpermissive]	1	src/NPC/NpcEvent.cpp	param_1->bindSystemDataToSymbol("checkCurNerve4Npc", (u32)&evCheckCurNerve4Npc);
compat64	ptr-truncation	src/NPC/NpcEvent.cpp	416	59	error	cast from 'void (*)(TSpcTypedInterp<TEventWatcher>*, u32)' {aka 'void (*)(TSpcTypedInterp<TEventWatcher>*, unsigned int)'} to 'u32' {aka 'unsigned int'} loses precision [-fpermissive]	1	src/NPC/NpcEvent.cpp	param_1->bindSystemDataToSymbol("checkLatestNerve4Npc", (u32)&evCheckLatestNerve4Npc);
compat64	ptr-truncation	src/NPC/NpcEvent.cpp	417	54	error	cast from 'void (*)(TSpcTypedInterp<TEventWatcher>*, u32)' {aka 'void (*)(TSpcTypedInterp<TEventWatcher>*, unsigned int)'} to 'u32' {aka 'unsigned int'} loses precision [-fpermissive]	1	src/NPC/NpcEvent.cpp	param_1->bindSystemDataToSymbol("isNpcSinkBottom", (u32)&evIsNpcSinkBottom);
compat64	ptr-truncation	src/NPC/NpcEvent.cpp	418	55	error	cast from 'void (*)(TSpcTypedInterp<TEventWatcher>*, u32)' {aka 'void (*)(TSpcTypedInterp<TEventWatcher>*, unsigned int)'} to 'u32' {aka 'unsigned int'} loses precision [-fpermissive]	1	src/NPC/NpcEvent.cpp	param_1->bindSystemDataToSymbol("isGameModeNormal", (u32)&evIsGameModeNormal);
compat64	ptr-truncation	src/NPC/NpcEvent.cpp	419	55	error	cast from 'void (*)(TSpcTypedInterp<TEventWatcher>*, u32)' {aka 'void (*)(TSpcTypedInterp<TEventWatcher>*, unsigned int)'} to 'u32' {aka 'unsigned int'} loses precision [-fpermissive]	1	src/NPC/NpcEvent.cpp	param_1->bindSystemDataToSymbol("__forceStartTalk", (u32)&ev__ForceStartTalk);
compat64	ptr-truncation	src/NPC/NpcEvent.cpp	420	64	error	cast from 'void (*)(TSpcTypedInterp<TEventWatcher>*, u32)' {aka 'void (*)(TSpcTypedInterp<TEventWatcher>*, unsigned int)'} to 'u32' {aka 'unsigned int'} loses precision [-fpermissive]	1	src/NPC/NpcEvent.cpp	param_1->bindSystemDataToSymbol("__forceStartTalkExceptNpc", (u32)&ev__ForceStartTalkExceptNpc);
compat64	ptr-truncation	src/NPC/NpcEvent.cpp	421	54	error	cast from 'void (*)(TSpcTypedInterp<TEventWatcher>*, u32)' {aka 'void (*)(TSpcTypedInterp<TEventWatcher>*, unsigned int)'} to 'u32' {aka 'unsigned int'} loses precision [-fpermissive]	1	src/NPC/NpcEvent.cpp	param_1->bindSystemDataToSymbol("connectDummyNpc", (u32)&evConnectDummyNpc);
compat64	ptr-truncation	src/NPC/NpcEvent.cpp	422	55	error	cast from 'void (*)(TSpcTypedInterp<TEventWatcher>*, u32)' {aka 'void (*)(TSpcTypedInterp<TEventWatcher>*, unsigned int)'} to 'u32' {aka 'unsigned int'} loses precision [-fpermissive]	1	src/NPC/NpcEvent.cpp	param_1->bindSystemDataToSymbol("onTalkToDummyNpc", (u32)&evOnTalkToDummyNpc);
compat64	ptr-truncation	src/NPC/NpcEvent.cpp	423	59	error	cast from 'void (*)(TSpcTypedInterp<TEventWatcher>*, u32)' {aka 'void (*)(TSpcTypedInterp<TEventWatcher>*, unsigned int)'} to 'u32' {aka 'unsigned int'} loses precision [-fpermissive]	1	src/NPC/NpcEvent.cpp	param_1->bindSystemDataToSymbol("setNpcBalloonMessage", (u32)&evSetNpcBalloonMessage);
compat64	ptr-truncation	src/NPC/NpcEvent.cpp	424	60	error	cast from 'void (*)(TSpcTypedInterp<TEventWatcher>*, u32)' {aka 'void (*)(TSpcTypedInterp<TEventWatcher>*, unsigned int)'} to 'u32' {aka 'unsigned int'} loses precision [-fpermissive]	1	src/NPC/NpcEvent.cpp	param_1->bindSystemDataToSymbol("setNpcTalkForbidCount", (u32)&evSetNpcTalkForbidCount);
compat64	ptr-truncation	src/NPC/NpcEvent.cpp	425	49	error	cast from 'void (*)(TSpcTypedInterp<TEventWatcher>*, u32)' {aka 'void (*)(TSpcTypedInterp<TEventWatcher>*, unsigned int)'} to 'u32' {aka 'unsigned int'} loses precision [-fpermissive]	1	src/NPC/NpcEvent.cpp	param_1->bindSystemDataToSymbol("npcDanceOn", (u32)&evNpcDanceOn);
compat64	ptr-truncation	src/NPC/NpcEvent.cpp	426	57	error	cast from 'void (*)(TSpcTypedInterp<TEventWatcher>*, u32)' {aka 'void (*)(TSpcTypedInterp<TEventWatcher>*, unsigned int)'} to 'u32' {aka 'unsigned int'} loses precision [-fpermissive]	1	src/NPC/NpcEvent.cpp	param_1->bindSystemDataToSymbol("npcDanceOffHappyOn", (u32)&evNpcDanceOffHappyOn);
compat64	ptr-truncation	src/NPC/NpcEvent.cpp	427	52	error	cast from 'void (*)(TSpcTypedInterp<TEventWatcher>*, u32)' {aka 'void (*)(TSpcTypedInterp<TEventWatcher>*, unsigned int)'} to 'u32' {aka 'unsigned int'} loses precision [-fpermissive]	1	src/NPC/NpcEvent.cpp	param_1->bindSystemDataToSymbol("resetFruitNum", (u32)&evResetFruitNum);
compat64	ptr-truncation	src/NPC/NpcEvent.cpp	428	50	error	cast from 'void (*)(TSpcTypedInterp<TEventWatcher>*, u32)' {aka 'void (*)(TSpcTypedInterp<TEventWatcher>*, unsigned int)'} to 'u32' {aka 'unsigned int'} loses precision [-fpermissive]	1	src/NPC/NpcEvent.cpp	param_1->bindSystemDataToSymbol("getFruitNum", (u32)&evGetFruitNum);
compat64	ptr-truncation	src/NPC/NpcEvent.cpp	429	51	error	cast from 'void (*)(TSpcTypedInterp<TEventWatcher>*, u32)' {aka 'void (*)(TSpcTypedInterp<TEventWatcher>*, unsigned int)'} to 'u32' {aka 'unsigned int'} loses precision [-fpermissive]	1	src/NPC/NpcEvent.cpp	param_1->bindSystemDataToSymbol("setFruitType", (u32)&evSetFruitType);
compat64	ptr-truncation	src/NPC/NpcEvent.cpp	430	58	error	cast from 'void (*)(TSpcTypedInterp<TEventWatcher>*, u32)' {aka 'void (*)(TSpcTypedInterp<TEventWatcher>*, unsigned int)'} to 'u32' {aka 'unsigned int'} loses precision [-fpermissive]	1	src/NPC/NpcEvent.cpp	param_1->bindSystemDataToSymbol("fireStartDemoCamera", (u32)&evFireStartDemoCamera);
compat64	ptr-truncation	src/NPC/NpcEvent.cpp	431	49	error	cast from 'void (*)(TSpcTypedInterp<TEventWatcher>*, u32)' {aka 'void (*)(TSpcTypedInterp<TEventWatcher>*, unsigned int)'} to 'u32' {aka 'unsigned int'} loses precision [-fpermissive]	1	src/NPC/NpcEvent.cpp	param_1->bindSystemDataToSymbol("isDemoMode", (u32)&evIsDemoMode);
compat64	ptr-truncation	src/NPC/NpcEvent.cpp	432	54	error	cast from 'void (*)(TSpcTypedInterp<TEventWatcher>*, u32)' {aka 'void (*)(TSpcTypedInterp<TEventWatcher>*, unsigned int)'} to 'u32' {aka 'unsigned int'} loses precision [-fpermissive]	1	src/NPC/NpcEvent.cpp	param_1->bindSystemDataToSymbol("checkMonteClear", (u32)&evCheckMonteClear);
compat64	ptr-truncation	src/NPC/NpcEvent.cpp	496	52	error	cast from 'TBaseNPC*' to 'u32' {aka 'unsigned int'} loses precision [-fpermissive]	1	src/NPC/NpcEvent.cpp	(u32)npc, nullptr, demoFlag);
compat64	ptr-truncation	src/Player/MarioParticle.cpp	497	25	error	cast from 'JPABaseParticle*' to 'int' loses precision [-fpermissive]	1	src/Player/MarioParticle.cpp	f32 factor = ((((int)particle >> 2) & 0x3F) / 16.0f);
compat64	ptr-truncation	src/Strategic/liveinterp.cpp	635	45	error	cast from 'void (*)(TSpcTypedInterp<TLiveActor>*, u32)' {aka 'void (*)(TSpcTypedInterp<TLiveActor>*, unsigned int)'} to 'u32' {aka 'unsigned int'} loses precision [-fpermissive]	1	src/Strategic/liveinterp.cpp	bindSystemDataToSymbol("pushNerve", (u32)&linPushNerve);
compat64	ptr-truncation	src/Strategic/liveinterp.cpp	636	42	error	cast from 'void (*)(TSpcTypedInterp<TLiveActor>*, u32)' {aka 'void (*)(TSpcTypedInterp<TLiveActor>*, unsigned int)'} to 'u32' {aka 'unsigned int'} loses precision [-fpermissive]	1	src/Strategic/liveinterp.cpp	bindSystemDataToSymbol("setBck", (u32)&linSetBck);
compat64	ptr-truncation	src/Strategic/liveinterp.cpp	637	42	error	cast from 'void (*)(TSpcTypedInterp<TLiveActor>*, u32)' {aka 'void (*)(TSpcTypedInterp<TLiveActor>*, unsigned int)'} to 'u32' {aka 'unsigned int'} loses precision [-fpermissive]	1	src/Strategic/liveinterp.cpp	bindSystemDataToSymbol("setBpk", (u32)&linSetBpk);
compat64	ptr-truncation	src/Strategic/liveinterp.cpp	638	42	error	cast from 'void (*)(TSpcTypedInterp<TLiveActor>*, u32)' {aka 'void (*)(TSpcTypedInterp<TLiveActor>*, unsigned int)'} to 'u32' {aka 'unsigned int'} loses precision [-fpermissive]	1	src/Strategic/liveinterp.cpp	bindSystemDataToSymbol("setBtp", (u32)&linSetBtp);
compat64	ptr-truncation	src/Strategic/liveinterp.cpp	639	42	error	cast from 'void (*)(TSpcTypedInterp<TLiveActor>*, u32)' {aka 'void (*)(TSpcTypedInterp<TLiveActor>*, unsigned int)'} to 'u32' {aka 'unsigned int'} loses precision [-fpermissive]	1	src/Strategic/liveinterp.cpp	bindSystemDataToSymbol("setBtk", (u32)&linSetBtk);
compat64	ptr-truncation	src/Strategic/liveinterp.cpp	640	42	error	cast from 'void (*)(TSpcTypedInterp<TLiveActor>*, u32)' {aka 'void (*)(TSpcTypedInterp<TLiveActor>*, unsigned int)'} to 'u32' {aka 'unsigned int'} loses precision [-fpermissive]	1	src/Strategic/liveinterp.cpp	bindSystemDataToSymbol("setBlk", (u32)&linSetBlk);
compat64	ptr-truncation	src/Strategic/liveinterp.cpp	641	42	error	cast from 'void (*)(TSpcTypedInterp<TLiveActor>*, u32)' {aka 'void (*)(TSpcTypedInterp<TLiveActor>*, unsigned int)'} to 'u32' {aka 'unsigned int'} loses precision [-fpermissive]	1	src/Strategic/liveinterp.cpp	bindSystemDataToSymbol("setBls", (u32)&linSetBls);
compat64	ptr-truncation	src/Strategic/liveinterp.cpp	642	42	error	cast from 'void (*)(TSpcTypedInterp<TLiveActor>*, u32)' {aka 'void (*)(TSpcTypedInterp<TLiveActor>*, unsigned int)'} to 'u32' {aka 'unsigned int'} loses precision [-fpermissive]	1	src/Strategic/liveinterp.cpp	bindSystemDataToSymbol("setSRT", (u32)&linSetSRT);
compat64	ptr-truncation	src/Strategic/liveinterp.cpp	643	42	error	cast from 'void (*)(TSpcTypedInterp<TLiveActor>*, u32)' {aka 'void (*)(TSpcTypedInterp<TLiveActor>*, unsigned int)'} to 'u32' {aka 'unsigned int'} loses precision [-fpermissive]	1	src/Strategic/liveinterp.cpp	bindSystemDataToSymbol("getSRT", (u32)&linGetSRT);
compat64	ptr-truncation	src/Strategic/liveinterp.cpp	644	46	error	cast from 'void (*)(TSpcTypedInterp<TLiveActor>*, u32)' {aka 'void (*)(TSpcTypedInterp<TLiveActor>*, unsigned int)'} to 'u32' {aka 'unsigned int'} loses precision [-fpermissive]	1	src/Strategic/liveinterp.cpp	bindSystemDataToSymbol("setAnmRate", (u32)&linSetAnmRate);
compat64	ptr-truncation	src/Strategic/spcinterp.cpp	138	41	error	cast from 'void (*)(TSpcInterp*, u32)' {aka 'void (*)(TSpcInterp*, unsigned int)'} to 'u32' {aka 'unsigned int'} loses precision [-fpermissive]	1	src/Strategic/spcinterp.cpp	bindSystemDataToSymbol("yield", (u32)&spcYield);
compat64	ptr-truncation	src/Strategic/spcinterp.cpp	139	40	error	cast from 'void (*)(TSpcInterp*, u32)' {aka 'void (*)(TSpcInterp*, unsigned int)'} to 'u32' {aka 'unsigned int'} loses precision [-fpermissive]	1	src/Strategic/spcinterp.cpp	bindSystemDataToSymbol("exit", (u32)&spcExit);
compat64	ptr-truncation	src/Strategic/spcinterp.cpp	140	40	error	cast from 'void (*)(TSpcInterp*, u32)' {aka 'void (*)(TSpcInterp*, unsigned int)'} to 'u32' {aka 'unsigned int'} loses precision [-fpermissive]	1	src/Strategic/spcinterp.cpp	bindSystemDataToSymbol("lock", (u32)&spcLock);
compat64	ptr-truncation	src/Strategic/spcinterp.cpp	141	42	error	cast from 'void (*)(TSpcInterp*, u32)' {aka 'void (*)(TSpcInterp*, unsigned int)'} to 'u32' {aka 'unsigned int'} loses precision [-fpermissive]	1	src/Strategic/spcinterp.cpp	bindSystemDataToSymbol("unlock", (u32)&spcUnlock);
compat64	ptr-truncation	src/Strategic/spcinterp.cpp	142	41	error	cast from 'void (*)(TSpcInterp*, u32)' {aka 'void (*)(TSpcInterp*, unsigned int)'} to 'u32' {aka 'unsigned int'} loses precision [-fpermissive]	1	src/Strategic/spcinterp.cpp	bindSystemDataToSymbol("print", (u32)&spcPrint);
compat64	ptr-truncation	src/Strategic/spcinterp.cpp	143	40	error	cast from 'void (*)(TSpcInterp*, u32)' {aka 'void (*)(TSpcInterp*, unsigned int)'} to 'u32' {aka 'unsigned int'} loses precision [-fpermissive]	1	src/Strategic/spcinterp.cpp	bindSystemDataToSymbol("dump", (u32)&spcDump);
compat64	ptr-truncation	src/Strategic/spcinterp.cpp	144	39	error	cast from 'void (*)(TSpcInterp*, u32)' {aka 'void (*)(TSpcInterp*, unsigned int)'} to 'u32' {aka 'unsigned int'} loses precision [-fpermissive]	1	src/Strategic/spcinterp.cpp	bindSystemDataToSymbol("int", (u32)&spcInt);
compat64	ptr-truncation	src/Strategic/spcinterp.cpp	145	41	error	cast from 'void (*)(TSpcInterp*, u32)' {aka 'void (*)(TSpcInterp*, unsigned int)'} to 'u32' {aka 'unsigned int'} loses precision [-fpermissive]	1	src/Strategic/spcinterp.cpp	bindSystemDataToSymbol("float", (u32)&spcFloat);
compat64	ptr-truncation	src/Strategic/spcinterp.cpp	146	42	error	cast from 'void (*)(TSpcInterp*, u32)' {aka 'void (*)(TSpcInterp*, unsigned int)'} to 'u32' {aka 'unsigned int'} loses precision [-fpermissive]	1	src/Strategic/spcinterp.cpp	bindSystemDataToSymbol("typeof", (u32)&spcTypeof);
compat64	ptr-truncation	src/System/EventWatcher.cpp	74	22	error	cast from 'JDrama::TNameRef*' to 'int' loses precision [-fpermissive]	1	src/System/EventWatcher.cpp	interp->push((int)ref);
compat64	ptr-truncation	src/System/EventWatcher.cpp	296	33	error	cast from 'TBaseNPC*' to 'int' loses precision [-fpermissive]	1	src/System/EventWatcher.cpp	interp->push(!npc ? 0 : (int)npc);
compat64	ptr-truncation	src/System/EventWatcher.cpp	1597	43	error	cast from 'void (*)(TSpcTypedInterp<TEventWatcher>*, u32)' {aka 'void (*)(TSpcTypedInterp<TEventWatcher>*, unsigned int)'} to 'u32' {aka 'unsigned int'} loses precision [-fpermissive]	1	src/System/EventWatcher.cpp	bindSystemDataToSymbol("getSystemFlag", (u32)&evGetSystemFlag);
compat64	ptr-truncation	src/System/EventWatcher.cpp	1598	43	error	cast from 'void (*)(TSpcTypedInterp<TEventWatcher>*, u32)' {aka 'void (*)(TSpcTypedInterp<TEventWatcher>*, unsigned int)'} to 'u32' {aka 'unsigned int'} loses precision [-fpermissive]	1	src/System/EventWatcher.cpp	bindSystemDataToSymbol("setSystemFlag", (u32)&evSetSystemFlag);
compat64	ptr-truncation	src/System/EventWatcher.cpp	1599	46	error	cast from 'void (*)(TSpcTypedInterp<TEventWatcher>*, u32)' {aka 'void (*)(TSpcTypedInterp<TEventWatcher>*, unsigned int)'} to 'u32' {aka 'unsigned int'} loses precision [-fpermissive]	1	src/System/EventWatcher.cpp	bindSystemDataToSymbol("getNameRefHandle", (u32)&evGetNameRefHandle);
compat64	ptr-truncation	src/System/EventWatcher.cpp	1600	44	error	cast from 'void (*)(TSpcTypedInterp<TEventWatcher>*, u32)' {aka 'void (*)(TSpcTypedInterp<TEventWatcher>*, unsigned int)'} to 'u32' {aka 'unsigned int'} loses precision [-fpermissive]	1	src/System/EventWatcher.cpp	bindSystemDataToSymbol("getNameRefName", (u32)&evGetNameRefName);
compat64	ptr-truncation	src/System/EventWatcher.cpp	1601	40	error	cast from 'void (*)(TSpcTypedInterp<TEventWatcher>*, u32)' {aka 'void (*)(TSpcTypedInterp<TEventWatcher>*, unsigned int)'} to 'u32' {aka 'unsigned int'} loses precision [-fpermissive]	1	src/System/EventWatcher.cpp	bindSystemDataToSymbol("getNPCType", (u32)&evGetNPCType);
compat64	ptr-truncation	src/System/EventWatcher.cpp	1602	48	error	cast from 'void (*)(TSpcTypedInterp<TEventWatcher>*, u32)' {aka 'void (*)(TSpcTypedInterp<TEventWatcher>*, unsigned int)'} to 'u32' {aka 'unsigned int'} loses precision [-fpermissive]	1	src/System/EventWatcher.cpp	bindSystemDataToSymbol("setFlagNPCDontTalk", (u32)&evSetFlagNPCDontTalk);
compat64	ptr-truncation	src/System/EventWatcher.cpp	1603	49	error	cast from 'void (*)(TSpcTypedInterp<TEventWatcher>*, u32)' {aka 'void (*)(TSpcTypedInterp<TEventWatcher>*, unsigned int)'} to 'u32' {aka 'unsigned int'} loses precision [-fpermissive]	1	src/System/EventWatcher.cpp	bindSystemDataToSymbol("setFlagNPCDontThrow", (u32)&evSetFlagNPCDontThrow);
compat64	ptr-truncation	src/System/EventWatcher.cpp	1604	44	error	cast from 'void (*)(TSpcTypedInterp<TEventWatcher>*, u32)' {aka 'void (*)(TSpcTypedInterp<TEventWatcher>*, unsigned int)'} to 'u32' {aka 'unsigned int'} loses precision [-fpermissive]	1	src/System/EventWatcher.cpp	bindSystemDataToSymbol("setFlagNPCDead", (u32)&evSetFlagNPCDead);
compat64	ptr-truncation	src/System/EventWatcher.cpp	1605	46	error	cast from 'void (*)(TSpcTypedInterp<TEventWatcher>*, u32)' {aka 'void (*)(TSpcTypedInterp<TEventWatcher>*, unsigned int)'} to 'u32' {aka 'unsigned int'} loses precision [-fpermissive]	1	src/System/EventWatcher.cpp	bindSystemDataToSymbol("isNearSameActors", (u32)&evIsNearSameActors);
compat64	ptr-truncation	src/System/EventWatcher.cpp	1606	42	error	cast from 'void (*)(TSpcTypedInterp<TEventWatcher>*, u32)' {aka 'void (*)(TSpcTypedInterp<TEventWatcher>*, unsigned int)'} to 'u32' {aka 'unsigned int'} loses precision [-fpermissive]	1	src/System/EventWatcher.cpp	bindSystemDataToSymbol("isNearActors", (u32)&evIsNearActors);
compat64	ptr-truncation	src/System/EventWatcher.cpp	1607	40	error	cast from 'void (*)(TSpcTypedInterp<TEventWatcher>*, u32)' {aka 'void (*)(TSpcTypedInterp<TEventWatcher>*, unsigned int)'} to 'u32' {aka 'unsigned int'} loses precision [-fpermissive]	1	src/System/EventWatcher.cpp	bindSystemDataToSymbol("getTalkNPC", (u32)&evGetTalkNPC);
compat64	ptr-truncation	src/System/EventWatcher.cpp	1608	44	error	cast from 'void (*)(TSpcTypedInterp<TEventWatcher>*, u32)' {aka 'void (*)(TSpcTypedInterp<TEventWatcher>*, unsigned int)'} to 'u32' {aka 'unsigned int'} loses precision [-fpermissive]	1	src/System/EventWatcher.cpp	bindSystemDataToSymbol("getTalkNPCName", (u32)&evGetTalkNPCName);
compat64	ptr-truncation	src/System/EventWatcher.cpp	1609	42	error	cast from 'void (*)(TSpcTypedInterp<TEventWatcher>*, u32)' {aka 'void (*)(TSpcTypedInterp<TEventWatcher>*, unsigned int)'} to 'u32' {aka 'unsigned int'} loses precision [-fpermissive]	1	src/System/EventWatcher.cpp	bindSystemDataToSymbol("setTalkMsgID", (u32)&evSetTalkMsgID);
compat64	ptr-truncation	src/System/EventWatcher.cpp	1610	41	error	cast from 'void (*)(TSpcTypedInterp<TEventWatcher>*, u32)' {aka 'void (*)(TSpcTypedInterp<TEventWatcher>*, unsigned int)'} to 'u32' {aka 'unsigned int'} loses precision [-fpermissive]	1	src/System/EventWatcher.cpp	bindSystemDataToSymbol("getTalkMode", (u32)&evGetTalkMode);
compat64	ptr-truncation	src/System/EventWatcher.cpp	1611	50	error	cast from 'void (*)(TSpcTypedInterp<TEventWatcher>*, u32)' {aka 'void (*)(TSpcTypedInterp<TEventWatcher>*, unsigned int)'} to 'u32' {aka 'unsigned int'} loses precision [-fpermissive]	1	src/System/EventWatcher.cpp	bindSystemDataToSymbol("getTalkSelectedValue", (u32)&evGetTalkSelectedValue);
compat64	ptr-truncation	src/System/EventWatcher.cpp	1612	51	error	cast from 'void (*)(TSpcTypedInterp<TEventWatcher>*, u32)' {aka 'void (*)(TSpcTypedInterp<TEventWatcher>*, unsigned int)'} to 'u32' {aka 'unsigned int'} loses precision [-fpermissive]	1	src/System/EventWatcher.cpp	bindSystemDataToSymbol("setValue2TalkVariable", (u32)&evSetValue2TalkVariable);
compat64	ptr-truncation	src/System/EventWatcher.cpp	1613	43	error	cast from 'void (*)(TSpcTypedInterp<TEventWatcher>*, u32)' {aka 'void (*)(TSpcTypedInterp<TEventWatcher>*, unsigned int)'} to 'u32' {aka 'unsigned int'} loses precision [-fpermissive]	1	src/System/EventWatcher.cpp	bindSystemDataToSymbol("isTalkModeNow", (u32)&evIsTalkModeNow);
compat64	ptr-truncation	src/System/EventWatcher.cpp	1614	48	error	cast from 'void (*)(TSpcTypedInterp<TEventWatcher>*, u32)' {aka 'void (*)(TSpcTypedInterp<TEventWatcher>*, unsigned int)'} to 'u32' {aka 'unsigned int'} loses precision [-fpermissive]	1	src/System/EventWatcher.cpp	bindSystemDataToSymbol("setFlagNPCCanTaken", (u32)&evSetFlagNPCCanTaken);
compat64	ptr-truncation	src/System/EventWatcher.cpp	1615	49	error	cast from 'void (*)(TSpcTypedInterp<TEventWatcher>*, u32)' {aka 'void (*)(TSpcTypedInterp<TEventWatcher>*, unsigned int)'} to 'u32' {aka 'unsigned int'} loses precision [-fpermissive]	1	src/System/EventWatcher.cpp	bindSystemDataToSymbol("pushNerve4LiveActor", (u32)&evPushNerve4LiveActor);
compat64	ptr-truncation	src/System/EventWatcher.cpp	1616	47	error	cast from 'void (*)(TSpcTypedInterp<TEventWatcher>*, u32)' {aka 'void (*)(TSpcTypedInterp<TEventWatcher>*, unsigned int)'} to 'u32' {aka 'unsigned int'} loses precision [-fpermissive]	1	src/System/EventWatcher.cpp	bindSystemDataToSymbol("isOnLiveActorFlag", (u32)&evIsOnLiveActorFlag);
compat64	ptr-truncation	src/System/EventWatcher.cpp	1617	47	error	cast from 'void (*)(TSpcTypedInterp<TEventWatcher>*, u32)' {aka 'void (*)(TSpcTypedInterp<TEventWatcher>*, unsigned int)'} to 'u32' {aka 'unsigned int'} loses precision [-fpermissive]	1	src/System/EventWatcher.cpp	bindSystemDataToSymbol("setHide4LiveActor", (u32)&evSetHide4LiveActor);
compat64	ptr-truncation	src/System/EventWatcher.cpp	1618	47	error	cast from 'void (*)(TSpcTypedInterp<TEventWatcher>*, u32)' {aka 'void (*)(TSpcTypedInterp<TEventWatcher>*, unsigned int)'} to 'u32' {aka 'unsigned int'} loses precision [-fpermissive]	1	src/System/EventWatcher.cpp	bindSystemDataToSymbol("setDead4LiveActor", (u32)&evSetDead4LiveActor);
compat64	ptr-truncation	src/System/EventWatcher.cpp	1619	42	error	cast from 'void (*)(TSpcTypedInterp<TEventWatcher>*, u32)' {aka 'void (*)(TSpcTypedInterp<TEventWatcher>*, unsigned int)'} to 'u32' {aka 'unsigned int'} loses precision [-fpermissive]	1	src/System/EventWatcher.cpp	bindSystemDataToSymbol("setTimeLimit", (u32)&evSetTimeLimit);
compat64	ptr-truncation	src/System/EventWatcher.cpp	1620	46	error	cast from 'void (*)(TSpcTypedInterp<TEventWatcher>*, u32)' {aka 'void (*)(TSpcTypedInterp<TEventWatcher>*, unsigned int)'} to 'u32' {aka 'unsigned int'} loses precision [-fpermissive]	1	src/System/EventWatcher.cpp	bindSystemDataToSymbol("setAttentionTime", (u32)&evSetAttentionTime);
compat64	ptr-truncation	src/System/EventWatcher.cpp	1621	55	error	cast from 'void (*)(TSpcTypedInterp<TEventWatcher>*, u32)' {aka 'void (*)(TSpcTypedInterp<TEventWatcher>*, unsigned int)'} to 'u32' {aka 'unsigned int'} loses precision [-fpermissive]	1	src/System/EventWatcher.cpp	bindSystemDataToSymbol("setPollutionIncreaseCount", (u32)&evSetPollutionIncreaseCount);
compat64	ptr-truncation	src/System/EventWatcher.cpp	1622	41	error	cast from 'void (*)(TSpcTypedInterp<TEventWatcher>*, u32)' {aka 'void (*)(TSpcTypedInterp<TEventWatcher>*, unsigned int)'} to 'u32' {aka 'unsigned int'} loses precision [-fpermissive]	1	src/System/EventWatcher.cpp	bindSystemDataToSymbol("getRestTime", (u32)&evGetRestTime);
compat64	ptr-truncation	src/System/EventWatcher.cpp	1623	47	error	cast from 'void (*)(TSpcTypedInterp<TEventWatcher>*, u32)' {aka 'void (*)(TSpcTypedInterp<TEventWatcher>*, unsigned int)'} to 'u32' {aka 'unsigned int'} loses precision [-fpermissive]	1	src/System/EventWatcher.cpp	bindSystemDataToSymbol("getPollutionLevel", (u32)&evGetPollutionLevel);
compat64	ptr-truncation	src/System/EventWatcher.cpp	1624	42	error	cast from 'void (*)(TSpcTypedInterp<TEventWatcher>*, u32)' {aka 'void (*)(TSpcTypedInterp<TEventWatcher>*, unsigned int)'} to 'u32' {aka 'unsigned int'} loses precision [-fpermissive]	1	src/System/EventWatcher.cpp	bindSystemDataToSymbol("setNextStage", (u32)&evSetNextStage);
compat64	ptr-truncation	src/System/EventWatcher.cpp	1625	43	error	cast from 'void (*)(TSpcTypedInterp<TEventWatcher>*, u32)' {aka 'void (*)(TSpcTypedInterp<TEventWatcher>*, unsigned int)'} to 'u32' {aka 'unsigned int'} loses precision [-fpermissive]	1	src/System/EventWatcher.cpp	bindSystemDataToSymbol("registerMovie", (u32)&evRegisterMovie);
compat64	ptr-truncation	src/System/EventWatcher.cpp	1626	38	error	cast from 'void (*)(TSpcTypedInterp<TEventWatcher>*, u32)' {aka 'void (*)(TSpcTypedInterp<TEventWatcher>*, unsigned int)'} to 'u32' {aka 'unsigned int'} loses precision [-fpermissive]	1	src/System/EventWatcher.cpp	bindSystemDataToSymbol("gameOver", (u32)&evGameOver);
compat64	ptr-truncation	src/System/EventWatcher.cpp	1627	49	error	cast from 'void (*)(TSpcTypedInterp<TEventWatcher>*, u32)' {aka 'void (*)(TSpcTypedInterp<TEventWatcher>*, unsigned int)'} to 'u32' {aka 'unsigned int'} loses precision [-fpermissive]	1	src/System/EventWatcher.cpp	bindSystemDataToSymbol("isGraffitoCoverage0", (u32)&evIsGraffitoCoverage0);
compat64	ptr-truncation	src/System/EventWatcher.cpp	1628	51	error	cast from 'void (*)(TSpcTypedInterp<TEventWatcher>*, u32)' {aka 'void (*)(TSpcTypedInterp<TEventWatcher>*, unsigned int)'} to 'u32' {aka 'unsigned int'} loses precision [-fpermissive]	1	src/System/EventWatcher.cpp	bindSystemDataToSymbol("setGraffitoMultiplied", (u32)&evSetGraffitoMultiplied);
compat64	ptr-truncation	src/System/EventWatcher.cpp	1629	44	error	cast from 'void (*)(TSpcTypedInterp<TEventWatcher>*, u32)' {aka 'void (*)(TSpcTypedInterp<TEventWatcher>*, unsigned int)'} to 'u32' {aka 'unsigned int'} loses precision [-fpermissive]	1	src/System/EventWatcher.cpp	bindSystemDataToSymbol("isBossDefeated", (u32)&evIsBossDefeated);
compat64	ptr-truncation	src/System/EventWatcher.cpp	1630	50	error	cast from 'void (*)(TSpcTypedInterp<TEventWatcher>*, u32)' {aka 'void (*)(TSpcTypedInterp<TEventWatcher>*, unsigned int)'} to 'u32' {aka 'unsigned int'} loses precision [-fpermissive]	1	src/System/EventWatcher.cpp	bindSystemDataToSymbol("launchEventClearDemo", (u32)&evLaunchEventClearDemo);
compat64	ptr-truncation	src/System/EventWatcher.cpp	1631	51	error	cast from 'void (*)(TSpcTypedInterp<TEventWatcher>*, u32)' {aka 'void (*)(TSpcTypedInterp<TEventWatcher>*, unsigned int)'} to 'u32' {aka 'unsigned int'} loses precision [-fpermissive]	1	src/System/EventWatcher.cpp	bindSystemDataToSymbol("isEMarioReachedToGoal", (u32)&evIsEMarioReachedToGoal);
compat64	ptr-truncation	src/System/EventWatcher.cpp	1632	55	error	cast from 'void (*)(TSpcTypedInterp<TEventWatcher>*, u32)' {aka 'void (*)(TSpcTypedInterp<TEventWatcher>*, unsigned int)'} to 'u32' {aka 'unsigned int'} loses precision [-fpermissive]	1	src/System/EventWatcher.cpp	bindSystemDataToSymbol("isEMarioDownWaitingToTalk", (u32)&evIsEMarioDownWaitingToTalk);
compat64	ptr-truncation	src/System/EventWatcher.cpp	1633	48	error	cast from 'void (*)(TSpcTypedInterp<TEventWatcher>*, u32)' {aka 'void (*)(TSpcTypedInterp<TEventWatcher>*, unsigned int)'} to 'u32' {aka 'unsigned int'} loses precision [-fpermissive]	1	src/System/EventWatcher.cpp	bindSystemDataToSymbol("startEMarioRunAway", (u32)&evStartEMarioRunAway);
compat64	ptr-truncation	src/System/EventWatcher.cpp	1634	52	error	cast from 'void (*)(TSpcTypedInterp<TEventWatcher>*, u32)' {aka 'void (*)(TSpcTypedInterp<TEventWatcher>*, unsigned int)'} to 'u32' {aka 'unsigned int'} loses precision [-fpermissive]	1	src/System/EventWatcher.cpp	bindSystemDataToSymbol("startEMarioGateDrawing", (u32)&evStartEMarioGateDrawing);
compat64	ptr-truncation	src/System/EventWatcher.cpp	1635	50	error	cast from 'void (*)(TSpcTypedInterp<TEventWatcher>*, u32)' {aka 'void (*)(TSpcTypedInterp<TEventWatcher>*, unsigned int)'} to 'u32' {aka 'unsigned int'} loses precision [-fpermissive]	1	src/System/EventWatcher.cpp	bindSystemDataToSymbol("startEMarioDisappear", (u32)&evStartEMarioDisappear);
compat64	ptr-truncation	src/System/EventWatcher.cpp	1636	48	error	cast from 'void (*)(TSpcTypedInterp<TEventWatcher>*, u32)' {aka 'void (*)(TSpcTypedInterp<TEventWatcher>*, unsigned int)'} to 'u32' {aka 'unsigned int'} loses precision [-fpermissive]	1	src/System/EventWatcher.cpp	bindSystemDataToSymbol("startOpenModelGate", (u32)&evStartOpenModelGate);
compat64	ptr-truncation	src/System/EventWatcher.cpp	1637	51	error	cast from 'void (*)(TSpcTypedInterp<TEventWatcher>*, u32)' {aka 'void (*)(TSpcTypedInterp<TEventWatcher>*, unsigned int)'} to 'u32' {aka 'unsigned int'} loses precision [-fpermissive]	1	src/System/EventWatcher.cpp	bindSystemDataToSymbol("isMapEventFinishedAll", (u32)&evIsMapEventFinishedAll);
compat64	ptr-truncation	src/System/EventWatcher.cpp	1638	43	error	cast from 'void (*)(TSpcTypedInterp<TEventWatcher>*, u32)' {aka 'void (*)(TSpcTypedInterp<TEventWatcher>*, unsigned int)'} to 'u32' {aka 'unsigned int'} loses precision [-fpermissive]	1	src/System/EventWatcher.cpp	bindSystemDataToSymbol("raiseBuilding", (u32)&evRaiseBuilding);
compat64	ptr-truncation	src/System/EventWatcher.cpp	1639	44	error	cast from 'void (*)(TSpcTypedInterp<TEventWatcher>*, u32)' {aka 'void (*)(TSpcTypedInterp<TEventWatcher>*, unsigned int)'} to 'u32' {aka 'unsigned int'} loses precision [-fpermissive]	1	src/System/EventWatcher.cpp	bindSystemDataToSymbol("forceCloseTalk", (u32)&evForceCloseTalk);
compat64	ptr-truncation	src/System/EventWatcher.cpp	1640	41	error	cast from 'void (*)(TSpcTypedInterp<TEventWatcher>*, u32)' {aka 'void (*)(TSpcTypedInterp<TEventWatcher>*, unsigned int)'} to 'u32' {aka 'unsigned int'} loses precision [-fpermissive]	1	src/System/EventWatcher.cpp	bindSystemDataToSymbol("insertTimer", (u32)&evInsertTimer);
compat64	ptr-truncation	src/System/EventWatcher.cpp	1641	40	error	cast from 'void (*)(TSpcTypedInterp<TEventWatcher>*, u32)' {aka 'void (*)(TSpcTypedInterp<TEventWatcher>*, unsigned int)'} to 'u32' {aka 'unsigned int'} loses precision [-fpermissive]	1	src/System/EventWatcher.cpp	bindSystemDataToSymbol("startTimer", (u32)&evStartTimer);
compat64	ptr-truncation	src/System/EventWatcher.cpp	1642	43	error	cast from 'void (*)(TSpcTypedInterp<TEventWatcher>*, u32)' {aka 'void (*)(TSpcTypedInterp<TEventWatcher>*, unsigned int)'} to 'u32' {aka 'unsigned int'} loses precision [-fpermissive]	1	src/System/EventWatcher.cpp	bindSystemDataToSymbol("startMonteman", (u32)&evStartMonteman);
compat64	ptr-truncation	src/System/EventWatcher.cpp	1643	39	error	cast from 'void (*)(TSpcTypedInterp<TEventWatcher>*, u32)' {aka 'void (*)(TSpcTypedInterp<TEventWatcher>*, unsigned int)'} to 'u32' {aka 'unsigned int'} loses precision [-fpermissive]	1	src/System/EventWatcher.cpp	bindSystemDataToSymbol("stopTimer", (u32)&evStopTimer);
compat64	ptr-truncation	src/System/EventWatcher.cpp	1644	47	error	cast from 'void (*)(TSpcTypedInterp<TEventWatcher>*, u32)' {aka 'void (*)(TSpcTypedInterp<TEventWatcher>*, unsigned int)'} to 'u32' {aka 'unsigned int'} loses precision [-fpermissive]	1	src/System/EventWatcher.cpp	bindSystemDataToSymbol("monteManReachFlag", (u32)&evMonteManReachFlag);
compat64	ptr-truncation	src/System/EventWatcher.cpp	1645	37	error	cast from 'void (*)(TSpcTypedInterp<TEventWatcher>*, u32)' {aka 'void (*)(TSpcTypedInterp<TEventWatcher>*, unsigned int)'} to 'u32' {aka 'unsigned int'} loses precision [-fpermissive]	1	src/System/EventWatcher.cpp	bindSystemDataToSymbol("getTime", (u32)&evGetTime);
compat64	ptr-truncation	src/System/EventWatcher.cpp	1646	39	error	cast from 'void (*)(TSpcTypedInterp<TEventWatcher>*, u32)' {aka 'void (*)(TSpcTypedInterp<TEventWatcher>*, unsigned int)'} to 'u32' {aka 'unsigned int'} loses precision [-fpermissive]	1	src/System/EventWatcher.cpp	bindSystemDataToSymbol("killShine", (u32)&evKillShine);
compat64	ptr-truncation	src/System/EventWatcher.cpp	1647	45	error	cast from 'void (*)(TSpcTypedInterp<TEventWatcher>*, u32)' {aka 'void (*)(TSpcTypedInterp<TEventWatcher>*, unsigned int)'} to 'u32' {aka 'unsigned int'} loses precision [-fpermissive]	1	src/System/EventWatcher.cpp	bindSystemDataToSymbol("killMushroom1up", (u32)&evKillMushroom1up);
compat64	ptr-truncation	src/System/EventWatcher.cpp	1648	47	error	cast from 'void (*)(TSpcTypedInterp<TEventWatcher>*, u32)' {aka 'void (*)(TSpcTypedInterp<TEventWatcher>*, unsigned int)'} to 'u32' {aka 'unsigned int'} loses precision [-fpermissive]	1	src/System/EventWatcher.cpp	bindSystemDataToSymbol("appearMushroom1up", (u32)&evAppearMushroom1up);
compat64	ptr-truncation	src/System/EventWatcher.cpp	1649	48	error	cast from 'void (*)(TSpcTypedInterp<TEventWatcher>*, u32)' {aka 'void (*)(TSpcTypedInterp<TEventWatcher>*, unsigned int)'} to 'u32' {aka 'unsigned int'} loses precision [-fpermissive]	1	src/System/EventWatcher.cpp	bindSystemDataToSymbol("appearShineFromNPC", (u32)&evAppearShineFromNPC);
compat64	ptr-truncation	src/System/EventWatcher.cpp	1650	59	error	cast from 'void (*)(TSpcTypedInterp<TEventWatcher>*, u32)' {aka 'void (*)(TSpcTypedInterp<TEventWatcher>*, unsigned int)'} to 'u32' {aka 'unsigned int'} loses precision [-fpermissive]	1	src/System/EventWatcher.cpp	bindSystemDataToSymbol("appearShineFromNPCWithoutDemo", (u32)&evAppearShineFromNPCWithoutDemo);
compat64	ptr-truncation	src/System/EventWatcher.cpp	1651	54	error	cast from 'void (*)(TSpcTypedInterp<TEventWatcher>*, u32)' {aka 'void (*)(TSpcTypedInterp<TEventWatcher>*, unsigned int)'} to 'u32' {aka 'unsigned int'} loses precision [-fpermissive]	1	src/System/EventWatcher.cpp	bindSystemDataToSymbol("appearShineFromKageMario", (u32)&evAppearShineFromKageMario);
compat64	ptr-truncation	src/System/EventWatcher.cpp	1652	41	error	cast from 'void (*)(TSpcTypedInterp<TEventWatcher>*, u32)' {aka 'void (*)(TSpcTypedInterp<TEventWatcher>*, unsigned int)'} to 'u32' {aka 'unsigned int'} loses precision [-fpermissive]	1	src/System/EventWatcher.cpp	bindSystemDataToSymbol("appearShine", (u32)&evAppearShine);
compat64	ptr-truncation	src/System/EventWatcher.cpp	1653	51	error	cast from 'void (*)(TSpcTypedInterp<TEventWatcher>*, u32)' {aka 'void (*)(TSpcTypedInterp<TEventWatcher>*, unsigned int)'} to 'u32' {aka 'unsigned int'} loses precision [-fpermissive]	1	src/System/EventWatcher.cpp	bindSystemDataToSymbol("appearShineForWoodBox", (u32)&evAppearShineForWoodBox);
compat64	ptr-truncation	src/System/EventWatcher.cpp	1654	42	error	cast from 'void (*)(TSpcTypedInterp<TEventWatcher>*, u32)' {aka 'void (*)(TSpcTypedInterp<TEventWatcher>*, unsigned int)'} to 'u32' {aka 'unsigned int'} loses precision [-fpermissive]	1	src/System/EventWatcher.cpp	bindSystemDataToSymbol("changeNozzle", (u32)&evChangeNozzle);
compat64	ptr-truncation	src/System/EventWatcher.cpp	1655	47	error	cast from 'void (*)(TSpcTypedInterp<TEventWatcher>*, u32)' {aka 'void (*)(TSpcTypedInterp<TEventWatcher>*, unsigned int)'} to 'u32' {aka 'unsigned int'} loses precision [-fpermissive]	1	src/System/EventWatcher.cpp	bindSystemDataToSymbol("startMarioTalking", (u32)&evStartMarioTalking);
compat64	ptr-truncation	src/System/EventWatcher.cpp	1656	42	error	cast from 'void (*)(TSpcTypedInterp<TEventWatcher>*, u32)' {aka 'void (*)(TSpcTypedInterp<TEventWatcher>*, unsigned int)'} to 'u32' {aka 'unsigned int'} loses precision [-fpermissive]	1	src/System/EventWatcher.cpp	bindSystemDataToSymbol("isInsideCube", (u32)&evIsInsideCube);
compat64	ptr-truncation	src/System/EventWatcher.cpp	1657	45	error	cast from 'void (*)(TSpcTypedInterp<TEventWatcher>*, u32)' {aka 'void (*)(TSpcTypedInterp<TEventWatcher>*, unsigned int)'} to 'u32' {aka 'unsigned int'} loses precision [-fpermissive]	1	src/System/EventWatcher.cpp	bindSystemDataToSymbol("setMarioWaiting", (u32)&evSetMarioWaiting);
compat64	ptr-truncation	src/System/EventWatcher.cpp	1658	43	error	cast from 'void (*)(TSpcTypedInterp<TEventWatcher>*, u32)' {aka 'void (*)(TSpcTypedInterp<TEventWatcher>*, unsigned int)'} to 'u32' {aka 'unsigned int'} loses precision [-fpermissive]	1	src/System/EventWatcher.cpp	bindSystemDataToSymbol("setTransScale", (u32)&evSetTransScale);
compat64	ptr-truncation	src/System/EventWatcher.cpp	1659	40	error	cast from 'void (*)(TSpcTypedInterp<TEventWatcher>*, u32)' {aka 'void (*)(TSpcTypedInterp<TEventWatcher>*, unsigned int)'} to 'u32' {aka 'unsigned int'} loses precision [-fpermissive]	1	src/System/EventWatcher.cpp	bindSystemDataToSymbol("setEventID", (u32)&evSetEventID);
compat64	ptr-truncation	src/System/EventWatcher.cpp	1660	38	error	cast from 'void (*)(TSpcTypedInterp<TEventWatcher>*, u32)' {aka 'void (*)(TSpcTypedInterp<TEventWatcher>*, unsigned int)'} to 'u32' {aka 'unsigned int'} loses precision [-fpermissive]	1	src/System/EventWatcher.cpp	bindSystemDataToSymbol("startBGM", (u32)&evStartBGM);
compat64	ptr-truncation	src/System/EventWatcher.cpp	1661	37	error	cast from 'void (*)(TSpcTypedInterp<TEventWatcher>*, u32)' {aka 'void (*)(TSpcTypedInterp<TEventWatcher>*, unsigned int)'} to 'u32' {aka 'unsigned int'} loses precision [-fpermissive]	1	src/System/EventWatcher.cpp	bindSystemDataToSymbol("stopBGM", (u32)&evStopBGM);
compat64	ptr-truncation	src/System/EventWatcher.cpp	1662	39	error	cast from 'void (*)(TSpcTypedInterp<TEventWatcher>*, u32)' {aka 'void (*)(TSpcTypedInterp<TEventWatcher>*, unsigned int)'} to 'u32' {aka 'unsigned int'} loses precision [-fpermissive]	1	src/System/EventWatcher.cpp	bindSystemDataToSymbol("startMiss", (u32)&evStartMiss);
compat64	ptr-truncation	src/System/EventWatcher.cpp	1663	37	error	cast from 'void (*)(TSpcTypedInterp<TEventWatcher>*, u32)' {aka 'void (*)(TSpcTypedInterp<TEventWatcher>*, unsigned int)'} to 'u32' {aka 'unsigned int'} loses precision [-fpermissive]	1	src/System/EventWatcher.cpp	bindSystemDataToSymbol("startSE", (u32)&evStartSE);
compat64	ptr-truncation	src/System/EventWatcher.cpp	1664	42	error	cast from 'void (*)(TSpcTypedInterp<TEventWatcher>*, u32)' {aka 'void (*)(TSpcTypedInterp<TEventWatcher>*, unsigned int)'} to 'u32' {aka 'unsigned int'} loses precision [-fpermissive]	1	src/System/EventWatcher.cpp	bindSystemDataToSymbol("startEventSE", (u32)&evStartEventSE);
compat64	ptr-truncation	src/System/EventWatcher.cpp	1665	44	error	cast from 'void (*)(TSpcTypedInterp<TEventWatcher>*, u32)' {aka 'void (*)(TSpcTypedInterp<TEventWatcher>*, unsigned int)'} to 'u32' {aka 'unsigned int'} loses precision [-fpermissive]	1	src/System/EventWatcher.cpp	bindSystemDataToSymbol("changeSunglass", (u32)&evChangeSunglass);
compat64	ptr-truncation	src/System/EventWatcher.cpp	1666	42	error	cast from 'void (*)(TSpcTypedInterp<TEventWatcher>*, u32)' {aka 'void (*)(TSpcTypedInterp<TEventWatcher>*, unsigned int)'} to 'u32' {aka 'unsigned int'} loses precision [-fpermissive]	1	src/System/EventWatcher.cpp	bindSystemDataToSymbol("setCollision", (u32)&evSetCollision);
compat64	ptr-truncation	src/System/EventWatcher.cpp	1667	39	error	cast from 'void (*)(TSpcTypedInterp<TEventWatcher>*, u32)' {aka 'void (*)(TSpcTypedInterp<TEventWatcher>*, unsigned int)'} to 'u32' {aka 'unsigned int'} loses precision [-fpermissive]	1	src/System/EventWatcher.cpp	bindSystemDataToSymbol("warpMario", (u32)&evWarpMario);
compat64	ptr-truncation	src/System/EventWatcher.cpp	1668	51	error	cast from 'void (*)(TSpcTypedInterp<TEventWatcher>*, u32)' {aka 'void (*)(TSpcTypedInterp<TEventWatcher>*, unsigned int)'} to 'u32' {aka 'unsigned int'} loses precision [-fpermissive]	1	src/System/EventWatcher.cpp	bindSystemDataToSymbol("startAppearJetBalloon", (u32)&evStartAppearJetBalloon);
compat64	ptr-truncation	src/System/EventWatcher.cpp	1669	53	error	cast from 'void (*)(TSpcTypedInterp<TEventWatcher>*, u32)' {aka 'void (*)(TSpcTypedInterp<TEventWatcher>*, unsigned int)'} to 'u32' {aka 'unsigned int'} loses precision [-fpermissive]	1	src/System/EventWatcher.cpp	bindSystemDataToSymbol("appear8RedCoinsAndTimer", (u32)&evAppear8RedCoinsAndTimer);
compat64	ptr-truncation	src/System/EventWatcher.cpp	1670	46	error	cast from 'void (*)(TSpcTypedInterp<TEventWatcher>*, u32)' {aka 'void (*)(TSpcTypedInterp<TEventWatcher>*, unsigned int)'} to 'u32' {aka 'unsigned int'} loses precision [-fpermissive]	1	src/System/EventWatcher.cpp	bindSystemDataToSymbol("warpFrontToMario", (u32)&evWarpFrontToMario);
compat64	ptr-truncation	src/System/EventWatcher.cpp	1671	43	error	cast from 'void (*)(TSpcTypedInterp<TEventWatcher>*, u32)' {aka 'void (*)(TSpcTypedInterp<TEventWatcher>*, unsigned int)'} to 'u32' {aka 'unsigned int'} loses precision [-fpermissive]	1	src/System/EventWatcher.cpp	bindSystemDataToSymbol("appearReadyGo", (u32)&evAppearReadyGo);
compat64	ptr-truncation	src/System/EventWatcher.cpp	1672	47	error	cast from 'void (*)(TSpcTypedInterp<TEventWatcher>*, u32)' {aka 'void (*)(TSpcTypedInterp<TEventWatcher>*, unsigned int)'} to 'u32' {aka 'unsigned int'} loses precision [-fpermissive]	1	src/System/EventWatcher.cpp	bindSystemDataToSymbol("onNeutralMarioKey", (u32)&evOnNeutralMarioKey);
compat64	ptr-truncation	src/System/EventWatcher.cpp	1673	43	error	cast from 'void (*)(TSpcTypedInterp<TEventWatcher>*, u32)' {aka 'void (*)(TSpcTypedInterp<TEventWatcher>*, unsigned int)'} to 'u32' {aka 'unsigned int'} loses precision [-fpermissive]	1	src/System/EventWatcher.cpp	bindSystemDataToSymbol("invalidatePad", (u32)&evInvalidatePad);
compat64	ptr-truncation	src/System/EventWatcher.cpp	1674	46	error	cast from 'void (*)(TSpcTypedInterp<TEventWatcher>*, u32)' {aka 'void (*)(TSpcTypedInterp<TEventWatcher>*, unsigned int)'} to 'u32' {aka 'unsigned int'} loses precision [-fpermissive]	1	src/System/EventWatcher.cpp	bindSystemDataToSymbol("startMontemanBGM", (u32)&evStartMontemanBGM);
compat64	ptr-truncation	src/System/EventWatcher.cpp	1675	50	error	cast from 'void (*)(TSpcTypedInterp<TEventWatcher>*, u32)' {aka 'void (*)(TSpcTypedInterp<TEventWatcher>*, unsigned int)'} to 'u32' {aka 'unsigned int'} loses precision [-fpermissive]	1	src/System/EventWatcher.cpp	bindSystemDataToSymbol("startMontemanFanfare", (u32)&evStartMontemanFanfare);
compat64	ptr-truncation	src/System/EventWatcher.cpp	1676	42	error	cast from 'void (*)(TSpcTypedInterp<TEventWatcher>*, u32)' {aka 'void (*)(TSpcTypedInterp<TEventWatcher>*, unsigned int)'} to 'u32' {aka 'unsigned int'} loses precision [-fpermissive]	1	src/System/EventWatcher.cpp	bindSystemDataToSymbol("checkWoodBox", (u32)&evCheckWoodBox);
compat64	ptr-truncation	src/System/EventWatcher.cpp	1677	44	error	cast from 'void (*)(TSpcTypedInterp<TEventWatcher>*, u32)' {aka 'void (*)(TSpcTypedInterp<TEventWatcher>*, unsigned int)'} to 'u32' {aka 'unsigned int'} loses precision [-fpermissive]	1	src/System/EventWatcher.cpp	bindSystemDataToSymbol("refreshWoodBox", (u32)&evRefreshWoodBox);
compat64	ptr-truncation	src/System/EventWatcher.cpp	1678	41	error	cast from 'void (*)(TSpcTypedInterp<TEventWatcher>*, u32)' {aka 'void (*)(TSpcTypedInterp<TEventWatcher>*, unsigned int)'} to 'u32' {aka 'unsigned int'} loses precision [-fpermissive]	1	src/System/EventWatcher.cpp	bindSystemDataToSymbol("killWoodBox", (u32)&evKillWoodBox);
compat64	ptr-truncation	src/System/EventWatcher.cpp	1679	46	error	cast from 'void (*)(TSpcTypedInterp<TEventWatcher>*, u32)' {aka 'void (*)(TSpcTypedInterp<TEventWatcher>*, unsigned int)'} to 'u32' {aka 'unsigned int'} loses precision [-fpermissive]	1	src/System/EventWatcher.cpp	bindSystemDataToSymbol("maniCoinFallDown", (u32)&evManiCoinDown);
compat64	ptr-truncation	src/System/EventWatcher.cpp	1680	48	error	cast from 'void (*)(TSpcTypedInterp<TEventWatcher>*, u32)' {aka 'void (*)(TSpcTypedInterp<TEventWatcher>*, unsigned int)'} to 'u32' {aka 'unsigned int'} loses precision [-fpermissive]	1	src/System/EventWatcher.cpp	bindSystemDataToSymbol("eggYoshiStartFruit", (u32)&evEggYoshiStartFruit);
compat64	ptr-truncation	src/System/EventWatcher.cpp	1681	39	error	cast from 'void (*)(TSpcTypedInterp<TEventWatcher>*, u32)' {aka 'void (*)(TSpcTypedInterp<TEventWatcher>*, unsigned int)'} to 'u32' {aka 'unsigned int'} loses precision [-fpermissive]	1	src/System/EventWatcher.cpp	bindSystemDataToSymbol("putNozzle", (u32)&evPutNozzle);
compat64	ptr-truncation	src/System/EventWatcher.cpp	1682	49	error	cast from 'void (*)(TSpcTypedInterp<TEventWatcher>*, u32)' {aka 'void (*)(TSpcTypedInterp<TEventWatcher>*, unsigned int)'} to 'u32' {aka 'unsigned int'} loses precision [-fpermissive]	1	src/System/EventWatcher.cpp	bindSystemDataToSymbol("startMareBottleDemo", (u32)&evStartMareBottleDemo);
compat64	ptr-truncation	src/System/EventWatcher.cpp	1683	52	error	cast from 'void (*)(TSpcTypedInterp<TEventWatcher>*, u32)' {aka 'void (*)(TSpcTypedInterp<TEventWatcher>*, unsigned int)'} to 'u32' {aka 'unsigned int'} loses precision [-fpermissive]	1	src/System/EventWatcher.cpp	bindSystemDataToSymbol("isFinishMareBottleDemo", (u32)&evIsFinishMareBottleDemo);
compat64	ptr-truncation	src/System/EventWatcher.cpp	1684	46	error	cast from 'void (*)(TSpcTypedInterp<TEventWatcher>*, u32)' {aka 'void (*)(TSpcTypedInterp<TEventWatcher>*, unsigned int)'} to 'u32' {aka 'unsigned int'} loses precision [-fpermissive]	1	src/System/EventWatcher.cpp	bindSystemDataToSymbol("isInsideFastCube", (u32)&evIsInsideFastCube);
compat64	ptr-truncation	src/System/EventWatcher.cpp	1685	51	error	cast from 'void (*)(TSpcTypedInterp<TEventWatcher>*, u32)' {aka 'void (*)(TSpcTypedInterp<TEventWatcher>*, unsigned int)'} to 'u32' {aka 'unsigned int'} loses precision [-fpermissive]	1	src/System/EventWatcher.cpp	bindSystemDataToSymbol("setEventForWaterMelon", (u32)&evSetEventForWaterMelon);
compat64	ptr-truncation	src/System/EventWatcher.cpp	1686	51	error	cast from 'void (*)(TSpcTypedInterp<TEventWatcher>*, u32)' {aka 'void (*)(TSpcTypedInterp<TEventWatcher>*, unsigned int)'} to 'u32' {aka 'unsigned int'} loses precision [-fpermissive]	1	src/System/EventWatcher.cpp	bindSystemDataToSymbol("isWaterMelonIsReached", (u32)&evIsWaterMelonIsReached);
compat64	ptr-truncation	src/THPPlayer/THPPlayer.c	337	13	error	cast from 'OSMessage' {aka 'void*'} to 'BOOL' {aka 'int'} loses precision [-fpermissive]	1	src/THPPlayer/THPPlayer.c	if ((BOOL)msg) {
compat64	ptr-width-flags	include/JSystem/J3D/J3DGraphBase/J3DPacket.hpp	184	31	error	right operand of shift expression '(1 << 63)' is greater than or equal to the precision 32 of the left operand [-fpermissive]	232	src/Animal/AnimalBase.cpp	DIFF_FLAG = 1 << DIFF_BIT,
compat64	ptr-width-flags	include/JSystem/J3D/J3DGraphBase/J3DPacket.hpp	184	34	error	enumerator value for 'DIFF_FLAG' is not an integer constant	232	src/Animal/AnimalBase.cpp	DIFF_FLAG = 1 << DIFF_BIT,
compat64	ptr-width-flags	include/JSystem/J3D/J3DGraphBase/J3DMaterial.hpp	125	33	error	right operand of shift expression '(1 << 63)' is greater than or equal to the precision 32 of the left operand [-fpermissive]	42	src/Camera/lensflare.cpp	DIFF_FLAG   = 1 << (sizeof(uintptr_t) * CHAR_BIT - 1),
compat64	ptr-width-flags	include/JSystem/J3D/J3DGraphBase/J3DMaterial.hpp	125	69	error	enumerator value for 'DIFF_FLAG' is not an integer constant	42	src/Camera/lensflare.cpp	DIFF_FLAG   = 1 << (sizeof(uintptr_t) * CHAR_BIT - 1),
compat64	ptr-width-flags	include/JSystem/J3D/J3DGraphBase/J3DMaterial.hpp	126	33	error	right operand of shift expression '(1 << 62)' is greater than or equal to the precision 32 of the left operand [-fpermissive]	42	src/Camera/lensflare.cpp	UNIQUE_FLAG = 1 << (sizeof(uintptr_t) * CHAR_BIT - 2),
compat64	ptr-width-flags	include/JSystem/J3D/J3DGraphBase/J3DMaterial.hpp	126	69	error	enumerator value for 'UNIQUE_FLAG' is not an integer constant	42	src/Camera/lensflare.cpp	UNIQUE_FLAG = 1 << (sizeof(uintptr_t) * CHAR_BIT - 2),
compat64	ref-binding	src/Enemy/bombhei.cpp	282	41	error	binding reference of type 'JGeometry::TVec3<float>&' to 'const JGeometry::TVec3<float>' discards qualifiers	1	src/Enemy/bombhei.cpp	smoke->generate(*BombheiPosition(this), mScaling);
compat64	ref-binding	src/Enemy/tobiPuku.cpp	898	44	error	binding reference of type 'JGeometry::TVec3<float>&' to 'const JGeometry::TVec3<float>' discards qualifiers	1	src/Enemy/tobiPuku.cpp	enemy->generate(getPosition(), mScaling);
compat64	ref-binding	src/GC2D/GCConsole2.cpp	833	71	error	cannot bind non-const lvalue reference of type 'TBoundPane*&' to an rvalue of type 'TBoundPane*'	1	src/GC2D/GCConsole2.cpp	changeCoinNum(console->unkD4[0], console->unkE0,
compat64	ref-binding	src/GC2D/GCConsole2.cpp	839	71	error	cannot bind non-const lvalue reference of type 'TBoundPane*&' to an rvalue of type 'TBoundPane*'	1	src/GC2D/GCConsole2.cpp	changeCoinNum(console->unkD4[1], console->unkE0, rest / 10,
compat64	ref-binding	src/GC2D/GCConsole2.cpp	844	63	error	cannot bind non-const lvalue reference of type 'TBoundPane*&' to an rvalue of type 'TBoundPane*'	1	src/GC2D/GCConsole2.cpp	changeCoinNum(console->unkD4[2], console->unkE0, rest % 10,
compat64	ref-binding	src/GC2D/GCConsole2.cpp	848	71	error	cannot bind non-const lvalue reference of type 'TBoundPane*&' to an rvalue of type 'TBoundPane*'	1	src/GC2D/GCConsole2.cpp	changeCoinNum(console->unkD4[0], console->unkE0,
compat64	ref-binding	src/GC2D/GCConsole2.cpp	851	63	error	cannot bind non-const lvalue reference of type 'TBoundPane*&' to an rvalue of type 'TBoundPane*'	1	src/GC2D/GCConsole2.cpp	changeCoinNum(console->unkD4[1], console->unkE0,
compat64	ref-binding	src/GC2D/MovieRumble.cpp	120	58	error	cannot bind non-const lvalue reference of type 'long int&' to a value of type 's32' {aka 'int'}	1	src/GC2D/MovieRumble.cpp	toolData->GetValue(group, "start_frame", unk1C);
compat64	ref-binding	src/GC2D/MovieRumble.cpp	121	56	error	cannot bind non-const lvalue reference of type 'long int&' to a value of type 's32' {aka 'int'}	1	src/GC2D/MovieRumble.cpp	toolData->GetValue(group, "end_frame", unk20);
compat64	ref-binding	src/System/MarDirectorInitECT.cpp	121	25	error	binding reference of type 'GXTexObj&' {aka '_GXTexObj&'} to 'const GXTexObj' {aka 'const _GXTexObj'} discards qualifiers	1	src/System/MarDirectorInitECT.cpp	GXTexObj& obj = *MarDirectorInitECTUnk60(mirrorCam);
compat64	size_t-width	src/JSystem/JKernel/JKRHeap.cpp	255	7	error	'operator new' takes type 'size_t' ('long unsigned int') as first parameter [-fpermissive]	1	src/JSystem/JKernel/JKRHeap.cpp	void* operator new(u32 byteCount)
compat64	size_t-width	src/JSystem/JKernel/JKRHeap.cpp	259	7	error	'operator new' takes type 'size_t' ('long unsigned int') as first parameter [-fpermissive]	1	src/JSystem/JKernel/JKRHeap.cpp	void* operator new(u32 byteCount, int alignment)
compat64	size_t-width	src/JSystem/JKernel/JKRHeap.cpp	263	7	error	'operator new' takes type 'size_t' ('long unsigned int') as first parameter [-fpermissive]	1	src/JSystem/JKernel/JKRHeap.cpp	void* operator new(u32 byteCount, JKRHeap* heap, int alignment)
compat64	size_t-width	src/JSystem/JKernel/JKRHeap.cpp	268	7	error	'operator new' takes type 'size_t' ('long unsigned int') as first parameter [-fpermissive]	1	src/JSystem/JKernel/JKRHeap.cpp	void* operator new[](u32 byteCount)
compat64	size_t-width	src/JSystem/JKernel/JKRHeap.cpp	272	7	error	'operator new' takes type 'size_t' ('long unsigned int') as first parameter [-fpermissive]	1	src/JSystem/JKernel/JKRHeap.cpp	void* operator new[](u32 byteCount, int alignment)
compat64	size_t-width	src/JSystem/JKernel/JKRHeap.cpp	276	7	error	'operator new' takes type 'size_t' ('long unsigned int') as first parameter [-fpermissive]	1	src/JSystem/JKernel/JKRHeap.cpp	void* operator new[](u32 byteCount, JKRHeap* heap, int alignment)
compat64	two-phase-lookup	include/JSystem/JGeometry/JGQuat4.hpp	62	20	error	'set' was not declared in this scope, and no declarations were found by argument-dependent lookup at the point of instantiation	12	src/Animal/AnimalBase.cpp	set(a.x * b.w + a.w * b.x + a.y * b.z - a.z * b.y,
compat64	two-phase-lookup	include/Camera/cameralib.hpp	86	44	error	'CLBTwoDegreeGeneralInbetween' was not declared in this scope, and no declarations were found by argument-dependent lookup at the point of instantiation	2	src/Camera/CameraNormal.cpp	return CLBTwoDegreeGeneralInbetween(param_1, param_2, param_3,
compat64	two-phase-lookup	include/JSystem/JGeometry/JGQuat4.hpp	49	20	error	'set' was not declared in this scope, and no declarations were found by argument-dependent lookup at the point of instantiation	2	src/Enemy/BathtubKiller.cpp	set(_x, _y, _z, _w);
compat64	two-phase-lookup	include/JSystem/JSupport/JSUList.hpp	180	60	error	'append' was not declared in this scope, and no declarations were found by argument-dependent lookup at the point of instantiation	2	src/JSystem/J2D/J2DPane.cpp	bool appendChild(JSUTree<T>* child) { return append(child); }
compat64	two-phase-lookup	include/JSystem/JSupport/JSUList.hpp	182	60	error	'remove' was not declared in this scope, and no declarations were found by argument-dependent lookup at the point of instantiation	1	src/JSystem/JKernel/JKRHeap.cpp	bool removeChild(JSUTree<T>* child) { return remove(child); }
compat64	u32-long-spelling	include/JSystem/JKernel/JKRArchive.hpp	121	21	error	conflicting return type specified for 'virtual s32 JKRArchive::getResSize(const void*) const'	19	src/GC2D/Guide.cpp	virtual s32 getResSize(const void*) const;
compat64	u32-long-spelling	include/JSystem/JKernel/JKRFileCache.hpp	35	21	error	conflicting return type specified for 'virtual s32 JKRFileCache::getResSize(const void*) const'	1	src/JSystem/JKernel/JKRFileCache.cpp	virtual s32 getResSize(const void*) const;
compat64	u32-long-spelling	src/Camera/sunmgr.cpp	112	6	error	no declaration matches 'void TSunMgr::perform(u32, JDrama::TGraphics*)'	1	src/Camera/sunmgr.cpp	void TSunMgr::perform(u32 cue, JDrama::TGraphics* graphics)
compat64	u32-long-spelling	src/GC2D/CardSave.cpp	81	12	error	no declaration matches 'TEProgress TCardSave::changeMode(s32)'	1	src/GC2D/CardSave.cpp	TEProgress TCardSave::changeMode(s32 param_1)
compat64	u32-long-spelling	src/GC2D/CardSave.cpp	359	6	error	no declaration matches 'void TCardSave::changeMessage(u32, u32, int)'	1	src/GC2D/CardSave.cpp	void TCardSave::changeMessage(u32, u32, int) { }
compat64	u32-long-spelling	src/GC2D/CardSave.cpp	380	6	error	no declaration matches 'void TCardSave::perform(u32, JDrama::TGraphics*)'	1	src/GC2D/CardSave.cpp	void TCardSave::perform(u32 cue, JDrama::TGraphics* graphics)
compat64	u32-long-spelling	src/GC2D/CardSave.cpp	398	6	error	no declaration matches 'void TCardSave::setMessage(J2DTextBox*, s32, u32)'	1	src/GC2D/CardSave.cpp	void TCardSave::setMessage(J2DTextBox* text_box, s32 param_2, u32 param_3)
compat64	u32-long-spelling	src/GC2D/CardSave.cpp	407	6	error	no declaration matches 'void TCardSave::setMessageC(J2DTextBox*, s32, u32)'	1	src/GC2D/CardSave.cpp	void TCardSave::setMessageC(J2DTextBox* text_box, s32 message_id, u32 size)
compat64	u32-long-spelling	src/GC2D/CardSave.cpp	1663	6	error	no declaration matches 'void TCardSave::changePattern(J2DPicture*, s16, u32)'	1	src/GC2D/CardSave.cpp	void TCardSave::changePattern(J2DPicture*, s16, u32) { }
compat64	u32-long-spelling	src/GC2D/MovieRumble.cpp	120	35	error	no matching function for call to 'GetValue(int&, const char [12], s32&)'	1	src/GC2D/MovieRumble.cpp	toolData->GetValue(group, "start_frame", unk1C);
compat64	u32-long-spelling	src/GC2D/MovieRumble.cpp	120	58	error	cannot bind rvalue '(const char*)((long int)((TMovieRumble*)this)->TMovieRumble::unk1C)' to 'const char*&'	1	src/GC2D/MovieRumble.cpp	toolData->GetValue(group, "start_frame", unk1C);
compat64	u32-long-spelling	src/GC2D/MovieRumble.cpp	121	35	error	no matching function for call to 'GetValue(int&, const char [10], s32&)'	1	src/GC2D/MovieRumble.cpp	toolData->GetValue(group, "end_frame", unk20);
compat64	u32-long-spelling	src/GC2D/MovieRumble.cpp	121	56	error	cannot bind rvalue '(const char*)((long int)((TMovieRumble*)this)->TMovieRumble::unk20)' to 'const char*&'	1	src/GC2D/MovieRumble.cpp	toolData->GetValue(group, "end_frame", unk20);
compat64	u32-long-spelling	src/JSystem/JKernel/JKRExpHeap.cpp	1030	1	error	no declaration matches 'JKRExpHeap::CMemBlock* JKRExpHeap::CMemBlock::allocBack(long unsigned int, unsigned char, unsigned char, unsigned char, unsigned char)'	1	src/JSystem/JKernel/JKRExpHeap.cpp	JKRExpHeap::CMemBlock::allocBack(unsigned long size, unsigned char groupID,
compat64	u32-long-spelling	src/JSystem/JKernel/JKRFileFinder.cpp	5	1	error	no declaration matches 'JKRArcFinder::JKRArcFinder(JKRArchive*, long int, long int)'	1	src/JSystem/JKernel/JKRFileFinder.cpp	JKRArcFinder::JKRArcFinder(JKRArchive* archive, long startindex, long entries)
compat64	u32-long-spelling	src/Map/MapDraw.cpp	100	6	error	no declaration matches 'void TMap::draw(long unsigned int, JDrama::TGraphics*) const'	1	src/Map/MapDraw.cpp	void TMap::draw(unsigned long, JDrama::TGraphics*) const { }
compat64	u32-long-spelling	src/Map/MapEvent.cpp	24	6	error	no declaration matches 'void TMapEvent::perform(u32, JDrama::TGraphics*)'	1	src/Map/MapEvent.cpp	void TMapEvent::perform(u32 cue, JDrama::TGraphics* graphics)
compat64	u32-long-spelling	src/Map/PollutionLayer.cpp	111	6	error	no declaration matches 'void TPollutionLayerWave::perform(u32, JDrama::TGraphics*)'	1	src/Map/PollutionLayer.cpp	void TPollutionLayerWave::perform(u32 cue, JDrama::TGraphics* graphics)
compat64	u32-long-spelling	src/MarioUtil/ToolData.cpp	22	24	error	no matching function for call to 'Koga::ToolData::getValue(int&, s32&, long int*) const'	1	src/MarioUtil/ToolData.cpp	return getValue(entryIndex, itemIndex, &pValueOut);
compat64	u32-long-spelling	src/MoveBG/MapObjGrass.cpp	247	6	error	no declaration matches 'void TMapObjGrassManager::entryGrassGroup(TMapObjGrassGroup*, s32)'	1	src/MoveBG/MapObjGrass.cpp	void TMapObjGrassManager::entryGrassGroup(TMapObjGrassGroup* param_1,
compat64	u32-long-spelling	src/MoveBG/MapObjTown.cpp	547	6	error	no declaration matches 'void THideObjInfo::action(s32)'	1	src/MoveBG/MapObjTown.cpp	void THideObjInfo::action(s32 param_1)
compat64	u32-long-spelling	src/NPC/NpcBase.cpp	900	6	error	no declaration matches 'void TBaseNPC::setBalloonMessage(u32, s32)'	1	src/NPC/NpcBase.cpp	void TBaseNPC::setBalloonMessage(u32 param_1, s32 param_2)
compat64	u32-long-spelling	src/System/MarNameRefGen.cpp	237	28	error	invalid new-expression of abstract class type 'TCardSave'	1	src/System/MarNameRefGen.cpp	return new TCardSave;
compat64	u32-long-spelling	src/System/MarNameRefGen_Map.cpp	37	28	error	invalid new-expression of abstract class type 'TSunMgr'	1	src/System/MarNameRefGen_Map.cpp	return new TSunMgr;
compat64	u32-long-spelling	src/System/MovieDirector.cpp	258	56	error	invalid new-expression of abstract class type 'TCardSave'	1	src/System/MovieDirector.cpp	unk24 = new TCardSave("card save", true);
